merged_name,bitwidth,mbff_cell,sb_cell_legacy,sb_families,sb_family_counts,sb_ck_caps,ck_before_sum,ck_after_mb,ck_saving,members
hier_top_mod_5/hier_top_mod_4/hier_top_mod_3/hier_top_mod_0_2/hier_mod_2/merged_1,4,SNPSHOPT25_FSDN4_V2_0P5,SNPSLOPT25_FSDNQ_V3_2,SNPSLOPT25_FSDNQ_V3_2;SNPSHOPT25_FSDN_V2_1;SNPSLOPT25_FSDNQ_V3_4,SNPSLOPT25_FSDNQ_V3_2:2;SNPSHOPT25_FSDN_V2_1:1;SNPSLOPT25_FSDNQ_V3_4:1,0.000982;0.000717;0.000982;0.000982,0.003662,0.003615,0.000047,hier_top_mod_5/hier_top_mod_4/hier_top_mod_3/hier_top_mod_0_2/hier_mod_2/mid2__164;hier_top_mod_5/hier_top_mod_4/hier_top_mod_3/hier_top_mod_0_2/hier_mod_2/foo2__214;hier_top_mod_5/hier_top_mod_4/hier_top_mod_3/hier_top_mod_0_2/hier_mod_2/foo2__114;hier_top_mod_5/hier_top_mod_4/hier_top_mod_3/hier_top_mod_0_2/hier_mod_2/mid2__218
hier_top_mod_5/hier_top_mod_4/hier_top_mod_3/hier_top_mod_2/hier_top_mod_0_0/hier_mod_3/merged_2,4,SNPSHOPT25_FSDN4_V2_0P5,SNPSHOPT25_FSDN_V2_4,SNPSHOPT25_FSDN_V2_4;SNPSROPT25_FSDN_V2_4;SNPSHOPT25_FSDN_V2_1;SNPSLOPT25_FSDN_V2_4,SNPSHOPT25_FSDN_V2_4:1;SNPSROPT25_FSDN_V2_4:1;SNPSHOPT25_FSDN_V2_1:1;SNPSLOPT25_FSDN_V2_4:1,0.000712;0.000706;0.000717;0.000743,0.002878,0.003615,-0.000737,hier_top_mod_5/hier_top_mod_4/hier_top_mod_3/hier_top_mod_2/hier_top_mod_0_0/hier_mod_3/mid2__105;hier_top_mod_5/hier_top_mod_4/hier_top_mod_3/hier_top_mod_2/hier_top_mod_0_0/hier_mod_3/mid2__141;hier_top_mod_5/hier_top_mod_4/hier_top_mod_3/hier_top_mod_2/hier_top_mod_0_0/hier_mod_3/foo2__241;hier_top_mod_5/hier_top_mod_4/hier_top_mod_3/hier_top_mod_2/hier_top_mod_0_0/hier_mod_3/mid2__81
hier_top_mod_5/hier_top_mod_4/hier_top_mod_3/hier_top_mod_2/hier_top_mod_1/hier_top_mod_0_1/hier_mod_1/merged_3,4,SNPSHOPT25_FSDN4_V2_0P5,SNPSHOPT25_FSDNQ_V3_2,SNPSHOPT25_FSDNQ_V3_2;SNPSHOPT25_FSDN_V2_1;SNPSLOPT25_FSDNQ_V3_4,SNPSHOPT25_FSDNQ_V3_2:1;SNPSHOPT25_FSDN_V2_1:2;SNPSLOPT25_FSDNQ_V3_4:1,0.000946;0.000717;0.000717;0.000982,0.003362,0.003615,-0.000253,hier_top_mod_5/hier_top_mod_4/hier_top_mod_3/hier_top_mod_2/hier_top_mod_1/hier_top_mod_0_1/hier_mod_1/mid2__263;hier_top_mod_5/hier_top_mod_4/hier_top_mod_3/hier_top_mod_2/hier_top_mod_1/hier_top_mod_0_1/hier_mod_1/mid11__272;hier_top_mod_5/hier_top_mod_4/hier_top_mod_3/hier_top_mod_2/hier_top_mod_1/hier_top_mod_0_1/hier_mod_1/mid11__56;hier_top_mod_5/hier_top_mod_4/hier_top_mod_3/hier_top_mod_2/hier_top_mod_1/hier_top_mod_0_1/hier_mod_1/mid11__64
hier_top_mod_5/hier_top_mod_4/hier_top_mod_3/hier_top_mod_0_2/hier_mod_2/merged_4,2,SNPSHOPT25_FSDN2_V2_0P5,SNPSHOPT25_FSDN_V2_1,SNPSHOPT25_FSDN_V2_1;SNPSLOPT25_FSDNQ_V3_4,SNPSHOPT25_FSDN_V2_1:1;SNPSLOPT25_FSDNQ_V3_4:1,0.000717;0.000982,0.001699,0.001667,0.000032,hier_top_mod_5/hier_top_mod_4/hier_top_mod_3/hier_top_mod_0_2/hier_mod_2/bar16__223;hier_top_mod_5/hier_top_mod_4/hier_top_mod_3/hier_top_mod_0_2/hier_mod_2/bar16__96
hier_top_mod_5/hier_top_mod_4/hier_top_mod_3/hier_top_mod_0_2/hier_mod_4/merged_5,4,SNPSHOPT25_FSDN4_V2_0P5,SNPSHOPT25_FSDN_V2_1,SNPSHOPT25_FSDN_V2_1;SNPSSLOPT25_FSDN_V2_1;SNPSROPT25_FSDNQ_V3_4;SNPSROPT25_FSDNQ_V3_1,SNPSHOPT25_FSDN_V2_1:1;SNPSSLOPT25_FSDN_V2_1:1;SNPSROPT25_FSDNQ_V3_4:1;SNPSROPT25_FSDNQ_V3_1:1,0.000717;0.000718;0.000938;0.001007,0.003380,0.003615,-0.000235,hier_top_mod_5/hier_top_mod_4/hier_top_mod_3/hier_top_mod_0_2/hier_mod_4/bar16__34;hier_top_mod_5/hier_top_mod_4/hier_top_mod_3/hier_top_mod_0_2/hier_mod_4/bar16__238;hier_top_mod_5/hier_top_mod_4/hier_top_mod_3/hier_top_mod_0_2/hier_mod_4/bar16__264;hier_top_mod_5/hier_top_mod_4/hier_top_mod_3/hier_top_mod_0_2/hier_mod_4/bar16__262
hier_top_mod_5/hier_top_mod_4/hier_top_mod_3/hier_top_mod_2/hier_top_mod_0_0/hier_mod_3/merged_6,4,SNPSHOPT25_FSDN4_V2_0P5,SNPSLOPT25_FSDNQ_V3_4,SNPSLOPT25_FSDN_V2_4;SNPSLOPT25_FSDNQ_V3_4;SNPSHOPT25_FSDN_V2_1;SNPSSLOPT25_FSDNQ_V3_1,SNPSLOPT25_FSDN_V2_4:1;SNPSLOPT25_FSDNQ_V3_4:1;SNPSHOPT25_FSDN_V2_1:1;SNPSSLOPT25_FSDNQ_V3_1:1,0.000982;0.000717;0.000743;0.001011,0.003453,0.003615,-0.000162,hier_top_mod_5/hier_top_mod_4/hier_top_mod_3/hier_top_mod_2/hier_top_mod_0_0/hier_mod_3/bar16__285;hier_top_mod_5/hier_top_mod_4/hier_top_mod_3/hier_top_mod_2/hier_top_mod_0_0/hier_mod_3/bar16__250;hier_top_mod_5/hier_top_mod_4/hier_top_mod_3/hier_top_mod_2/hier_top_mod_0_0/hier_mod_3/bar16__525;hier_top_mod_5/hier_top_mod_4/hier_top_mod_3/hier_top_mod_2/hier_top_mod_0_0/hier_mod_3/bar16__133
hier_top_mod_5/hier_top_mod_4/hier_top_mod_3/hier_top_mod_2/hier_top_mod_1/hier_mod_6/merged_7,4,SNPSHOPT25_FSDN4_V2_0P5,SNPSLOPT25_FSDN_V2_1,SNPSSLOPT25_FSDN_V2_4;SNPSLOPT25_FSDN_V2_1;SNPSSLOPT25_FSDN_V2_2;SNPSHOPT25_FSDN_V2_1,SNPSSLOPT25_FSDN_V2_4:1;SNPSLOPT25_FSDN_V2_1:1;SNPSSLOPT25_FSDN_V2_2:1;SNPSHOPT25_FSDN_V2_1:1,0.000748;0.000691;0.000717;0.000714,0.002870,0.003615,-0.000745,hier_top_mod_5/hier_top_mod_4/hier_top_mod_3/hier_top_mod_2/hier_top_mod_1/hier_mod_6/bar16__91;hier_top_mod_5/hier_top_mod_4/hier_top_mod_3/hier_top_mod_2/hier_top_mod_1/hier_mod_6/bar16__293;hier_top_mod_5/hier_top_mod_4/hier_top_mod_3/hier_top_mod_2/hier_top_mod_1/hier_mod_6/bar16__142;hier_top_mod_5/hier_top_mod_4/hier_top_mod_3/hier_top_mod_2/hier_top_mod_1/hier_mod_6/bar16__132
hier_top_mod_5/hier_top_mod_4/hier_top_mod_3/hier_top_mod_2/hier_top_mod_1/hier_top_mod_0_1/hier_mod_5/merged_8,4,SNPSHOPT25_FSDN4_V2_0P5,SNPSHOPT25_FSDNQ_V3_1,SNPSHOPT25_FSDN_V2_1;SNPSHOPT25_FSDNQ_V3_1;SNPSLOPT25_FSDN_V2_1;SNPSROPT25_FSDN_V2_2,SNPSHOPT25_FSDN_V2_1:1;SNPSHOPT25_FSDNQ_V3_1:1;SNPSLOPT25_FSDN_V2_1:1;SNPSROPT25_FSDN_V2_2:1,0.001014;0.000748;0.000685;0.000717,0.003163,0.003615,-0.000452,hier_top_mod_5/hier_top_mod_4/hier_top_mod_3/hier_top_mod_2/hier_top_mod_1/hier_top_mod_0_1/hier_mod_5/bar16__274;hier_top_mod_5/hier_top_mod_4/hier_top_mod_3/hier_top_mod_2/hier_top_mod_1/hier_top_mod_0_1/hier_mod_5/bar16__253;hier_top_mod_5/hier_top_mod_4/hier_top_mod_3/hier_top_mod_2/hier_top_mod_1/hier_top_mod_0_1/hier_mod_5/bar16__341;hier_top_mod_5/hier_top_mod_4/hier_top_mod_3/hier_top_mod_2/hier_top_mod_1/hier_top_mod_0_1/hier_mod_5/bar16__358
hier_top_mod_5/hier_top_mod_4/hier_top_mod_3/hier_top_mod_0_2/hier_mod_2/merged_9,4,SNPSHOPT25_FSDN4_V2_0P5,SNPSHOPT25_FSDN_V2_1,SNPSHOPT25_FSDNQ_V3_1;SNPSHOPT25_FSDN_V2_1;SNPSHOPT25_FSDN_V2_4;SNPSROPT25_FSDN_V2_2,SNPSHOPT25_FSDNQ_V3_1:1;SNPSHOPT25_FSDN_V2_1:1;SNPSHOPT25_FSDN_V2_4:1;SNPSROPT25_FSDN_V2_2:1,0.000717;0.001014;0.000685;0.000712,0.003127,0.003615,-0.000488,hier_top_mod_5/hier_top_mod_4/hier_top_mod_3/hier_top_mod_0_2/hier_mod_2/mid11__29;hier_top_mod_5/hier_top_mod_4/hier_top_mod_3/hier_top_mod_0_2/hier_mod_2/bar11__301;hier_top_mod_5/hier_top_mod_4/hier_top_mod_3/hier_top_mod_0_2/hier_mod_2/bar11__71;hier_top_mod_5/hier_top_mod_4/hier_top_mod_3/hier_top_mod_0_2/hier_mod_2/mid11__274
hier_top_mod_5/hier_top_mod_4/hier_top_mod_3/hier_top_mod_0_2/hier_mod_2/merged_10,4,SNPSHOPT25_FSDN4_V2_0P5,SNPSHOPT25_FSDN_V2_1,SNPSHOPT25_FSDNQ_V3_1;SNPSHOPT25_FSDN_V2_1;SNPSLOPT25_FSDNQ_V3_4;SNPSSLOPT25_FSDNQ_V3_1,SNPSHOPT25_FSDNQ_V3_1:1;SNPSHOPT25_FSDN_V2_1:1;SNPSLOPT25_FSDNQ_V3_4:1;SNPSSLOPT25_FSDNQ_V3_1:1,0.000717;0.001014;0.000982;0.001011,0.003724,0.003615,0.000109,hier_top_mod_5/hier_top_mod_4/hier_top_mod_3/hier_top_mod_0_2/hier_mod_2/mid11__83;hier_top_mod_5/hier_top_mod_4/hier_top_mod_3/hier_top_mod_0_2/hier_mod_2/bar10__211;hier_top_mod_5/hier_top_mod_4/hier_top_mod_3/hier_top_mod_0_2/hier_mod_2/bar10__168;hier_top_mod_5/hier_top_mod_4/hier_top_mod_3/hier_top_mod_0_2/hier_mod_2/bar10__367
hier_top_mod_5/hier_top_mod_4/hier_top_mod_3/hier_top_mod_2/hier_top_mod_0_0/hier_mod_0/merged_11,4,SNPSHOPT25_FSDN4_V2_0P5,SNPSHOPT25_FSDN_V2_2,SNPSHOPT25_FSDN_V2_2;SNPSSLOPT25_FSDN_V2_4;SNPSHOPT25_FSDN_V2_1;SNPSLOPT25_FSDNQ_V3_4,SNPSHOPT25_FSDN_V2_2:1;SNPSSLOPT25_FSDN_V2_4:1;SNPSHOPT25_FSDN_V2_1:1;SNPSLOPT25_FSDNQ_V3_4:1,0.000690;0.000714;0.000717;0.000982,0.003102,0.003615,-0.000513,hier_top_mod_5/hier_top_mod_4/hier_top_mod_3/hier_top_mod_2/hier_top_mod_0_0/hier_mod_0/mid11__165;hier_top_mod_5/hier_top_mod_4/hier_top_mod_3/hier_top_mod_2/hier_top_mod_0_0/hier_mod_0/bar11__591;hier_top_mod_5/hier_top_mod_4/hier_top_mod_3/hier_top_mod_2/hier_top_mod_0_0/hier_mod_0/mid11__380;hier_top_mod_5/hier_top_mod_4/hier_top_mod_3/hier_top_mod_2/hier_top_mod_0_0/hier_mod_0/mid11__145
hier_top_mod_5/hier_top_mod_4/hier_top_mod_3/hier_top_mod_2/hier_top_mod_0_0/hier_mod_3/merged_12,4,SNPSHOPT25_FSDN4_V2_0P5,SNPSHOPT25_FSDNQ_V3_4,SNPSROPT25_FSDN_V2_2;SNPSHOPT25_FSDNQ_V3_4;SNPSHOPT25_FSDN_V2_1;SNPSROPT25_FSDN_V2_4,SNPSROPT25_FSDN_V2_2:1;SNPSHOPT25_FSDNQ_V3_4:1;SNPSHOPT25_FSDN_V2_1:1;SNPSROPT25_FSDN_V2_4:1,0.000945;0.000685;0.000717;0.000706,0.003052,0.003615,-0.000563,hier_top_mod_5/hier_top_mod_4/hier_top_mod_3/hier_top_mod_2/hier_top_mod_0_0/hier_mod_3/mid11__325;hier_top_mod_5/hier_top_mod_4/hier_top_mod_3/hier_top_mod_2/hier_top_mod_0_0/hier_mod_3/mid11__66;hier_top_mod_5/hier_top_mod_4/hier_top_mod_3/hier_top_mod_2/hier_top_mod_0_0/hier_mod_3/bar11__169;hier_top_mod_5/hier_top_mod_4/hier_top_mod_3/hier_top_mod_2/hier_top_mod_0_0/hier_mod_3/bar11__72
hier_top_mod_5/hier_top_mod_4/hier_top_mod_3/hier_top_mod_2/hier_top_mod_1/hier_mod_6/merged_13,4,SNPSHOPT25_FSDN4_V2_0P5,SNPSLOPT25_FSDNQ_V3_1,SNPSLOPT25_FSDNQ_V3_1;SNPSHOPT25_FSDN_V2_4;SNPSLOPT25_FSDNQ_V3_2;SNPSHOPT25_FSDN_V2_1,SNPSLOPT25_FSDNQ_V3_1:1;SNPSHOPT25_FSDN_V2_4:1;SNPSLOPT25_FSDNQ_V3_2:1;SNPSHOPT25_FSDN_V2_1:1,0.001048;0.000712;0.000982;0.000717,0.003458,0.003615,-0.000157,hier_top_mod_5/hier_top_mod_4/hier_top_mod_3/hier_top_mod_2/hier_top_mod_1/hier_mod_6/mid11__116;hier_top_mod_5/hier_top_mod_4/hier_top_mod_3/hier_top_mod_2/hier_top_mod_1/hier_mod_6/mid11__166;hier_top_mod_5/hier_top_mod_4/hier_top_mod_3/hier_top_mod_2/hier_top_mod_1/hier_mod_6/mid11__9;hier_top_mod_5/hier_top_mod_4/hier_top_mod_3/hier_top_mod_2/hier_top_mod_1/hier_mod_6/mid11__218
hier_top_mod_5/hier_top_mod_4/hier_top_mod_3/hier_top_mod_2/hier_top_mod_1/hier_mod_6/merged_14,4,SNPSHOPT25_FSDN4_V2_0P5,SNPSLOPT25_FSDNQ_V3_4,SNPSLOPT25_FSDNQ_V3_4;SNPSHOPT25_FSDN_V2_1;SNPSHOPT25_FSDNQ_V3_4;SNPSLOPT25_FSDN_V2_1,SNPSLOPT25_FSDNQ_V3_4:1;SNPSHOPT25_FSDN_V2_1:1;SNPSHOPT25_FSDNQ_V3_4:1;SNPSLOPT25_FSDN_V2_1:1,0.000982;0.000717;0.000945;0.000748,0.003391,0.003615,-0.000224,hier_top_mod_5/hier_top_mod_4/hier_top_mod_3/hier_top_mod_2/hier_top_mod_1/hier_mod_6/bar10__330;hier_top_mod_5/hier_top_mod_4/hier_top_mod_3/hier_top_mod_2/hier_top_mod_1/hier_mod_6/bar10__187;hier_top_mod_5/hier_top_mod_4/hier_top_mod_3/hier_top_mod_2/hier_top_mod_1/hier_mod_6/bar11__249;hier_top_mod_5/hier_top_mod_4/hier_top_mod_3/hier_top_mod_2/hier_top_mod_1/hier_mod_6/bar10__271
hier_top_mod_5/hier_top_mod_4/hier_top_mod_3/hier_top_mod_2/hier_top_mod_1/hier_top_mod_0_1/hier_mod_1/merged_15,4,SNPSHOPT25_FSDN4_V2_0P5,SNPSLOPT25_FSDN_V2_1,SNPSLOPT25_FSDN_V2_1;SNPSROPT25_FSDNQ_V3_4;SNPSSLOPT25_FSDNQ_V3_4;SNPSHOPT25_FSDN_V2_1,SNPSLOPT25_FSDN_V2_1:1;SNPSROPT25_FSDNQ_V3_4:1;SNPSSLOPT25_FSDNQ_V3_4:1;SNPSHOPT25_FSDN_V2_1:1,0.000748;0.000938;0.000941;0.000717,0.003344,0.003615,-0.000271,hier_top_mod_5/hier_top_mod_4/hier_top_mod_3/hier_top_mod_2/hier_top_mod_1/hier_top_mod_0_1/hier_mod_1/mid11__221;hier_top_mod_5/hier_top_mod_4/hier_top_mod_3/hier_top_mod_2/hier_top_mod_1/hier_top_mod_0_1/hier_mod_1/bar10__120;hier_top_mod_5/hier_top_mod_4/hier_top_mod_3/hier_top_mod_2/hier_top_mod_1/hier_top_mod_0_1/hier_mod_1/mid11__238;hier_top_mod_5/hier_top_mod_4/hier_top_mod_3/hier_top_mod_2/hier_top_mod_1/hier_top_mod_0_1/hier_mod_1/bar11__520
hier_top_mod_5/hier_top_mod_4/hier_top_mod_3/hier_top_mod_2/hier_top_mod_1/hier_top_mod_0_1/hier_mod_1/merged_16,4,SNPSHOPT25_FSDN4_V2_0P5,SNPSLOPT25_FSDNQ_V3_2,SNPSLOPT25_FSDNQ_V3_2;SNPSHOPT25_FSDNQ_V3_4;SNPSROPT25_FSDNQ_V3_1;SNPSHOPT25_FSDN_V2_1,SNPSLOPT25_FSDNQ_V3_2:1;SNPSHOPT25_FSDNQ_V3_4:1;SNPSROPT25_FSDNQ_V3_1:1;SNPSHOPT25_FSDN_V2_1:1,0.000982;0.000945;0.001007;0.000717,0.003650,0.003615,0.000035,hier_top_mod_5/hier_top_mod_4/hier_top_mod_3/hier_top_mod_2/hier_top_mod_1/hier_top_mod_0_1/hier_mod_1/bar10__329;hier_top_mod_5/hier_top_mod_4/hier_top_mod_3/hier_top_mod_2/hier_top_mod_1/hier_top_mod_0_1/hier_mod_1/bar10__240;hier_top_mod_5/hier_top_mod_4/hier_top_mod_3/hier_top_mod_2/hier_top_mod_1/hier_top_mod_0_1/hier_mod_1/bar11__559;hier_top_mod_5/hier_top_mod_4/hier_top_mod_3/hier_top_mod_2/hier_top_mod_1/hier_top_mod_0_1/hier_mod_1/mid11__245
hier_top_mod_5/hier_top_mod_4/hier_top_mod_3/hier_top_mod_2/hier_top_mod_1/hier_top_mod_0_1/hier_mod_5/merged_17,4,SNPSHOPT25_FSDN4_V2_0P5,SNPSLOPT25_FSDNQ_V3_1,SNPSLOPT25_FSDNQ_V3_1;SNPSHOPT25_FSDN_V2_1;SNPSHOPT25_FSDNQ_V3_1;SNPSLOPT25_FSDNQ_V3_2,SNPSLOPT25_FSDNQ_V3_1:1;SNPSHOPT25_FSDN_V2_1:1;SNPSHOPT25_FSDNQ_V3_1:1;SNPSLOPT25_FSDNQ_V3_2:1,0.001048;0.001014;0.000982;0.000717,0.003760,0.003615,0.000145,hier_top_mod_5/hier_top_mod_4/hier_top_mod_3/hier_top_mod_2/hier_top_mod_1/hier_top_mod_0_1/hier_mod_5/bar11__526;hier_top_mod_5/hier_top_mod_4/hier_top_mod_3/hier_top_mod_2/hier_top_mod_1/hier_top_mod_0_1/hier_mod_5/mid11__134;hier_top_mod_5/hier_top_mod_4/hier_top_mod_3/hier_top_mod_2/hier_top_mod_1/hier_top_mod_0_1/hier_mod_5/mid11__252;hier_top_mod_5/hier_top_mod_4/hier_top_mod_3/hier_top_mod_2/hier_top_mod_1/hier_top_mod_0_1/hier_mod_5/mid11__2
hier_top_mod_5/hier_top_mod_4/hier_top_mod_3/hier_top_mod_2/hier_top_mod_1/hier_top_mod_0_1/hier_mod_5/merged_18,4,SNPSHOPT25_FSDN4_V2_0P5,SNPSSLOPT25_FSDNQ_V3_4,SNPSSLOPT25_FSDNQ_V3_4;SNPSLOPT25_FSDNQ_V3_1;SNPSHOPT25_FSDN_V2_4;SNPSHOPT25_FSDN_V2_1,SNPSSLOPT25_FSDNQ_V3_4:1;SNPSLOPT25_FSDNQ_V3_1:1;SNPSHOPT25_FSDN_V2_4:1;SNPSHOPT25_FSDN_V2_1:1,0.000941;0.001048;0.000712;0.000717,0.003418,0.003615,-0.000197,hier_top_mod_5/hier_top_mod_4/hier_top_mod_3/hier_top_mod_2/hier_top_mod_1/hier_top_mod_0_1/hier_mod_5/bar10__342;hier_top_mod_5/hier_top_mod_4/hier_top_mod_3/hier_top_mod_2/hier_top_mod_1/hier_top_mod_0_1/hier_mod_5/bar10__274;hier_top_mod_5/hier_top_mod_4/hier_top_mod_3/hier_top_mod_2/hier_top_mod_1/hier_top_mod_0_1/hier_mod_5/bar10__270;hier_top_mod_5/hier_top_mod_4/hier_top_mod_3/hier_top_mod_2/hier_top_mod_1/hier_top_mod_0_1/hier_mod_5/bar10__241
hier_top_mod_5/hier_top_mod_4/hier_top_mod_3/hier_top_mod_2/hier_top_mod_1/hier_top_mod_0_1/hier_mod_5/merged_19,4,SNPSHOPT25_FSDN4_V2_0P5,SNPSROPT25_FSDN_V2_1,SNPSROPT25_FSDN_V2_1;SNPSHOPT25_FSDN_V2_1;SNPSHOPT25_FSDN_V2_2;SNPSSLOPT25_FSDNQ_V3_1,SNPSROPT25_FSDN_V2_1:1;SNPSHOPT25_FSDN_V2_1:1;SNPSHOPT25_FSDN_V2_2:1;SNPSSLOPT25_FSDNQ_V3_1:1,0.000711;0.000717;0.001011;0.000690,0.003129,0.003615,-0.000486,hier_top_mod_5/hier_top_mod_4/hier_top_mod_3/hier_top_mod_2/hier_top_mod_1/hier_top_mod_0_1/hier_mod_5/mid11__92;hier_top_mod_5/hier_top_mod_4/hier_top_mod_3/hier_top_mod_2/hier_top_mod_1/hier_top_mod_0_1/hier_mod_5/mid11__110;hier_top_mod_5/hier_top_mod_4/hier_top_mod_3/hier_top_mod_2/hier_top_mod_1/hier_top_mod_0_1/hier_mod_5/bar10__16;hier_top_mod_5/hier_top_mod_4/hier_top_mod_3/hier_top_mod_2/hier_top_mod_1/hier_top_mod_0_1/hier_mod_5/mid11__57
hier_top_mod_5/hier_top_mod_4/hier_top_mod_3/hier_top_mod_0_2/hier_mod_2/merged_20,4,SNPSHOPT25_FSDN4_V2_0P5,SNPSROPT25_FSDNQ_V3_4,SNPSROPT25_FSDNQ_V3_4;SNPSHOPT25_FSDNQ_V3_4;SNPSHOPT25_FSDN_V2_1;SNPSSLOPT25_FSDNQ_V3_2,SNPSROPT25_FSDNQ_V3_4:1;SNPSHOPT25_FSDNQ_V3_4:1;SNPSHOPT25_FSDN_V2_1:1;SNPSSLOPT25_FSDNQ_V3_2:1,0.000938;0.000945;0.000942;0.000717,0.003542,0.003615,-0.000073,hier_top_mod_5/hier_top_mod_4/hier_top_mod_3/hier_top_mod_0_2/hier_mod_2/bar11__75;hier_top_mod_5/hier_top_mod_4/hier_top_mod_3/hier_top_mod_0_2/hier_mod_2/bar10__186;hier_top_mod_5/hier_top_mod_4/hier_top_mod_3/hier_top_mod_0_2/hier_mod_2/bar10__260;hier_top_mod_5/hier_top_mod_4/hier_top_mod_3/hier_top_mod_0_2/hier_mod_2/bar10__133
hier_top_mod_5/hier_top_mod_4/hier_top_mod_3/hier_top_mod_0_2/hier_mod_4/merged_21,4,SNPSHOPT25_FSDN4_V2_0P5,SNPSROPT25_FSDNQ_V3_4,SNPSLOPT25_FSDNQ_V3_2;SNPSROPT25_FSDNQ_V3_4;SNPSHOPT25_FSDN_V2_1;SNPSROPT25_FSDN_V2_2,SNPSLOPT25_FSDNQ_V3_2:1;SNPSROPT25_FSDNQ_V3_4:1;SNPSHOPT25_FSDN_V2_1:1;SNPSROPT25_FSDN_V2_2:1,0.000938;0.000717;0.000685;0.000982,0.003321,0.003615,-0.000294,hier_top_mod_5/hier_top_mod_4/hier_top_mod_3/hier_top_mod_0_2/hier_mod_4/bar10__66;hier_top_mod_5/hier_top_mod_4/hier_top_mod_3/hier_top_mod_0_2/hier_mod_4/bar10__25;hier_top_mod_5/hier_top_mod_4/hier_top_mod_3/hier_top_mod_0_2/hier_mod_4/bar10__332;hier_top_mod_5/hier_top_mod_4/hier_top_mod_3/hier_top_mod_0_2/hier_mod_4/bar10__221
hier_top_mod_5/hier_top_mod_4/hier_top_mod_3/hier_top_mod_2/hier_top_mod_0_0/hier_mod_0/merged_22,4,SNPSHOPT25_FSDN4_V2_0P5,SNPSSLOPT25_FSDN_V2_1,SNPSSLOPT25_FSDN_V2_1;SNPSHOPT25_FSDN_V2_1;SNPSLOPT25_FSDNQ_V3_1;SNPSHOPT25_FSDN_V2_2,SNPSSLOPT25_FSDN_V2_1:1;SNPSHOPT25_FSDN_V2_1:1;SNPSLOPT25_FSDNQ_V3_1:1;SNPSHOPT25_FSDN_V2_2:1,0.000718;0.000717;0.001048;0.000690,0.003172,0.003615,-0.000443,hier_top_mod_5/hier_top_mod_4/hier_top_mod_3/hier_top_mod_2/hier_top_mod_0_0/hier_mod_0/bar10__94;hier_top_mod_5/hier_top_mod_4/hier_top_mod_3/hier_top_mod_2/hier_top_mod_0_0/hier_mod_0/bar10__79;hier_top_mod_5/hier_top_mod_4/hier_top_mod_3/hier_top_mod_2/hier_top_mod_0_0/hier_mod_0/bar10__112;hier_top_mod_5/hier_top_mod_4/hier_top_mod_3/hier_top_mod_2/hier_top_mod_0_0/hier_mod_0/bar10__161
hier_top_mod_5/hier_top_mod_4/hier_top_mod_3/hier_top_mod_2/hier_top_mod_1/merged_23,4,SNPSHOPT25_FSDN4_V2_0P5,SNPSSLOPT25_FSDNQ_V3_4,SNPSSLOPT25_FSDNQ_V3_4;SNPSLOPT25_FSDN_V2_4;SNPSHOPT25_FSDN_V2_1,SNPSSLOPT25_FSDNQ_V3_4:2;SNPSLOPT25_FSDN_V2_4:1;SNPSHOPT25_FSDN_V2_1:1,0.000941;0.000743;0.000717;0.000941,0.003342,0.003615,-0.000273,hier_top_mod_5/hier_top_mod_4/hier_top_mod_3/hier_top_mod_2/hier_top_mod_1/bar10__369;hier_top_mod_5/hier_top_mod_4/hier_top_mod_3/hier_top_mod_2/hier_top_mod_1/bar10__57;hier_top_mod_5/hier_top_mod_4/hier_top_mod_3/hier_top_mod_2/hier_top_mod_1/bar10__349;hier_top_mod_5/hier_top_mod_4/hier_top_mod_3/hier_top_mod_2/hier_top_mod_1/bar11__27
hier_top_mod_5/hier_top_mod_4/hier_top_mod_3/hier_top_mod_2/hier_top_mod_1/merged_24,2,SNPSHOPT25_FSDN2_V2_0P5,SNPSHOPT25_FSDN_V2_1,SNPSHOPT25_FSDN_V2_1;SNPSROPT25_FSDN_V2_1,SNPSHOPT25_FSDN_V2_1:1;SNPSROPT25_FSDN_V2_1:1,0.000717;0.000711,0.001428,0.001667,-0.000239,hier_top_mod_5/hier_top_mod_4/hier_top_mod_3/hier_top_mod_2/hier_top_mod_1/bar10__376;hier_top_mod_5/hier_top_mod_4/hier_top_mod_3/hier_top_mod_2/hier_top_mod_1/bar10__115
hier_top_mod_5/hier_top_mod_4/hier_top_mod_3/hier_top_mod_0_2/merged_25,2,SNPSHOPT25_FSDN2_V2_0P5,SNPSROPT25_FSDN_V2_4,SNPSROPT25_FSDN_V2_4;SNPSHOPT25_FSDN_V2_1,SNPSROPT25_FSDN_V2_4:1;SNPSHOPT25_FSDN_V2_1:1,0.000706;0.000717,0.001423,0.001667,-0.000244,hier_top_mod_5/hier_top_mod_4/hier_top_mod_3/hier_top_mod_0_2/bar15__333;hier_top_mod_5/hier_top_mod_4/hier_top_mod_3/hier_top_mod_0_2/bar15__160
hier_top_mod_5/hier_top_mod_4/hier_top_mod_3/hier_top_mod_0_2/hier_mod_2/merged_26,4,SNPSHOPT25_FSDN4_V2_0P5,SNPSHOPT25_FSDN_V2_1,SNPSHOPT25_FSDNQ_V3_1;SNPSHOPT25_FSDN_V2_1;SNPSROPT25_FSDN_V2_2;SNPSLOPT25_FSDN_V2_1,SNPSHOPT25_FSDNQ_V3_1:1;SNPSHOPT25_FSDN_V2_1:1;SNPSROPT25_FSDN_V2_2:1;SNPSLOPT25_FSDN_V2_1:1,0.000717;0.000685;0.000748;0.001014,0.003163,0.003615,-0.000452,hier_top_mod_5/hier_top_mod_4/hier_top_mod_3/hier_top_mod_0_2/hier_mod_2/bar15__52;hier_top_mod_5/hier_top_mod_4/hier_top_mod_3/hier_top_mod_0_2/hier_mod_2/bar15__8;hier_top_mod_5/hier_top_mod_4/hier_top_mod_3/hier_top_mod_0_2/hier_mod_2/bar15__190;hier_top_mod_5/hier_top_mod_4/hier_top_mod_3/hier_top_mod_0_2/hier_mod_2/bar15__535
hier_top_mod_5/hier_top_mod_4/hier_top_mod_3/hier_top_mod_0_2/hier_mod_2/merged_27,4,SNPSHOPT25_FSDN4_V2_0P5,SNPSHOPT25_FSDN_V2_1,SNPSHOPT25_FSDN_V2_1;SNPSSLOPT25_FSDN_V2_4;SNPSLOPT25_FSDNQ_V3_1;SNPSHOPT25_FSDNQ_V3_4,SNPSHOPT25_FSDN_V2_1:1;SNPSSLOPT25_FSDN_V2_4:1;SNPSLOPT25_FSDNQ_V3_1:1;SNPSHOPT25_FSDNQ_V3_4:1,0.000717;0.001048;0.000945;0.000714,0.003423,0.003615,-0.000192,hier_top_mod_5/hier_top_mod_4/hier_top_mod_3/hier_top_mod_0_2/hier_mod_2/bar15__214;hier_top_mod_5/hier_top_mod_4/hier_top_mod_3/hier_top_mod_0_2/hier_mod_2/bar15__4;hier_top_mod_5/hier_top_mod_4/hier_top_mod_3/hier_top_mod_0_2/hier_mod_2/bar15__294;hier_top_mod_5/hier_top_mod_4/hier_top_mod_3/hier_top_mod_0_2/hier_mod_2/bar15__177
hier_top_mod_5/hier_top_mod_4/hier_top_mod_3/hier_top_mod_0_2/hier_mod_2/merged_28,4,SNPSHOPT25_FSDN4_V2_0P5,SNPSHOPT25_FSDN_V2_2,SNPSSLOPT25_FSDNQ_V3_1;SNPSHOPT25_FSDN_V2_2;SNPSHOPT25_FSDN_V2_1;SNPSHOPT25_FSDN_V2_4,SNPSSLOPT25_FSDNQ_V3_1:1;SNPSHOPT25_FSDN_V2_2:1;SNPSHOPT25_FSDN_V2_1:1;SNPSHOPT25_FSDN_V2_4:1,0.000690;0.000717;0.000712;0.001011,0.003129,0.003615,-0.000486,hier_top_mod_5/hier_top_mod_4/hier_top_mod_3/hier_top_mod_0_2/hier_mod_2/bar15__80;hier_top_mod_5/hier_top_mod_4/hier_top_mod_3/hier_top_mod_0_2/hier_mod_2/bar15__403;hier_top_mod_5/hier_top_mod_4/hier_top_mod_3/hier_top_mod_0_2/hier_mod_2/bar15__432;hier_top_mod_5/hier_top_mod_4/hier_top_mod_3/hier_top_mod_0_2/hier_mod_2/bar15__421
hier_top_mod_5/hier_top_mod_4/hier_top_mod_3/hier_top_mod_2/hier_top_mod_0_0/hier_mod_0/merged_29,4,SNPSHOPT25_FSDN4_V2_0P5,SNPSROPT25_FSDNQ_V3_1,SNPSROPT25_FSDNQ_V3_1;SNPSROPT25_FSDN_V2_2;SNPSHOPT25_FSDN_V2_1;SNPSHOPT25_FSDNQ_V3_1,SNPSROPT25_FSDNQ_V3_1:1;SNPSROPT25_FSDN_V2_2:1;SNPSHOPT25_FSDN_V2_1:1;SNPSHOPT25_FSDNQ_V3_1:1,0.001007;0.000685;0.001014;0.000717,0.003422,0.003615,-0.000193,hier_top_mod_5/hier_top_mod_4/hier_top_mod_3/hier_top_mod_2/hier_top_mod_0_0/hier_mod_0/bar15__496;hier_top_mod_5/hier_top_mod_4/hier_top_mod_3/hier_top_mod_2/hier_top_mod_0_0/hier_mod_0/bar15__170;hier_top_mod_5/hier_top_mod_4/hier_top_mod_3/hier_top_mod_2/hier_top_mod_0_0/hier_mod_0/bar15__508;hier_top_mod_5/hier_top_mod_4/hier_top_mod_3/hier_top_mod_2/hier_top_mod_0_0/hier_mod_0/bar15__511
hier_top_mod_5/hier_top_mod_4/hier_top_mod_3/hier_top_mod_2/hier_top_mod_0_0/hier_mod_3/merged_30,4,SNPSHOPT25_FSDN4_V2_0P5,SNPSSLOPT25_FSDNQ_V3_2,SNPSHOPT25_FSDN_V2_1;SNPSSLOPT25_FSDNQ_V3_2;SNPSLOPT25_FSDN_V2_1,SNPSHOPT25_FSDN_V2_1:1;SNPSSLOPT25_FSDNQ_V3_2:1;SNPSLOPT25_FSDN_V2_1:2,0.000942;0.000748;0.000748;0.000717,0.003154,0.003615,-0.000461,hier_top_mod_5/hier_top_mod_4/hier_top_mod_3/hier_top_mod_2/hier_top_mod_0_0/hier_mod_3/bar15__71;hier_top_mod_5/hier_top_mod_4/hier_top_mod_3/hier_top_mod_2/hier_top_mod_0_0/hier_mod_3/bar15__1;hier_top_mod_5/hier_top_mod_4/hier_top_mod_3/hier_top_mod_2/hier_top_mod_0_0/hier_mod_3/bar15__487;hier_top_mod_5/hier_top_mod_4/hier_top_mod_3/hier_top_mod_2/hier_top_mod_0_0/hier_mod_3/bar15__295
hier_top_mod_5/hier_top_mod_4/hier_top_mod_3/hier_top_mod_2/hier_top_mod_1/merged_31,2,SNPSHOPT25_FSDN2_V2_0P5,SNPSLOPT25_FSDNQ_V3_1,SNPSLOPT25_FSDNQ_V3_1;SNPSHOPT25_FSDN_V2_1,SNPSLOPT25_FSDNQ_V3_1:1;SNPSHOPT25_FSDN_V2_1:1,0.001048;0.000717,0.001765,0.001667,0.000098,hier_top_mod_5/hier_top_mod_4/hier_top_mod_3/hier_top_mod_2/hier_top_mod_1/bar15__301;hier_top_mod_5/hier_top_mod_4/hier_top_mod_3/hier_top_mod_2/hier_top_mod_1/bar15__565
hier_top_mod_5/hier_top_mod_4/hier_top_mod_3/hier_top_mod_2/hier_top_mod_1/hier_mod_6/merged_32,4,SNPSHOPT25_FSDN4_V2_0P5,SNPSHOPT25_FSDN_V2_1,SNPSHOPT25_FSDN_V2_1;SNPSLOPT25_FSDNQ_V3_1;SNPSLOPT25_FSDN_V2_1;SNPSROPT25_FSDNQ_V3_1,SNPSHOPT25_FSDN_V2_1:1;SNPSLOPT25_FSDNQ_V3_1:1;SNPSLOPT25_FSDN_V2_1:1;SNPSROPT25_FSDNQ_V3_1:1,0.000717;0.000748;0.001048;0.001007,0.003519,0.003615,-0.000096,hier_top_mod_5/hier_top_mod_4/hier_top_mod_3/hier_top_mod_2/hier_top_mod_1/hier_mod_6/bar15__268;hier_top_mod_5/hier_top_mod_4/hier_top_mod_3/hier_top_mod_2/hier_top_mod_1/hier_mod_6/bar15__406;hier_top_mod_5/hier_top_mod_4/hier_top_mod_3/hier_top_mod_2/hier_top_mod_1/hier_mod_6/bar15__571;hier_top_mod_5/hier_top_mod_4/hier_top_mod_3/hier_top_mod_2/hier_top_mod_1/hier_mod_6/bar15__388
hier_top_mod_5/hier_top_mod_4/hier_top_mod_3/hier_top_mod_2/hier_top_mod_1/hier_top_mod_0_1/hier_mod_5/merged_33,4,SNPSHOPT25_FSDN4_V2_0P5,SNPSHOPT25_FSDN_V2_2,SNPSSLOPT25_FSDNQ_V3_1;SNPSHOPT25_FSDN_V2_2;SNPSROPT25_FSDN_V2_1;SNPSHOPT25_FSDN_V2_1,SNPSSLOPT25_FSDNQ_V3_1:1;SNPSHOPT25_FSDN_V2_2:1;SNPSROPT25_FSDN_V2_1:1;SNPSHOPT25_FSDN_V2_1:1,0.000690;0.001011;0.000711;0.000717,0.003129,0.003615,-0.000486,hier_top_mod_5/hier_top_mod_4/hier_top_mod_3/hier_top_mod_2/hier_top_mod_1/hier_top_mod_0_1/hier_mod_5/bar15__593;hier_top_mod_5/hier_top_mod_4/hier_top_mod_3/hier_top_mod_2/hier_top_mod_1/hier_top_mod_0_1/hier_mod_5/bar15__16;hier_top_mod_5/hier_top_mod_4/hier_top_mod_3/hier_top_mod_2/hier_top_mod_1/hier_top_mod_0_1/hier_mod_5/bar15__7;hier_top_mod_5/hier_top_mod_4/hier_top_mod_3/hier_top_mod_2/hier_top_mod_1/hier_top_mod_0_1/hier_mod_5/bar15__106
hier_top_mod_5/hier_top_mod_4/hier_top_mod_3/hier_top_mod_2/hier_top_mod_1/hier_mod_6/merged_34,4,SNPSHOPT25_FSDN4_V2_0P5,SNPSSLOPT25_FSDN_V2_2,SNPSSLOPT25_FSDN_V2_2;SNPSHOPT25_FSDN_V2_1;SNPSHOPT25_FSDNQ_V3_1;SNPSROPT25_FSDNQ_V3_2,SNPSSLOPT25_FSDN_V2_2:1;SNPSHOPT25_FSDN_V2_1:1;SNPSHOPT25_FSDNQ_V3_1:1;SNPSROPT25_FSDNQ_V3_2:1,0.000691;0.001014;0.000717;0.000940,0.003362,0.003615,-0.000253,hier_top_mod_5/hier_top_mod_4/hier_top_mod_3/hier_top_mod_2/hier_top_mod_1/hier_mod_6/foo1__158;hier_top_mod_5/hier_top_mod_4/hier_top_mod_3/hier_top_mod_2/hier_top_mod_1/hier_mod_6/bar11__382;hier_top_mod_5/hier_top_mod_4/hier_top_mod_3/hier_top_mod_2/hier_top_mod_1/hier_mod_6/bar11__412;hier_top_mod_5/hier_top_mod_4/hier_top_mod_3/hier_top_mod_2/hier_top_mod_1/hier_mod_6/foo1__182
hier_top_mod_5/hier_top_mod_4/hier_top_mod_3/hier_top_mod_2/hier_top_mod_1/hier_top_mod_0_1/hier_mod_1/merged_35,4,SNPSHOPT25_FSDN4_V2_0P5,SNPSLOPT25_FSDN_V2_4,SNPSLOPT25_FSDN_V2_4;SNPSHOPT25_FSDN_V2_1;SNPSROPT25_FSDN_V2_4;SNPSLOPT25_FSDN_V2_1,SNPSLOPT25_FSDN_V2_4:1;SNPSHOPT25_FSDN_V2_1:1;SNPSROPT25_FSDN_V2_4:1;SNPSLOPT25_FSDN_V2_1:1,0.000743;0.000717;0.000706;0.000748,0.002913,0.003615,-0.000702,hier_top_mod_5/hier_top_mod_4/hier_top_mod_3/hier_top_mod_2/hier_top_mod_1/hier_top_mod_0_1/hier_mod_1/bar11__417;hier_top_mod_5/hier_top_mod_4/hier_top_mod_3/hier_top_mod_2/hier_top_mod_1/hier_top_mod_0_1/hier_mod_1/bar11__358;hier_top_mod_5/hier_top_mod_4/hier_top_mod_3/hier_top_mod_2/hier_top_mod_1/hier_top_mod_0_1/hier_mod_1/bar11__504;hier_top_mod_5/hier_top_mod_4/hier_top_mod_3/hier_top_mod_2/hier_top_mod_1/hier_top_mod_0_1/hier_mod_1/bar11__523
hier_top_mod_5/hier_top_mod_4/hier_top_mod_3/hier_top_mod_2/hier_top_mod_1/hier_top_mod_0_1/hier_mod_1/merged_36,4,SNPSHOPT25_FSDN4_V2_0P5,SNPSHOPT25_FSDNQ_V3_4,SNPSHOPT25_FSDNQ_V3_4;SNPSHOPT25_FSDN_V2_1;SNPSSLOPT25_FSDNQ_V3_1,SNPSHOPT25_FSDNQ_V3_4:1;SNPSHOPT25_FSDN_V2_1:1;SNPSSLOPT25_FSDNQ_V3_1:2,0.000945;0.000717;0.001011;0.001011,0.003683,0.003615,0.000068,hier_top_mod_5/hier_top_mod_4/hier_top_mod_3/hier_top_mod_2/hier_top_mod_1/hier_top_mod_0_1/hier_mod_1/bar11__33;hier_top_mod_5/hier_top_mod_4/hier_top_mod_3/hier_top_mod_2/hier_top_mod_1/hier_top_mod_0_1/hier_mod_1/bar11__439;hier_top_mod_5/hier_top_mod_4/hier_top_mod_3/hier_top_mod_2/hier_top_mod_1/hier_top_mod_0_1/hier_mod_1/bar11__511;hier_top_mod_5/hier_top_mod_4/hier_top_mod_3/hier_top_mod_2/hier_top_mod_1/hier_top_mod_0_1/hier_mod_1/bar11__592
hier_top_mod_5/hier_top_mod_4/hier_top_mod_3/hier_top_mod_0_2/hier_mod_4/merged_37,2,SNPSHOPT25_FSDN2_V2_0P5,SNPSHOPT25_FSDN_V2_1,SNPSHOPT25_FSDNQ_V3_1;SNPSHOPT25_FSDN_V2_1,SNPSHOPT25_FSDNQ_V3_1:1;SNPSHOPT25_FSDN_V2_1:1,0.000717;0.001014,0.001731,0.001667,0.000064,hier_top_mod_5/hier_top_mod_4/hier_top_mod_3/hier_top_mod_0_2/hier_mod_4/bar2__127;hier_top_mod_5/hier_top_mod_4/hier_top_mod_3/hier_top_mod_0_2/hier_mod_4/bar2__151
hier_top_mod_5/hier_top_mod_4/hier_top_mod_3/hier_top_mod_0_2/hier_mod_4/merged_38,2,SNPSHOPT25_FSDN2_V2_0P5,SNPSHOPT25_FSDN_V2_1,SNPSHOPT25_FSDNQ_V3_1;SNPSHOPT25_FSDN_V2_1,SNPSHOPT25_FSDNQ_V3_1:1;SNPSHOPT25_FSDN_V2_1:1,0.000717;0.001014,0.001731,0.001667,0.000064,hier_top_mod_5/hier_top_mod_4/hier_top_mod_3/hier_top_mod_0_2/hier_mod_4/bar13__251;hier_top_mod_5/hier_top_mod_4/hier_top_mod_3/hier_top_mod_0_2/hier_mod_4/bar13__707
hier_top_mod_5/hier_top_mod_4/hier_top_mod_3/hier_top_mod_2/hier_top_mod_0_0/hier_mod_0/merged_39,2,SNPSHOPT25_FSDN2_V2_0P5,SNPSROPT25_FSDNQ_V3_1,SNPSROPT25_FSDNQ_V3_1;SNPSHOPT25_FSDN_V2_1,SNPSROPT25_FSDNQ_V3_1:1;SNPSHOPT25_FSDN_V2_1:1,0.001007;0.000717,0.001724,0.001667,0.000057,hier_top_mod_5/hier_top_mod_4/hier_top_mod_3/hier_top_mod_2/hier_top_mod_0_0/hier_mod_0/bar13__182;hier_top_mod_5/hier_top_mod_4/hier_top_mod_3/hier_top_mod_2/hier_top_mod_0_0/hier_mod_0/bar13__62
hier_top_mod_5/hier_top_mod_4/hier_top_mod_3/hier_top_mod_2/hier_top_mod_0_0/hier_mod_3/merged_40,4,SNPSHOPT25_FSDN4_V2_0P5,SNPSROPT25_FSDN_V2_2,SNPSROPT25_FSDN_V2_2;SNPSLOPT25_FSDNQ_V3_2;SNPSROPT25_FSDN_V2_4;SNPSHOPT25_FSDN_V2_1,SNPSROPT25_FSDN_V2_2:1;SNPSLOPT25_FSDNQ_V3_2:1;SNPSROPT25_FSDN_V2_4:1;SNPSHOPT25_FSDN_V2_1:1,0.000685;0.000982;0.000706;0.000717,0.003089,0.003615,-0.000526,hier_top_mod_5/hier_top_mod_4/hier_top_mod_3/hier_top_mod_2/hier_top_mod_0_0/hier_mod_3/bar13__396;hier_top_mod_5/hier_top_mod_4/hier_top_mod_3/hier_top_mod_2/hier_top_mod_0_0/hier_mod_3/bar13__420;hier_top_mod_5/hier_top_mod_4/hier_top_mod_3/hier_top_mod_2/hier_top_mod_0_0/hier_mod_3/bar13__154;hier_top_mod_5/hier_top_mod_4/hier_top_mod_3/hier_top_mod_2/hier_top_mod_0_0/hier_mod_3/bar13__143
hier_top_mod_5/hier_top_mod_4/hier_top_mod_3/hier_top_mod_2/hier_top_mod_1/hier_top_mod_0_1/hier_mod_1/merged_41,4,SNPSHOPT25_FSDN4_V2_0P5,SNPSHOPT25_FSDN_V2_4,SNPSHOPT25_FSDN_V2_4;SNPSHOPT25_FSDN_V2_1;SNPSLOPT25_FSDN_V2_4;SNPSSLOPT25_FSDNQ_V3_1,SNPSHOPT25_FSDN_V2_4:1;SNPSHOPT25_FSDN_V2_1:1;SNPSLOPT25_FSDN_V2_4:1;SNPSSLOPT25_FSDNQ_V3_1:1,0.000712;0.000717;0.000743;0.001011,0.003182,0.003615,-0.000433,hier_top_mod_5/hier_top_mod_4/hier_top_mod_3/hier_top_mod_2/hier_top_mod_1/hier_top_mod_0_1/hier_mod_1/bar13__118;hier_top_mod_5/hier_top_mod_4/hier_top_mod_3/hier_top_mod_2/hier_top_mod_1/hier_top_mod_0_1/hier_mod_1/bar13__386;hier_top_mod_5/hier_top_mod_4/hier_top_mod_3/hier_top_mod_2/hier_top_mod_1/hier_top_mod_0_1/hier_mod_1/bar13__121;hier_top_mod_5/hier_top_mod_4/hier_top_mod_3/hier_top_mod_2/hier_top_mod_1/hier_top_mod_0_1/hier_mod_1/bar13__350
hier_top_mod_5/hier_top_mod_4/hier_top_mod_3/hier_top_mod_0_2/hier_mod_4/merged_42,4,SNPSHOPT25_FSDN4_V2_0P5,SNPSLOPT25_FSDN_V2_1,SNPSSLOPT25_FSDN_V2_4;SNPSLOPT25_FSDN_V2_1;SNPSHOPT25_FSDN_V2_1;SNPSLOPT25_FSDN_V2_4,SNPSSLOPT25_FSDN_V2_4:1;SNPSLOPT25_FSDN_V2_1:1;SNPSHOPT25_FSDN_V2_1:1;SNPSLOPT25_FSDN_V2_4:1,0.000748;0.000714;0.000717;0.000743,0.002921,0.003615,-0.000694,hier_top_mod_5/hier_top_mod_4/hier_top_mod_3/hier_top_mod_0_2/hier_mod_4/mid15__223;hier_top_mod_5/hier_top_mod_4/hier_top_mod_3/hier_top_mod_0_2/hier_mod_4/mid15__21;hier_top_mod_5/hier_top_mod_4/hier_top_mod_3/hier_top_mod_0_2/hier_mod_4/mid15__193;hier_top_mod_5/hier_top_mod_4/hier_top_mod_3/hier_top_mod_0_2/hier_mod_4/bar15__219
hier_top_mod_5/hier_top_mod_4/hier_top_mod_3/hier_top_mod_2/hier_top_mod_0_0/hier_mod_3/merged_43,4,SNPSHOPT25_FSDN4_V2_0P5,SNPSROPT25_FSDN_V2_2,SNPSHOPT25_FSDN_V2_4;SNPSROPT25_FSDN_V2_2;SNPSHOPT25_FSDN_V2_1,SNPSHOPT25_FSDN_V2_4:2;SNPSROPT25_FSDN_V2_2:1;SNPSHOPT25_FSDN_V2_1:1,0.000685;0.000712;0.000717;0.000712,0.002825,0.003615,-0.000790,hier_top_mod_5/hier_top_mod_4/hier_top_mod_3/hier_top_mod_2/hier_top_mod_0_0/hier_mod_3/mid15__419;hier_top_mod_5/hier_top_mod_4/hier_top_mod_3/hier_top_mod_2/hier_top_mod_0_0/hier_mod_3/mid15__141;hier_top_mod_5/hier_top_mod_4/hier_top_mod_3/hier_top_mod_2/hier_top_mod_0_0/hier_mod_3/mid15__301;hier_top_mod_5/hier_top_mod_4/hier_top_mod_3/hier_top_mod_2/hier_top_mod_0_0/hier_mod_3/mid15__303
hier_top_mod_5/hier_top_mod_4/hier_top_mod_3/hier_top_mod_2/hier_top_mod_1/hier_mod_6/merged_44,4,SNPSHOPT25_FSDN4_V2_0P5,SNPSHOPT25_FSDNQ_V3_2,SNPSHOPT25_FSDNQ_V3_2;SNPSSLOPT25_FSDN_V2_4;SNPSHOPT25_FSDN_V2_1;SNPSLOPT25_FSDN_V2_2,SNPSHOPT25_FSDNQ_V3_2:1;SNPSSLOPT25_FSDN_V2_4:1;SNPSHOPT25_FSDN_V2_1:1;SNPSLOPT25_FSDN_V2_2:1,0.000946;0.000714;0.000717;0.000721,0.003098,0.003615,-0.000517,hier_top_mod_5/hier_top_mod_4/hier_top_mod_3/hier_top_mod_2/hier_top_mod_1/hier_mod_6/bar15__104;hier_top_mod_5/hier_top_mod_4/hier_top_mod_3/hier_top_mod_2/hier_top_mod_1/hier_mod_6/mid15__291;hier_top_mod_5/hier_top_mod_4/hier_top_mod_3/hier_top_mod_2/hier_top_mod_1/hier_mod_6/mid15__517;hier_top_mod_5/hier_top_mod_4/hier_top_mod_3/hier_top_mod_2/hier_top_mod_1/hier_mod_6/mid15__359
hier_top_mod_5/hier_top_mod_4/hier_top_mod_3/hier_top_mod_0_2/hier_mod_4/merged_45,4,SNPSHOPT25_FSDN4_V2_0P5,SNPSLOPT25_FSDN_V2_2,SNPSLOPT25_FSDN_V2_2;SNPSLOPT25_FSDN_V2_4;SNPSROPT25_FSDN_V2_1;SNPSHOPT25_FSDN_V2_1,SNPSLOPT25_FSDN_V2_2:1;SNPSLOPT25_FSDN_V2_4:1;SNPSROPT25_FSDN_V2_1:1;SNPSHOPT25_FSDN_V2_1:1,0.000721;0.000743;0.000711;0.000717,0.002892,0.003615,-0.000723,hier_top_mod_5/hier_top_mod_4/hier_top_mod_3/hier_top_mod_0_2/hier_mod_4/foo8__56;hier_top_mod_5/hier_top_mod_4/hier_top_mod_3/hier_top_mod_0_2/hier_mod_4/foo8__111;hier_top_mod_5/hier_top_mod_4/hier_top_mod_3/hier_top_mod_0_2/hier_mod_4/foo8__88;hier_top_mod_5/hier_top_mod_4/hier_top_mod_3/hier_top_mod_0_2/hier_mod_4/foo8__187
hier_top_mod_5/hier_top_mod_4/hier_top_mod_3/hier_top_mod_2/hier_top_mod_1/hier_mod_6/merged_46,4,SNPSHOPT25_FSDN4_V2_0P5,SNPSHOPT25_FSDN_V2_1,SNPSHOPT25_FSDN_V2_1;SNPSROPT25_FSDN_V2_4;SNPSROPT25_FSDNQ_V3_1,SNPSHOPT25_FSDN_V2_1:2;SNPSROPT25_FSDN_V2_4:1;SNPSROPT25_FSDNQ_V3_1:1,0.000717;0.000717;0.000706;0.001007,0.003147,0.003615,-0.000468,hier_top_mod_5/hier_top_mod_4/hier_top_mod_3/hier_top_mod_2/hier_top_mod_1/hier_mod_6/foo8__241;hier_top_mod_5/hier_top_mod_4/hier_top_mod_3/hier_top_mod_2/hier_top_mod_1/hier_mod_6/foo8__79;hier_top_mod_5/hier_top_mod_4/hier_top_mod_3/hier_top_mod_2/hier_top_mod_1/hier_mod_6/foo8__198;hier_top_mod_5/hier_top_mod_4/hier_top_mod_3/hier_top_mod_2/hier_top_mod_1/hier_mod_6/foo8__226
hier_top_mod_5/hier_top_mod_4/hier_top_mod_3/hier_top_mod_0_2/merged_47,4,SNPSHOPT25_FSDN4_V2_0P5,SNPSHOPT25_FSDNQ_V3_1,SNPSHOPT25_FSDN_V2_1;SNPSHOPT25_FSDNQ_V3_1;SNPSSLOPT25_FSDN_V2_2;SNPSROPT25_FSDNQ_V3_1,SNPSHOPT25_FSDN_V2_1:1;SNPSHOPT25_FSDNQ_V3_1:1;SNPSSLOPT25_FSDN_V2_2:1;SNPSROPT25_FSDNQ_V3_1:1,0.001014;0.001007;0.000691;0.000717,0.003429,0.003615,-0.000186,hier_top_mod_5/hier_top_mod_4/hier_top_mod_3/hier_top_mod_0_2/bar16__58;hier_top_mod_5/hier_top_mod_4/hier_top_mod_3/hier_top_mod_0_2/bar16__370;hier_top_mod_5/hier_top_mod_4/hier_top_mod_3/hier_top_mod_0_2/bar16__455;hier_top_mod_5/hier_top_mod_4/hier_top_mod_3/hier_top_mod_0_2/bar16__493
hier_top_mod_5/hier_top_mod_4/hier_top_mod_3/hier_top_mod_2/hier_top_mod_1/hier_mod_6/merged_48,2,SNPSHOPT25_FSDN2_V2_0P5,SNPSHOPT25_FSDN_V2_1,SNPSHOPT25_FSDN_V2_1;SNPSLOPT25_FSDN_V2_1,SNPSHOPT25_FSDN_V2_1:1;SNPSLOPT25_FSDN_V2_1:1,0.000717;0.000748,0.001464,0.001667,-0.000203,hier_top_mod_5/hier_top_mod_4/hier_top_mod_3/hier_top_mod_2/hier_top_mod_1/hier_mod_6/bar16__331;hier_top_mod_5/hier_top_mod_4/hier_top_mod_3/hier_top_mod_2/hier_top_mod_1/hier_mod_6/bar16__280
hier_top_mod_5/hier_top_mod_4/hier_top_mod_3/hier_top_mod_2/hier_top_mod_0_0/hier_mod_3/merged_49,4,SNPSHOPT25_FSDN4_V2_0P5,SNPSLOPT25_FSDNQ_V3_1,SNPSLOPT25_FSDNQ_V3_1;SNPSSLOPT25_FSDN_V2_1;SNPSSLOPT25_FSDNQ_V3_4;SNPSHOPT25_FSDN_V2_1,SNPSLOPT25_FSDNQ_V3_1:1;SNPSSLOPT25_FSDN_V2_1:1;SNPSSLOPT25_FSDNQ_V3_4:1;SNPSHOPT25_FSDN_V2_1:1,0.001048;0.000718;0.000941;0.000717,0.003424,0.003615,-0.000191,hier_top_mod_5/hier_top_mod_4/hier_top_mod_3/hier_top_mod_2/hier_top_mod_0_0/hier_mod_3/foo15__394;hier_top_mod_5/hier_top_mod_4/hier_top_mod_3/hier_top_mod_2/hier_top_mod_0_0/hier_mod_3/foo15__241;hier_top_mod_5/hier_top_mod_4/hier_top_mod_3/hier_top_mod_2/hier_top_mod_0_0/hier_mod_3/foo15__273;hier_top_mod_5/hier_top_mod_4/hier_top_mod_3/hier_top_mod_2/hier_top_mod_0_0/hier_mod_3/foo15__280
hier_top_mod_5/hier_top_mod_4/hier_top_mod_3/hier_top_mod_2/hier_top_mod_0_0/hier_mod_3/merged_50,4,SNPSHOPT25_FSDN4_V2_0P5,SNPSHOPT25_FSDN_V2_2,SNPSHOPT25_FSDN_V2_2;SNPSLOPT25_FSDNQ_V3_2;SNPSHOPT25_FSDN_V2_1;SNPSSLOPT25_FSDNQ_V3_2,SNPSHOPT25_FSDN_V2_2:1;SNPSLOPT25_FSDNQ_V3_2:1;SNPSHOPT25_FSDN_V2_1:1;SNPSSLOPT25_FSDNQ_V3_2:1,0.000690;0.000982;0.000942;0.000717,0.003330,0.003615,-0.000285,hier_top_mod_5/hier_top_mod_4/hier_top_mod_3/hier_top_mod_2/hier_top_mod_0_0/hier_mod_3/foo5__188;hier_top_mod_5/hier_top_mod_4/hier_top_mod_3/hier_top_mod_2/hier_top_mod_0_0/hier_mod_3/bar4__170;hier_top_mod_5/hier_top_mod_4/hier_top_mod_3/hier_top_mod_2/hier_top_mod_0_0/hier_mod_3/bar4__74;hier_top_mod_5/hier_top_mod_4/hier_top_mod_3/hier_top_mod_2/hier_top_mod_0_0/hier_mod_3/bar4__271
hier_top_mod_5/hier_top_mod_4/hier_top_mod_3/hier_top_mod_0_2/hier_mod_2/merged_51,4,SNPSHOPT25_FSDN4_V2_0P5,SNPSROPT25_FSDNQ_V3_1,SNPSROPT25_FSDNQ_V3_1;SNPSLOPT25_FSDN_V2_2;SNPSHOPT25_FSDN_V2_2;SNPSHOPT25_FSDN_V2_1,SNPSROPT25_FSDNQ_V3_1:1;SNPSLOPT25_FSDN_V2_2:1;SNPSHOPT25_FSDN_V2_2:1;SNPSHOPT25_FSDN_V2_1:1,0.001007;0.000721;0.000690;0.000717,0.003134,0.003615,-0.000481,hier_top_mod_5/hier_top_mod_4/hier_top_mod_3/hier_top_mod_0_2/hier_mod_2/bar15__64;hier_top_mod_5/hier_top_mod_4/hier_top_mod_3/hier_top_mod_0_2/hier_mod_2/bar15__83;hier_top_mod_5/hier_top_mod_4/hier_top_mod_3/hier_top_mod_0_2/hier_mod_2/bar15__485;hier_top_mod_5/hier_top_mod_4/hier_top_mod_3/hier_top_mod_0_2/hier_mod_2/bar15__538
hier_top_mod_5/hier_top_mod_4/hier_top_mod_3/hier_top_mod_2/hier_top_mod_1/hier_top_mod_0_1/hier_mod_5/merged_52,4,SNPSHOPT25_FSDN4_V2_0P5,SNPSSLOPT25_FSDNQ_V3_1,SNPSSLOPT25_FSDNQ_V3_1;SNPSHOPT25_FSDN_V2_1;SNPSLOPT25_FSDNQ_V3_2,SNPSSLOPT25_FSDNQ_V3_1:1;SNPSHOPT25_FSDN_V2_1:1;SNPSLOPT25_FSDNQ_V3_2:2,0.001011;0.000717;0.000982;0.000982,0.003691,0.003615,0.000076,hier_top_mod_5/hier_top_mod_4/hier_top_mod_3/hier_top_mod_2/hier_top_mod_1/hier_top_mod_0_1/hier_mod_5/bar15__502;hier_top_mod_5/hier_top_mod_4/hier_top_mod_3/hier_top_mod_2/hier_top_mod_1/hier_top_mod_0_1/hier_mod_5/bar15__376;hier_top_mod_5/hier_top_mod_4/hier_top_mod_3/hier_top_mod_2/hier_top_mod_1/hier_top_mod_0_1/hier_mod_5/bar15__275;hier_top_mod_5/hier_top_mod_4/hier_top_mod_3/hier_top_mod_2/hier_top_mod_1/hier_top_mod_0_1/hier_mod_5/mid15__551
hier_top_mod_5/hier_top_mod_4/hier_top_mod_3/hier_top_mod_0_2/hier_mod_2/merged_53,4,SNPSHOPT25_FSDN4_V2_0P5,SNPSLOPT25_FSDN_V2_1,SNPSLOPT25_FSDN_V2_1;SNPSHOPT25_FSDN_V2_1;SNPSSLOPT25_FSDN_V2_2,SNPSLOPT25_FSDN_V2_1:1;SNPSHOPT25_FSDN_V2_1:1;SNPSSLOPT25_FSDN_V2_2:2,0.000748;0.000717;0.000691;0.000691,0.002847,0.003615,-0.000768,hier_top_mod_5/hier_top_mod_4/hier_top_mod_3/hier_top_mod_0_2/hier_mod_2/mid3__259;hier_top_mod_5/hier_top_mod_4/hier_top_mod_3/hier_top_mod_0_2/hier_mod_2/mid3__148;hier_top_mod_5/hier_top_mod_4/hier_top_mod_3/hier_top_mod_0_2/hier_mod_2/foo3__194;hier_top_mod_5/hier_top_mod_4/hier_top_mod_3/hier_top_mod_0_2/hier_mod_2/mid3__137
hier_top_mod_5/hier_top_mod_4/hier_top_mod_3/hier_top_mod_2/hier_top_mod_1/merged_54,2,SNPSHOPT25_FSDN2_V2_0P5,SNPSSLOPT25_FSDN_V2_4,SNPSSLOPT25_FSDN_V2_4;SNPSHOPT25_FSDN_V2_1,SNPSSLOPT25_FSDN_V2_4:1;SNPSHOPT25_FSDN_V2_1:1,0.000714;0.000717,0.001430,0.001667,-0.000237,hier_top_mod_5/hier_top_mod_4/hier_top_mod_3/hier_top_mod_2/hier_top_mod_1/mid3__246;hier_top_mod_5/hier_top_mod_4/hier_top_mod_3/hier_top_mod_2/hier_top_mod_1/mid3__121
hier_top_mod_5/hier_top_mod_4/hier_top_mod_3/hier_top_mod_0_2/hier_mod_4/merged_55,2,SNPSHOPT25_FSDN2_V2_0P5,SNPSHOPT25_FSDN_V2_1,SNPSHOPT25_FSDN_V2_1;SNPSROPT25_FSDNQ_V3_2,SNPSHOPT25_FSDN_V2_1:1;SNPSROPT25_FSDNQ_V3_2:1,0.000717;0.000940,0.001657,0.001667,-0.000010,hier_top_mod_5/hier_top_mod_4/hier_top_mod_3/hier_top_mod_0_2/hier_mod_4/foo5__79;hier_top_mod_5/hier_top_mod_4/hier_top_mod_3/hier_top_mod_0_2/hier_mod_4/bar4__122
hier_top_mod_5/hier_top_mod_4/hier_top_mod_3/hier_top_mod_2/hier_top_mod_0_0/hier_mod_3/merged_56,2,SNPSHOPT25_FSDN2_V2_0P5,SNPSLOPT25_FSDNQ_V3_4,SNPSLOPT25_FSDNQ_V3_4;SNPSHOPT25_FSDN_V2_1,SNPSLOPT25_FSDNQ_V3_4:1;SNPSHOPT25_FSDN_V2_1:1,0.000982;0.000717,0.001699,0.001667,0.000032,hier_top_mod_5/hier_top_mod_4/hier_top_mod_3/hier_top_mod_2/hier_top_mod_0_0/hier_mod_3/foo6__105;hier_top_mod_5/hier_top_mod_4/hier_top_mod_3/hier_top_mod_2/hier_top_mod_0_0/hier_mod_3/bar5__289
hier_top_mod_5/hier_top_mod_4/hier_top_mod_3/hier_top_mod_2/hier_top_mod_1/merged_57,2,SNPSHOPT25_FSDN2_V2_0P5,SNPSLOPT25_FSDN_V2_2,SNPSLOPT25_FSDN_V2_2;SNPSHOPT25_FSDN_V2_1,SNPSLOPT25_FSDN_V2_2:1;SNPSHOPT25_FSDN_V2_1:1,0.000721;0.000717,0.001438,0.001667,-0.000229,hier_top_mod_5/hier_top_mod_4/hier_top_mod_3/hier_top_mod_2/hier_top_mod_1/foo6__236;hier_top_mod_5/hier_top_mod_4/hier_top_mod_3/hier_top_mod_2/hier_top_mod_1/foo6__43
hier_top_mod_5/hier_top_mod_4/hier_top_mod_3/hier_top_mod_2/hier_top_mod_0_0/hier_mod_3/merged_58,2,SNPSHOPT25_FSDN2_V2_0P5,SNPSSLOPT25_FSDN_V2_4,SNPSSLOPT25_FSDN_V2_4;SNPSHOPT25_FSDN_V2_1,SNPSSLOPT25_FSDN_V2_4:1;SNPSHOPT25_FSDN_V2_1:1,0.000714;0.000717,0.001430,0.001667,-0.000237,hier_top_mod_5/hier_top_mod_4/hier_top_mod_3/hier_top_mod_2/hier_top_mod_0_0/hier_mod_3/bar5__63;hier_top_mod_5/hier_top_mod_4/hier_top_mod_3/hier_top_mod_2/hier_top_mod_0_0/hier_mod_3/mid5__211
hier_top_mod_5/hier_top_mod_4/hier_top_mod_3/hier_top_mod_2/hier_top_mod_1/hier_top_mod_0_1/hier_mod_5/merged_59,2,SNPSHOPT25_FSDN2_V2_0P5,SNPSHOPT25_FSDN_V2_1,SNPSHOPT25_FSDN_V2_1;SNPSLOPT25_FSDNQ_V3_4,SNPSHOPT25_FSDN_V2_1:1;SNPSLOPT25_FSDNQ_V3_4:1,0.000717;0.000982,0.001699,0.001667,0.000032,hier_top_mod_5/hier_top_mod_4/hier_top_mod_3/hier_top_mod_2/hier_top_mod_1/hier_top_mod_0_1/hier_mod_5/mid5__157;hier_top_mod_5/hier_top_mod_4/hier_top_mod_3/hier_top_mod_2/hier_top_mod_1/hier_top_mod_0_1/hier_mod_5/foo5__33
hier_top_mod_5/hier_top_mod_4/hier_top_mod_3/hier_top_mod_2/hier_top_mod_1/hier_mod_6/merged_60,2,SNPSHOPT25_FSDN2_V2_0P5,SNPSHOPT25_FSDN_V2_1,SNPSHOPT25_FSDN_V2_1;SNPSHOPT25_FSDN_V2_2,SNPSHOPT25_FSDN_V2_1:1;SNPSHOPT25_FSDN_V2_2:1,0.000717;0.000690,0.001406,0.001667,-0.000261,hier_top_mod_5/hier_top_mod_4/hier_top_mod_3/hier_top_mod_2/hier_top_mod_1/hier_mod_6/foo16__235;hier_top_mod_5/hier_top_mod_4/hier_top_mod_3/hier_top_mod_2/hier_top_mod_1/hier_mod_6/foo16__263
hier_top_mod_5/hier_top_mod_4/hier_top_mod_3/hier_top_mod_0_2/hier_mod_2/merged_61,4,SNPSHOPT25_FSDN4_V2_0P5,SNPSROPT25_FSDN_V2_1,SNPSROPT25_FSDN_V2_1;SNPSROPT25_FSDNQ_V3_2;SNPSHOPT25_FSDN_V2_1,SNPSROPT25_FSDN_V2_1:2;SNPSROPT25_FSDNQ_V3_2:1;SNPSHOPT25_FSDN_V2_1:1,0.000711;0.000940;0.000717;0.000711,0.003079,0.003615,-0.000536,hier_top_mod_5/hier_top_mod_4/hier_top_mod_3/hier_top_mod_0_2/hier_mod_2/mid6__211;hier_top_mod_5/hier_top_mod_4/hier_top_mod_3/hier_top_mod_0_2/hier_mod_2/mid5__35;hier_top_mod_5/hier_top_mod_4/hier_top_mod_3/hier_top_mod_0_2/hier_mod_2/mid5__184;hier_top_mod_5/hier_top_mod_4/hier_top_mod_3/hier_top_mod_0_2/hier_mod_2/mid5__139
hier_top_mod_5/hier_top_mod_4/hier_top_mod_3/hier_top_mod_2/hier_top_mod_1/hier_top_mod_0_1/hier_mod_1/merged_62,4,SNPSHOPT25_FSDN4_V2_0P5,SNPSLOPT25_FSDNQ_V3_2,SNPSLOPT25_FSDNQ_V3_2;SNPSLOPT25_FSDN_V2_4;SNPSHOPT25_FSDN_V2_1;SNPSSLOPT25_FSDN_V2_4,SNPSLOPT25_FSDNQ_V3_2:1;SNPSLOPT25_FSDN_V2_4:1;SNPSHOPT25_FSDN_V2_1:1;SNPSSLOPT25_FSDN_V2_4:1,0.000982;0.000743;0.000717;0.000714,0.003155,0.003615,-0.000460,hier_top_mod_5/hier_top_mod_4/hier_top_mod_3/hier_top_mod_2/hier_top_mod_1/hier_top_mod_0_1/hier_mod_1/mid6__209;hier_top_mod_5/hier_top_mod_4/hier_top_mod_3/hier_top_mod_2/hier_top_mod_1/hier_top_mod_0_1/hier_mod_1/mid6__126;hier_top_mod_5/hier_top_mod_4/hier_top_mod_3/hier_top_mod_2/hier_top_mod_1/hier_top_mod_0_1/hier_mod_1/mid5__238;hier_top_mod_5/hier_top_mod_4/hier_top_mod_3/hier_top_mod_2/hier_top_mod_1/hier_top_mod_0_1/hier_mod_1/mid5__39
hier_top_mod_5/hier_top_mod_4/hier_top_mod_3/hier_top_mod_0_2/hier_mod_4/merged_63,4,SNPSHOPT25_FSDN4_V2_0P5,SNPSLOPT25_FSDNQ_V3_2,SNPSLOPT25_FSDNQ_V3_2;SNPSHOPT25_FSDN_V2_1;SNPSROPT25_FSDNQ_V3_2;SNPSHOPT25_FSDN_V2_2,SNPSLOPT25_FSDNQ_V3_2:1;SNPSHOPT25_FSDN_V2_1:1;SNPSROPT25_FSDNQ_V3_2:1;SNPSHOPT25_FSDN_V2_2:1,0.000982;0.000717;0.000940;0.000690,0.003328,0.003615,-0.000287,hier_top_mod_5/hier_top_mod_4/hier_top_mod_3/hier_top_mod_0_2/hier_mod_4/bar8__80;hier_top_mod_5/hier_top_mod_4/hier_top_mod_3/hier_top_mod_0_2/hier_mod_4/bar8__235;hier_top_mod_5/hier_top_mod_4/hier_top_mod_3/hier_top_mod_0_2/hier_mod_4/bar8__221;hier_top_mod_5/hier_top_mod_4/hier_top_mod_3/hier_top_mod_0_2/hier_mod_4/mid8__239
hier_top_mod_5/hier_top_mod_4/hier_top_mod_3/hier_top_mod_2/hier_top_mod_0_0/hier_mod_0/merged_64,4,SNPSHOPT25_FSDN4_V2_0P5,SNPSHOPT25_FSDN_V2_1,SNPSHOPT25_FSDN_V2_1;SNPSROPT25_FSDN_V2_4;SNPSLOPT25_FSDNQ_V3_4;SNPSLOPT25_FSDN_V2_1,SNPSHOPT25_FSDN_V2_1:1;SNPSROPT25_FSDN_V2_4:1;SNPSLOPT25_FSDNQ_V3_4:1;SNPSLOPT25_FSDN_V2_1:1,0.000717;0.000706;0.000982;0.000748,0.003153,0.003615,-0.000462,hier_top_mod_5/hier_top_mod_4/hier_top_mod_3/hier_top_mod_2/hier_top_mod_0_0/hier_mod_0/mid9__94;hier_top_mod_5/hier_top_mod_4/hier_top_mod_3/hier_top_mod_2/hier_top_mod_0_0/hier_mod_0/foo9__27;hier_top_mod_5/hier_top_mod_4/hier_top_mod_3/hier_top_mod_2/hier_top_mod_0_0/hier_mod_0/foo9__294;hier_top_mod_5/hier_top_mod_4/hier_top_mod_3/hier_top_mod_2/hier_top_mod_0_0/hier_mod_0/foo9__100
hier_top_mod_5/hier_top_mod_4/hier_top_mod_3/hier_top_mod_2/hier_top_mod_0_0/hier_mod_0/merged_65,4,SNPSHOPT25_FSDN4_V2_0P5,SNPSLOPT25_FSDN_V2_1,SNPSLOPT25_FSDN_V2_1;SNPSHOPT25_FSDN_V2_1;SNPSSLOPT25_FSDNQ_V3_2;SNPSLOPT25_FSDNQ_V3_2,SNPSLOPT25_FSDN_V2_1:1;SNPSHOPT25_FSDN_V2_1:1;SNPSSLOPT25_FSDNQ_V3_2:1;SNPSLOPT25_FSDNQ_V3_2:1,0.000748;0.000942;0.000717;0.000982,0.003388,0.003615,-0.000227,hier_top_mod_5/hier_top_mod_4/hier_top_mod_3/hier_top_mod_2/hier_top_mod_0_0/hier_mod_0/foo9__46;hier_top_mod_5/hier_top_mod_4/hier_top_mod_3/hier_top_mod_2/hier_top_mod_0_0/hier_mod_0/mid8__95;hier_top_mod_5/hier_top_mod_4/hier_top_mod_3/hier_top_mod_2/hier_top_mod_0_0/hier_mod_0/foo9__70;hier_top_mod_5/hier_top_mod_4/hier_top_mod_3/hier_top_mod_2/hier_top_mod_0_0/hier_mod_0/bar8__188
hier_top_mod_5/hier_top_mod_4/hier_top_mod_3/hier_top_mod_2/hier_top_mod_0_0/hier_mod_0/merged_66,4,SNPSHOPT25_FSDN4_V2_0P5,SNPSROPT25_FSDN_V2_4,SNPSROPT25_FSDN_V2_4;SNPSHOPT25_FSDN_V2_1;SNPSLOPT25_FSDNQ_V3_4;SNPSROPT25_FSDNQ_V3_1,SNPSROPT25_FSDN_V2_4:1;SNPSHOPT25_FSDN_V2_1:1;SNPSLOPT25_FSDNQ_V3_4:1;SNPSROPT25_FSDNQ_V3_1:1,0.000706;0.000717;0.000982;0.001007,0.003412,0.003615,-0.000203,hier_top_mod_5/hier_top_mod_4/hier_top_mod_3/hier_top_mod_2/hier_top_mod_0_0/hier_mod_0/mid8__276;hier_top_mod_5/hier_top_mod_4/hier_top_mod_3/hier_top_mod_2/hier_top_mod_0_0/hier_mod_0/bar8__181;hier_top_mod_5/hier_top_mod_4/hier_top_mod_3/hier_top_mod_2/hier_top_mod_0_0/hier_mod_0/bar8__108;hier_top_mod_5/hier_top_mod_4/hier_top_mod_3/hier_top_mod_2/hier_top_mod_0_0/hier_mod_0/mid8__250
hier_top_mod_5/hier_top_mod_4/hier_top_mod_3/hier_top_mod_2/hier_top_mod_0_0/hier_mod_3/merged_67,4,SNPSHOPT25_FSDN4_V2_0P5,SNPSHOPT25_FSDN_V2_1,SNPSHOPT25_FSDN_V2_1;SNPSHOPT25_FSDNQ_V3_4;SNPSHOPT25_FSDN_V2_4;SNPSLOPT25_FSDNQ_V3_1,SNPSHOPT25_FSDN_V2_1:1;SNPSHOPT25_FSDNQ_V3_4:1;SNPSHOPT25_FSDN_V2_4:1;SNPSLOPT25_FSDNQ_V3_1:1,0.000717;0.000712;0.000945;0.001048,0.003421,0.003615,-0.000194,hier_top_mod_5/hier_top_mod_4/hier_top_mod_3/hier_top_mod_2/hier_top_mod_0_0/hier_mod_3/mid8__184;hier_top_mod_5/hier_top_mod_4/hier_top_mod_3/hier_top_mod_2/hier_top_mod_0_0/hier_mod_3/bar8__21;hier_top_mod_5/hier_top_mod_4/hier_top_mod_3/hier_top_mod_2/hier_top_mod_0_0/hier_mod_3/bar8__180;hier_top_mod_5/hier_top_mod_4/hier_top_mod_3/hier_top_mod_2/hier_top_mod_0_0/hier_mod_3/bar8__79
hier_top_mod_5/hier_top_mod_4/hier_top_mod_3/hier_top_mod_2/hier_top_mod_1/hier_mod_6/merged_68,4,SNPSHOPT25_FSDN4_V2_0P5,SNPSHOPT25_FSDN_V2_1,SNPSHOPT25_FSDN_V2_1;SNPSLOPT25_FSDN_V2_1;SNPSROPT25_FSDNQ_V3_2;SNPSROPT25_FSDNQ_V3_4,SNPSHOPT25_FSDN_V2_1:1;SNPSLOPT25_FSDN_V2_1:1;SNPSROPT25_FSDNQ_V3_2:1;SNPSROPT25_FSDNQ_V3_4:1,0.000717;0.000748;0.000940;0.000938,0.003342,0.003615,-0.000273,hier_top_mod_5/hier_top_mod_4/hier_top_mod_3/hier_top_mod_2/hier_top_mod_1/hier_mod_6/foo9__205;hier_top_mod_5/hier_top_mod_4/hier_top_mod_3/hier_top_mod_2/hier_top_mod_1/hier_mod_6/foo9__127;hier_top_mod_5/hier_top_mod_4/hier_top_mod_3/hier_top_mod_2/hier_top_mod_1/hier_mod_6/foo9__29;hier_top_mod_5/hier_top_mod_4/hier_top_mod_3/hier_top_mod_2/hier_top_mod_1/hier_mod_6/foo9__300
hier_top_mod_5/hier_top_mod_4/hier_top_mod_3/hier_top_mod_2/hier_top_mod_1/hier_top_mod_0_1/hier_mod_5/merged_69,4,SNPSHOPT25_FSDN4_V2_0P5,SNPSROPT25_FSDN_V2_2,SNPSROPT25_FSDN_V2_2;SNPSSLOPT25_FSDN_V2_2;SNPSSLOPT25_FSDN_V2_4;SNPSHOPT25_FSDN_V2_1,SNPSROPT25_FSDN_V2_2:1;SNPSSLOPT25_FSDN_V2_2:1;SNPSSLOPT25_FSDN_V2_4:1;SNPSHOPT25_FSDN_V2_1:1,0.000685;0.000691;0.000714;0.000717,0.002807,0.003615,-0.000808,hier_top_mod_5/hier_top_mod_4/hier_top_mod_3/hier_top_mod_2/hier_top_mod_1/hier_top_mod_0_1/hier_mod_5/mid8__113;hier_top_mod_5/hier_top_mod_4/hier_top_mod_3/hier_top_mod_2/hier_top_mod_1/hier_top_mod_0_1/hier_mod_5/bar8__62;hier_top_mod_5/hier_top_mod_4/hier_top_mod_3/hier_top_mod_2/hier_top_mod_1/hier_top_mod_0_1/hier_mod_5/bar8__90;hier_top_mod_5/hier_top_mod_4/hier_top_mod_3/hier_top_mod_2/hier_top_mod_1/hier_top_mod_0_1/hier_mod_5/bar8__46
hier_top_mod_5/hier_top_mod_4/hier_top_mod_3/hier_top_mod_0_2/hier_mod_2/merged_70,4,SNPSHOPT25_FSDN4_V2_0P5,SNPSSLOPT25_FSDN_V2_2,SNPSSLOPT25_FSDN_V2_2;SNPSHOPT25_FSDN_V2_1;SNPSHOPT25_FSDNQ_V3_1,SNPSSLOPT25_FSDN_V2_2:2;SNPSHOPT25_FSDN_V2_1:1;SNPSHOPT25_FSDNQ_V3_1:1,0.000691;0.001014;0.000691;0.000717,0.003114,0.003615,-0.000501,hier_top_mod_5/hier_top_mod_4/hier_top_mod_3/hier_top_mod_0_2/hier_mod_2/bar9__188;hier_top_mod_5/hier_top_mod_4/hier_top_mod_3/hier_top_mod_0_2/hier_mod_2/bar9__169;hier_top_mod_5/hier_top_mod_4/hier_top_mod_3/hier_top_mod_0_2/hier_mod_2/foo9__248;hier_top_mod_5/hier_top_mod_4/hier_top_mod_3/hier_top_mod_0_2/hier_mod_2/bar9__10
hier_top_mod_5/hier_top_mod_4/hier_top_mod_3/hier_top_mod_2/hier_top_mod_0_0/hier_mod_0/merged_71,4,SNPSHOPT25_FSDN4_V2_0P5,SNPSLOPT25_FSDNQ_V3_2,SNPSLOPT25_FSDNQ_V3_2;SNPSHOPT25_FSDN_V2_1;SNPSROPT25_FSDN_V2_4;SNPSHOPT25_FSDNQ_V3_4,SNPSLOPT25_FSDNQ_V3_2:1;SNPSHOPT25_FSDN_V2_1:1;SNPSROPT25_FSDN_V2_4:1;SNPSHOPT25_FSDNQ_V3_4:1,0.000982;0.000717;0.000706;0.000945,0.003349,0.003615,-0.000266,hier_top_mod_5/hier_top_mod_4/hier_top_mod_3/hier_top_mod_2/hier_top_mod_0_0/hier_mod_0/bar9__233;hier_top_mod_5/hier_top_mod_4/hier_top_mod_3/hier_top_mod_2/hier_top_mod_0_0/hier_mod_0/bar9__199;hier_top_mod_5/hier_top_mod_4/hier_top_mod_3/hier_top_mod_2/hier_top_mod_0_0/hier_mod_0/bar9__156;hier_top_mod_5/hier_top_mod_4/hier_top_mod_3/hier_top_mod_2/hier_top_mod_0_0/hier_mod_0/foo9__258
hier_top_mod_5/hier_top_mod_4/hier_top_mod_3/hier_top_mod_2/hier_top_mod_0_0/hier_mod_3/merged_72,4,SNPSHOPT25_FSDN4_V2_0P5,SNPSROPT25_FSDN_V2_1,SNPSROPT25_FSDN_V2_1;SNPSSLOPT25_FSDN_V2_4;SNPSHOPT25_FSDN_V2_1,SNPSROPT25_FSDN_V2_1:1;SNPSSLOPT25_FSDN_V2_4:1;SNPSHOPT25_FSDN_V2_1:2,0.000711;0.000714;0.000717;0.000717,0.002859,0.003615,-0.000756,hier_top_mod_5/hier_top_mod_4/hier_top_mod_3/hier_top_mod_2/hier_top_mod_0_0/hier_mod_3/foo9__268;hier_top_mod_5/hier_top_mod_4/hier_top_mod_3/hier_top_mod_2/hier_top_mod_0_0/hier_mod_3/foo9__195;hier_top_mod_5/hier_top_mod_4/hier_top_mod_3/hier_top_mod_2/hier_top_mod_0_0/hier_mod_3/foo9__43;hier_top_mod_5/hier_top_mod_4/hier_top_mod_3/hier_top_mod_2/hier_top_mod_0_0/hier_mod_3/foo9__16
hier_top_mod_5/hier_top_mod_4/hier_top_mod_3/hier_top_mod_2/hier_top_mod_1/hier_mod_6/merged_73,4,SNPSHOPT25_FSDN4_V2_0P5,SNPSSLOPT25_FSDNQ_V3_2,SNPSHOPT25_FSDN_V2_1;SNPSSLOPT25_FSDNQ_V3_2;SNPSROPT25_FSDNQ_V3_1,SNPSHOPT25_FSDN_V2_1:1;SNPSSLOPT25_FSDNQ_V3_2:1;SNPSROPT25_FSDNQ_V3_1:2,0.000942;0.000717;0.001007;0.001007,0.003673,0.003615,0.000058,hier_top_mod_5/hier_top_mod_4/hier_top_mod_3/hier_top_mod_2/hier_top_mod_1/hier_mod_6/bar9__218;hier_top_mod_5/hier_top_mod_4/hier_top_mod_3/hier_top_mod_2/hier_top_mod_1/hier_mod_6/bar9__253;hier_top_mod_5/hier_top_mod_4/hier_top_mod_3/hier_top_mod_2/hier_top_mod_1/hier_mod_6/bar9__76;hier_top_mod_5/hier_top_mod_4/hier_top_mod_3/hier_top_mod_2/hier_top_mod_1/hier_mod_6/foo9__217
hier_top_mod_5/hier_top_mod_4/hier_top_mod_3/hier_top_mod_2/hier_top_mod_1/hier_mod_6/merged_74,4,SNPSHOPT25_FSDN4_V2_0P5,SNPSSLOPT25_FSDNQ_V3_4,SNPSSLOPT25_FSDNQ_V3_4;SNPSHOPT25_FSDN_V2_1;SNPSROPT25_FSDN_V2_2;SNPSROPT25_FSDNQ_V3_2,SNPSSLOPT25_FSDNQ_V3_4:1;SNPSHOPT25_FSDN_V2_1:1;SNPSROPT25_FSDN_V2_2:1;SNPSROPT25_FSDNQ_V3_2:1,0.000941;0.000717;0.000685;0.000940,0.003283,0.003615,-0.000332,hier_top_mod_5/hier_top_mod_4/hier_top_mod_3/hier_top_mod_2/hier_top_mod_1/hier_mod_6/bar9__246;hier_top_mod_5/hier_top_mod_4/hier_top_mod_3/hier_top_mod_2/hier_top_mod_1/hier_mod_6/bar9__64;hier_top_mod_5/hier_top_mod_4/hier_top_mod_3/hier_top_mod_2/hier_top_mod_1/hier_mod_6/foo9__26;hier_top_mod_5/hier_top_mod_4/hier_top_mod_3/hier_top_mod_2/hier_top_mod_1/hier_mod_6/foo9__218
hier_top_mod_5/hier_top_mod_4/hier_top_mod_3/hier_top_mod_2/hier_top_mod_1/hier_mod_6/merged_75,4,SNPSHOPT25_FSDN4_V2_0P5,SNPSROPT25_FSDNQ_V3_2,SNPSLOPT25_FSDN_V2_4;SNPSROPT25_FSDNQ_V3_2;SNPSHOPT25_FSDN_V2_2;SNPSHOPT25_FSDN_V2_1,SNPSLOPT25_FSDN_V2_4:1;SNPSROPT25_FSDNQ_V3_2:1;SNPSHOPT25_FSDN_V2_2:1;SNPSHOPT25_FSDN_V2_1:1,0.000940;0.000743;0.000690;0.000717,0.003089,0.003615,-0.000526,hier_top_mod_5/hier_top_mod_4/hier_top_mod_3/hier_top_mod_2/hier_top_mod_1/hier_mod_6/foo9__110;hier_top_mod_5/hier_top_mod_4/hier_top_mod_3/hier_top_mod_2/hier_top_mod_1/hier_mod_6/foo9__210;hier_top_mod_5/hier_top_mod_4/hier_top_mod_3/hier_top_mod_2/hier_top_mod_1/hier_mod_6/foo9__233;hier_top_mod_5/hier_top_mod_4/hier_top_mod_3/hier_top_mod_2/hier_top_mod_1/hier_mod_6/foo9__232
hier_top_mod_5/hier_top_mod_4/hier_top_mod_3/hier_top_mod_0_2/merged_76,4,SNPSHOPT25_FSDN4_V2_0P5,SNPSSLOPT25_FSDN_V2_4,SNPSSLOPT25_FSDN_V2_4;SNPSLOPT25_FSDNQ_V3_4;SNPSSLOPT25_FSDNQ_V3_4;SNPSHOPT25_FSDN_V2_1,SNPSSLOPT25_FSDN_V2_4:1;SNPSLOPT25_FSDNQ_V3_4:1;SNPSSLOPT25_FSDNQ_V3_4:1;SNPSHOPT25_FSDN_V2_1:1,0.000714;0.000982;0.000941;0.000717,0.003354,0.003615,-0.000261,hier_top_mod_5/hier_top_mod_4/hier_top_mod_3/hier_top_mod_0_2/mid16__165;hier_top_mod_5/hier_top_mod_4/hier_top_mod_3/hier_top_mod_0_2/foo16__540;hier_top_mod_5/hier_top_mod_4/hier_top_mod_3/hier_top_mod_0_2/mid16__465;hier_top_mod_5/hier_top_mod_4/hier_top_mod_3/hier_top_mod_0_2/mid7__4
hier_top_mod_5/hier_top_mod_4/hier_top_mod_3/hier_top_mod_2/hier_top_mod_1/hier_mod_6/merged_77,4,SNPSHOPT25_FSDN4_V2_0P5,SNPSHOPT25_FSDN_V2_1,SNPSHOPT25_FSDN_V2_1;SNPSHOPT25_FSDN_V2_2;SNPSROPT25_FSDN_V2_1;SNPSHOPT25_FSDNQ_V3_4,SNPSHOPT25_FSDN_V2_1:1;SNPSHOPT25_FSDN_V2_2:1;SNPSROPT25_FSDN_V2_1:1;SNPSHOPT25_FSDNQ_V3_4:1,0.000717;0.000690;0.000711;0.000945,0.003062,0.003615,-0.000553,hier_top_mod_5/hier_top_mod_4/hier_top_mod_3/hier_top_mod_2/hier_top_mod_1/hier_mod_6/mid16__229;hier_top_mod_5/hier_top_mod_4/hier_top_mod_3/hier_top_mod_2/hier_top_mod_1/hier_mod_6/mid16__446;hier_top_mod_5/hier_top_mod_4/hier_top_mod_3/hier_top_mod_2/hier_top_mod_1/hier_mod_6/mid16__130;hier_top_mod_5/hier_top_mod_4/hier_top_mod_3/hier_top_mod_2/hier_top_mod_1/hier_mod_6/mid12__215
hier_top_mod_5/hier_top_mod_4/hier_top_mod_3/hier_top_mod_0_2/hier_mod_2/merged_78,4,SNPSHOPT25_FSDN4_V2_0P5,SNPSLOPT25_FSDNQ_V3_2,SNPSLOPT25_FSDNQ_V3_2;SNPSSLOPT25_FSDN_V2_2;SNPSSLOPT25_FSDN_V2_1;SNPSHOPT25_FSDN_V2_1,SNPSLOPT25_FSDNQ_V3_2:1;SNPSSLOPT25_FSDN_V2_2:1;SNPSSLOPT25_FSDN_V2_1:1;SNPSHOPT25_FSDN_V2_1:1,0.000982;0.000691;0.000718;0.000717,0.003108,0.003615,-0.000507,hier_top_mod_5/hier_top_mod_4/hier_top_mod_3/hier_top_mod_0_2/hier_mod_2/bar14__304;hier_top_mod_5/hier_top_mod_4/hier_top_mod_3/hier_top_mod_0_2/hier_mod_2/bar14__340;hier_top_mod_5/hier_top_mod_4/hier_top_mod_3/hier_top_mod_0_2/hier_mod_2/bar14__150;hier_top_mod_5/hier_top_mod_4/hier_top_mod_3/hier_top_mod_0_2/hier_mod_2/bar14__459
hier_top_mod_5/hier_top_mod_4/hier_top_mod_3/hier_top_mod_2/hier_top_mod_1/hier_top_mod_0_1/hier_mod_5/merged_79,4,SNPSHOPT25_FSDN4_V2_0P5,SNPSLOPT25_FSDNQ_V3_4,SNPSLOPT25_FSDNQ_V3_4;SNPSSLOPT25_FSDNQ_V3_1;SNPSROPT25_FSDNQ_V3_1;SNPSHOPT25_FSDN_V2_1,SNPSLOPT25_FSDNQ_V3_4:1;SNPSSLOPT25_FSDNQ_V3_1:1;SNPSROPT25_FSDNQ_V3_1:1;SNPSHOPT25_FSDN_V2_1:1,0.000982;0.001011;0.001007;0.000717,0.003717,0.003615,0.000102,hier_top_mod_5/hier_top_mod_4/hier_top_mod_3/hier_top_mod_2/hier_top_mod_1/hier_top_mod_0_1/hier_mod_5/bar14__494;hier_top_mod_5/hier_top_mod_4/hier_top_mod_3/hier_top_mod_2/hier_top_mod_1/hier_top_mod_0_1/hier_mod_5/bar14__504;hier_top_mod_5/hier_top_mod_4/hier_top_mod_3/hier_top_mod_2/hier_top_mod_1/hier_top_mod_0_1/hier_mod_5/bar14__255;hier_top_mod_5/hier_top_mod_4/hier_top_mod_3/hier_top_mod_2/hier_top_mod_1/hier_top_mod_0_1/hier_mod_5/bar14__567
hier_top_mod_5/hier_top_mod_4/hier_top_mod_3/hier_top_mod_2/hier_top_mod_0_0/hier_mod_3/merged_80,2,SNPSHOPT25_FSDN2_V2_0P5,SNPSHOPT25_FSDN_V2_1,SNPSHOPT25_FSDN_V2_1;SNPSSLOPT25_FSDN_V2_2,SNPSHOPT25_FSDN_V2_1:1;SNPSSLOPT25_FSDN_V2_2:1,0.000717;0.000691,0.001408,0.001667,-0.000259,hier_top_mod_5/hier_top_mod_4/hier_top_mod_3/hier_top_mod_2/hier_top_mod_0_0/hier_mod_3/foo4__88;hier_top_mod_5/hier_top_mod_4/hier_top_mod_3/hier_top_mod_2/hier_top_mod_0_0/hier_mod_3/foo4__158
hier_top_mod_5/hier_top_mod_4/hier_top_mod_3/hier_top_mod_0_2/hier_mod_2/merged_81,4,SNPSHOPT25_FSDN4_V2_0P5,SNPSLOPT25_FSDN_V2_4,SNPSLOPT25_FSDN_V2_4;SNPSSLOPT25_FSDNQ_V3_1;SNPSHOPT25_FSDN_V2_1;SNPSLOPT25_FSDNQ_V3_1,SNPSLOPT25_FSDN_V2_4:1;SNPSSLOPT25_FSDNQ_V3_1:1;SNPSHOPT25_FSDN_V2_1:1;SNPSLOPT25_FSDNQ_V3_1:1,0.000743;0.001011;0.000717;0.001048,0.003519,0.003615,-0.000096,hier_top_mod_5/hier_top_mod_4/hier_top_mod_3/hier_top_mod_0_2/hier_mod_2/bar8__78;hier_top_mod_5/hier_top_mod_4/hier_top_mod_3/hier_top_mod_0_2/hier_mod_2/bar8__91;hier_top_mod_5/hier_top_mod_4/hier_top_mod_3/hier_top_mod_0_2/hier_mod_2/bar8__73;hier_top_mod_5/hier_top_mod_4/hier_top_mod_3/hier_top_mod_0_2/hier_mod_2/bar8__25
hier_top_mod_5/hier_top_mod_4/hier_top_mod_3/hier_top_mod_2/hier_top_mod_1/hier_mod_6/merged_82,4,SNPSHOPT25_FSDN4_V2_0P5,SNPSHOPT25_FSDN_V2_2,SNPSHOPT25_FSDN_V2_2;SNPSSLOPT25_FSDNQ_V3_2;SNPSHOPT25_FSDN_V2_1,SNPSHOPT25_FSDN_V2_2:1;SNPSSLOPT25_FSDNQ_V3_2:2;SNPSHOPT25_FSDN_V2_1:1,0.000690;0.000717;0.000942;0.000942,0.003290,0.003615,-0.000325,hier_top_mod_5/hier_top_mod_4/hier_top_mod_3/hier_top_mod_2/hier_top_mod_1/hier_mod_6/bar8__290;hier_top_mod_5/hier_top_mod_4/hier_top_mod_3/hier_top_mod_2/hier_top_mod_1/hier_mod_6/mid8__211;hier_top_mod_5/hier_top_mod_4/hier_top_mod_3/hier_top_mod_2/hier_top_mod_1/hier_mod_6/mid8__149;hier_top_mod_5/hier_top_mod_4/hier_top_mod_3/hier_top_mod_2/hier_top_mod_1/hier_mod_6/bar8__227
hier_top_mod_5/hier_top_mod_4/hier_top_mod_3/hier_top_mod_2/hier_top_mod_1/hier_mod_6/merged_83,4,SNPSHOPT25_FSDN4_V2_0P5,SNPSROPT25_FSDN_V2_1,SNPSROPT25_FSDN_V2_1;SNPSROPT25_FSDNQ_V3_4;SNPSLOPT25_FSDNQ_V3_1;SNPSHOPT25_FSDN_V2_1,SNPSROPT25_FSDN_V2_1:1;SNPSROPT25_FSDNQ_V3_4:1;SNPSLOPT25_FSDNQ_V3_1:1;SNPSHOPT25_FSDN_V2_1:1,0.000711;0.000938;0.001048;0.000717,0.003414,0.003615,-0.000201,hier_top_mod_5/hier_top_mod_4/hier_top_mod_3/hier_top_mod_2/hier_top_mod_1/hier_mod_6/mid8__274;hier_top_mod_5/hier_top_mod_4/hier_top_mod_3/hier_top_mod_2/hier_top_mod_1/hier_mod_6/mid12__311;hier_top_mod_5/hier_top_mod_4/hier_top_mod_3/hier_top_mod_2/hier_top_mod_1/hier_mod_6/bar8__160;hier_top_mod_5/hier_top_mod_4/hier_top_mod_3/hier_top_mod_2/hier_top_mod_1/hier_mod_6/mid8__238
hier_top_mod_5/hier_top_mod_4/hier_top_mod_3/hier_top_mod_2/hier_top_mod_1/hier_top_mod_0_1/hier_mod_5/merged_84,4,SNPSHOPT25_FSDN4_V2_0P5,SNPSHOPT25_FSDNQ_V3_2,SNPSHOPT25_FSDNQ_V3_2;SNPSROPT25_FSDN_V2_1;SNPSHOPT25_FSDN_V2_1;SNPSROPT25_FSDNQ_V3_2,SNPSHOPT25_FSDNQ_V3_2:1;SNPSROPT25_FSDN_V2_1:1;SNPSHOPT25_FSDN_V2_1:1;SNPSROPT25_FSDNQ_V3_2:1,0.000946;0.000711;0.000717;0.000940,0.003314,0.003615,-0.000301,hier_top_mod_5/hier_top_mod_4/hier_top_mod_3/hier_top_mod_2/hier_top_mod_1/hier_top_mod_0_1/hier_mod_5/mid8__101;hier_top_mod_5/hier_top_mod_4/hier_top_mod_3/hier_top_mod_2/hier_top_mod_1/hier_top_mod_0_1/hier_mod_5/bar8__136;hier_top_mod_5/hier_top_mod_4/hier_top_mod_3/hier_top_mod_2/hier_top_mod_1/hier_top_mod_0_1/hier_mod_5/bar8__208;hier_top_mod_5/hier_top_mod_4/hier_top_mod_3/hier_top_mod_2/hier_top_mod_1/hier_top_mod_0_1/hier_mod_5/bar8__59
hier_top_mod_5/hier_top_mod_4/hier_top_mod_3/hier_top_mod_2/hier_top_mod_1/hier_top_mod_0_1/hier_mod_5/merged_85,4,SNPSHOPT25_FSDN4_V2_0P5,SNPSHOPT25_FSDNQ_V3_4,SNPSHOPT25_FSDNQ_V3_4;SNPSROPT25_FSDNQ_V3_2;SNPSHOPT25_FSDN_V2_1;SNPSROPT25_FSDNQ_V3_1,SNPSHOPT25_FSDNQ_V3_4:1;SNPSROPT25_FSDNQ_V3_2:1;SNPSHOPT25_FSDN_V2_1:1;SNPSROPT25_FSDNQ_V3_1:1,0.000945;0.000940;0.000717;0.001007,0.003608,0.003615,-0.000007,hier_top_mod_5/hier_top_mod_4/hier_top_mod_3/hier_top_mod_2/hier_top_mod_1/hier_top_mod_0_1/hier_mod_5/bar8__45;hier_top_mod_5/hier_top_mod_4/hier_top_mod_3/hier_top_mod_2/hier_top_mod_1/hier_top_mod_0_1/hier_mod_5/bar8__275;hier_top_mod_5/hier_top_mod_4/hier_top_mod_3/hier_top_mod_2/hier_top_mod_1/hier_top_mod_0_1/hier_mod_5/mid8__103;hier_top_mod_5/hier_top_mod_4/hier_top_mod_3/hier_top_mod_2/hier_top_mod_1/hier_top_mod_0_1/hier_mod_5/mid8__34
hier_top_mod_5/hier_top_mod_4/hier_top_mod_3/hier_top_mod_2/hier_top_mod_1/hier_top_mod_0_1/hier_mod_5/merged_86,4,SNPSHOPT25_FSDN4_V2_0P5,SNPSLOPT25_FSDNQ_V3_2,SNPSLOPT25_FSDNQ_V3_2;SNPSHOPT25_FSDNQ_V3_1;SNPSHOPT25_FSDN_V2_1;SNPSSLOPT25_FSDNQ_V3_1,SNPSLOPT25_FSDNQ_V3_2:1;SNPSHOPT25_FSDNQ_V3_1:1;SNPSHOPT25_FSDN_V2_1:1;SNPSSLOPT25_FSDNQ_V3_1:1,0.000982;0.000717;0.001014;0.001011,0.003723,0.003615,0.000108,hier_top_mod_5/hier_top_mod_4/hier_top_mod_3/hier_top_mod_2/hier_top_mod_1/hier_top_mod_0_1/hier_mod_5/mid8__218;hier_top_mod_5/hier_top_mod_4/hier_top_mod_3/hier_top_mod_2/hier_top_mod_1/hier_top_mod_0_1/hier_mod_5/mid8__292;hier_top_mod_5/hier_top_mod_4/hier_top_mod_3/hier_top_mod_2/hier_top_mod_1/hier_top_mod_0_1/hier_mod_5/mid8__100;hier_top_mod_5/hier_top_mod_4/hier_top_mod_3/hier_top_mod_2/hier_top_mod_1/hier_top_mod_0_1/hier_mod_5/mid8__67
hier_top_mod_5/hier_top_mod_4/hier_top_mod_3/hier_top_mod_2/hier_top_mod_1/hier_mod_6/merged_87,2,SNPSHOPT25_FSDN2_V2_0P5,SNPSHOPT25_FSDN_V2_1,SNPSHOPT25_FSDN_V2_1;SNPSSLOPT25_FSDN_V2_1,SNPSHOPT25_FSDN_V2_1:1;SNPSSLOPT25_FSDN_V2_1:1,0.000717;0.000718,0.001435,0.001667,-0.000232,hier_top_mod_5/hier_top_mod_4/hier_top_mod_3/hier_top_mod_2/hier_top_mod_1/hier_mod_6/mid15__58;hier_top_mod_5/hier_top_mod_4/hier_top_mod_3/hier_top_mod_2/hier_top_mod_1/hier_mod_6/foo15__376
hier_top_mod_5/hier_top_mod_4/hier_top_mod_3/hier_top_mod_2/hier_top_mod_1/hier_mod_6/merged_88,2,SNPSHOPT25_FSDN2_V2_0P5,SNPSHOPT25_FSDN_V2_1,SNPSHOPT25_FSDN_V2_1;SNPSSLOPT25_FSDN_V2_2,SNPSHOPT25_FSDN_V2_1:1;SNPSSLOPT25_FSDN_V2_2:1,0.000717;0.000691,0.001408,0.001667,-0.000259,hier_top_mod_5/hier_top_mod_4/hier_top_mod_3/hier_top_mod_2/hier_top_mod_1/hier_mod_6/mid16__580;hier_top_mod_5/hier_top_mod_4/hier_top_mod_3/hier_top_mod_2/hier_top_mod_1/hier_mod_6/mid16__380
hier_top_mod_5/hier_top_mod_4/hier_top_mod_3/hier_top_mod_0_2/hier_mod_2/merged_89,2,SNPSHOPT25_FSDN2_V2_0P5,SNPSLOPT25_FSDNQ_V3_2,SNPSLOPT25_FSDNQ_V3_2;SNPSHOPT25_FSDN_V2_1,SNPSLOPT25_FSDNQ_V3_2:1;SNPSHOPT25_FSDN_V2_1:1,0.000982;0.000717,0.001698,0.001667,0.000031,hier_top_mod_5/hier_top_mod_4/hier_top_mod_3/hier_top_mod_0_2/hier_mod_2/mid6__47;hier_top_mod_5/hier_top_mod_4/hier_top_mod_3/hier_top_mod_0_2/hier_mod_2/mid7__193
hier_top_mod_5/hier_top_mod_4/hier_top_mod_3/hier_top_mod_0_2/hier_mod_4/merged_90,4,SNPSHOPT25_FSDN4_V2_0P5,SNPSHOPT25_FSDNQ_V3_2,SNPSSLOPT25_FSDNQ_V3_1;SNPSHOPT25_FSDNQ_V3_2;SNPSLOPT25_FSDNQ_V3_2;SNPSHOPT25_FSDN_V2_1,SNPSSLOPT25_FSDNQ_V3_1:1;SNPSHOPT25_FSDNQ_V3_2:1;SNPSLOPT25_FSDNQ_V3_2:1;SNPSHOPT25_FSDN_V2_1:1,0.000946;0.000982;0.000717;0.001011,0.003656,0.003615,0.000041,hier_top_mod_5/hier_top_mod_4/hier_top_mod_3/hier_top_mod_0_2/hier_mod_4/mid6__173;hier_top_mod_5/hier_top_mod_4/hier_top_mod_3/hier_top_mod_0_2/hier_mod_4/mid6__74;hier_top_mod_5/hier_top_mod_4/hier_top_mod_3/hier_top_mod_0_2/hier_mod_4/mid6__13;hier_top_mod_5/hier_top_mod_4/hier_top_mod_3/hier_top_mod_0_2/hier_mod_4/mid6__58
hier_top_mod_5/hier_top_mod_4/hier_top_mod_3/hier_top_mod_2/hier_top_mod_1/hier_mod_6/merged_91,4,SNPSHOPT25_FSDN4_V2_0P5,SNPSSLOPT25_FSDNQ_V3_1,SNPSSLOPT25_FSDNQ_V3_1;SNPSHOPT25_FSDN_V2_1,SNPSSLOPT25_FSDNQ_V3_1:3;SNPSHOPT25_FSDN_V2_1:1,0.001011;0.001011;0.001011;0.000717,0.003750,0.003615,0.000135,hier_top_mod_5/hier_top_mod_4/hier_top_mod_3/hier_top_mod_2/hier_top_mod_1/hier_mod_6/bar6__190;hier_top_mod_5/hier_top_mod_4/hier_top_mod_3/hier_top_mod_2/hier_top_mod_1/hier_mod_6/bar6__109;hier_top_mod_5/hier_top_mod_4/hier_top_mod_3/hier_top_mod_2/hier_top_mod_1/hier_mod_6/mid6__193;hier_top_mod_5/hier_top_mod_4/hier_top_mod_3/hier_top_mod_2/hier_top_mod_1/hier_mod_6/mid6__67
hier_top_mod_5/hier_top_mod_4/hier_top_mod_3/hier_top_mod_0_2/merged_92,2,SNPSHOPT25_FSDN2_V2_0P5,SNPSHOPT25_FSDN_V2_1,SNPSHOPT25_FSDN_V2_1;SNPSSLOPT25_FSDNQ_V3_1,SNPSHOPT25_FSDN_V2_1:1;SNPSSLOPT25_FSDNQ_V3_1:1,0.000717;0.001011,0.001728,0.001667,0.000061,hier_top_mod_5/hier_top_mod_4/hier_top_mod_3/hier_top_mod_0_2/bar2__46;hier_top_mod_5/hier_top_mod_4/hier_top_mod_3/hier_top_mod_0_2/bar2__91
hier_top_mod_5/hier_top_mod_4/hier_top_mod_3/hier_top_mod_2/hier_top_mod_1/hier_mod_6/merged_93,2,SNPSHOPT25_FSDN2_V2_0P5,SNPSROPT25_FSDN_V2_1,SNPSROPT25_FSDN_V2_1;SNPSHOPT25_FSDN_V2_1,SNPSROPT25_FSDN_V2_1:1;SNPSHOPT25_FSDN_V2_1:1,0.000711;0.000717,0.001428,0.001667,-0.000239,hier_top_mod_5/hier_top_mod_4/hier_top_mod_3/hier_top_mod_2/hier_top_mod_1/hier_mod_6/bar2__271;hier_top_mod_5/hier_top_mod_4/hier_top_mod_3/hier_top_mod_2/hier_top_mod_1/hier_mod_6/bar2__73
hier_top_mod_5/hier_top_mod_4/hier_top_mod_3/hier_top_mod_2/hier_top_mod_0_0/hier_mod_3/merged_94,2,SNPSHOPT25_FSDN2_V2_0P5,SNPSHOPT25_FSDN_V2_1,SNPSHOPT25_FSDN_V2_1;SNPSLOPT25_FSDN_V2_4,SNPSHOPT25_FSDN_V2_1:1;SNPSLOPT25_FSDN_V2_4:1,0.000717;0.000743,0.001460,0.001667,-0.000207,hier_top_mod_5/hier_top_mod_4/hier_top_mod_3/hier_top_mod_2/hier_top_mod_0_0/hier_mod_3/foo6__286;hier_top_mod_5/hier_top_mod_4/hier_top_mod_3/hier_top_mod_2/hier_top_mod_0_0/hier_mod_3/foo6__48
hier_top_mod_5/hier_top_mod_4/hier_top_mod_3/hier_top_mod_0_2/hier_mod_4/merged_95,2,SNPSHOPT25_FSDN2_V2_0P5,SNPSSLOPT25_FSDN_V2_1,SNPSSLOPT25_FSDN_V2_1;SNPSHOPT25_FSDN_V2_1,SNPSSLOPT25_FSDN_V2_1:1;SNPSHOPT25_FSDN_V2_1:1,0.000718;0.000717,0.001435,0.001667,-0.000232,hier_top_mod_5/hier_top_mod_4/hier_top_mod_3/hier_top_mod_0_2/hier_mod_4/foo14__60;hier_top_mod_5/hier_top_mod_4/hier_top_mod_3/hier_top_mod_0_2/hier_mod_4/bar13__683
hier_top_mod_5/hier_top_mod_4/hier_top_mod_3/hier_top_mod_2/hier_top_mod_1/hier_top_mod_0_1/hier_mod_1/merged_96,4,SNPSHOPT25_FSDN4_V2_0P5,SNPSROPT25_FSDNQ_V3_1,SNPSROPT25_FSDNQ_V3_1;SNPSHOPT25_FSDN_V2_1;SNPSLOPT25_FSDN_V2_4;SNPSROPT25_FSDN_V2_1,SNPSROPT25_FSDNQ_V3_1:1;SNPSHOPT25_FSDN_V2_1:1;SNPSLOPT25_FSDN_V2_4:1;SNPSROPT25_FSDN_V2_1:1,0.001007;0.000717;0.000743;0.000711,0.003178,0.003615,-0.000437,hier_top_mod_5/hier_top_mod_4/hier_top_mod_3/hier_top_mod_2/hier_top_mod_1/hier_top_mod_0_1/hier_mod_1/foo14__435;hier_top_mod_5/hier_top_mod_4/hier_top_mod_3/hier_top_mod_2/hier_top_mod_1/hier_top_mod_0_1/hier_mod_1/foo14__585;hier_top_mod_5/hier_top_mod_4/hier_top_mod_3/hier_top_mod_2/hier_top_mod_1/hier_top_mod_0_1/hier_mod_1/foo14__428;hier_top_mod_5/hier_top_mod_4/hier_top_mod_3/hier_top_mod_2/hier_top_mod_1/hier_top_mod_0_1/hier_mod_1/foo14__432
hier_top_mod_5/hier_top_mod_4/hier_top_mod_3/hier_top_mod_0_2/merged_97,2,SNPSHOPT25_FSDN2_V2_0P5,SNPSHOPT25_FSDN_V2_1,SNPSHOPT25_FSDN_V2_1;SNPSHOPT25_FSDNQ_V3_4,SNPSHOPT25_FSDN_V2_1:1;SNPSHOPT25_FSDNQ_V3_4:1,0.000717;0.000945,0.001661,0.001667,-0.000006,hier_top_mod_5/hier_top_mod_4/hier_top_mod_3/hier_top_mod_0_2/foo10__115;hier_top_mod_5/hier_top_mod_4/hier_top_mod_3/hier_top_mod_0_2/mid_hier10__54
hier_top_mod_5/hier_top_mod_4/hier_top_mod_3/hier_top_mod_0_2/hier_mod_2/merged_98,2,SNPSHOPT25_FSDN2_V2_0P5,SNPSLOPT25_FSDNQ_V3_1,SNPSLOPT25_FSDNQ_V3_1;SNPSHOPT25_FSDN_V2_1,SNPSLOPT25_FSDNQ_V3_1:1;SNPSHOPT25_FSDN_V2_1:1,0.001048;0.000717,0.001765,0.001667,0.000098,hier_top_mod_5/hier_top_mod_4/hier_top_mod_3/hier_top_mod_0_2/hier_mod_2/bar7__88;hier_top_mod_5/hier_top_mod_4/hier_top_mod_3/hier_top_mod_0_2/hier_mod_2/bar7__271
hier_top_mod_5/hier_top_mod_4/hier_top_mod_3/hier_top_mod_0_2/hier_mod_2/merged_99,4,SNPSHOPT25_FSDN4_V2_0P5,SNPSSLOPT25_FSDNQ_V3_1,SNPSSLOPT25_FSDNQ_V3_1;SNPSLOPT25_FSDNQ_V3_1;SNPSSLOPT25_FSDN_V2_1;SNPSHOPT25_FSDN_V2_1,SNPSSLOPT25_FSDNQ_V3_1:1;SNPSLOPT25_FSDNQ_V3_1:1;SNPSSLOPT25_FSDN_V2_1:1;SNPSHOPT25_FSDN_V2_1:1,0.001011;0.001048;0.000718;0.000717,0.003494,0.003615,-0.000121,hier_top_mod_5/hier_top_mod_4/hier_top_mod_3/hier_top_mod_0_2/hier_mod_2/bar11__133;hier_top_mod_5/hier_top_mod_4/hier_top_mod_3/hier_top_mod_0_2/hier_mod_2/bar11__202;hier_top_mod_5/hier_top_mod_4/hier_top_mod_3/hier_top_mod_0_2/hier_mod_2/bar11__373;hier_top_mod_5/hier_top_mod_4/hier_top_mod_3/hier_top_mod_0_2/hier_mod_2/mid10__193
hier_top_mod_5/hier_top_mod_4/hier_top_mod_3/hier_top_mod_2/hier_top_mod_0_0/hier_mod_0/merged_100,2,SNPSHOPT25_FSDN2_V2_0P5,SNPSSLOPT25_FSDNQ_V3_4,SNPSSLOPT25_FSDNQ_V3_4;SNPSHOPT25_FSDN_V2_1,SNPSSLOPT25_FSDNQ_V3_4:1;SNPSHOPT25_FSDN_V2_1:1,0.000941;0.000717,0.001658,0.001667,-0.000009,hier_top_mod_5/hier_top_mod_4/hier_top_mod_3/hier_top_mod_2/hier_top_mod_0_0/hier_mod_0/bar11__459;hier_top_mod_5/hier_top_mod_4/hier_top_mod_3/hier_top_mod_2/hier_top_mod_0_0/hier_mod_0/bar10__52
hier_top_mod_5/hier_top_mod_4/hier_top_mod_3/hier_top_mod_2/hier_top_mod_1/hier_mod_6/merged_101,2,SNPSHOPT25_FSDN2_V2_0P5,SNPSLOPT25_FSDNQ_V3_1,SNPSLOPT25_FSDNQ_V3_1;SNPSHOPT25_FSDN_V2_1,SNPSLOPT25_FSDNQ_V3_1:1;SNPSHOPT25_FSDN_V2_1:1,0.001048;0.000717,0.001765,0.001667,0.000098,hier_top_mod_5/hier_top_mod_4/hier_top_mod_3/hier_top_mod_2/hier_top_mod_1/hier_mod_6/bar11__148;hier_top_mod_5/hier_top_mod_4/hier_top_mod_3/hier_top_mod_2/hier_top_mod_1/hier_mod_6/mid11__137
hier_top_mod_5/hier_top_mod_4/hier_top_mod_3/hier_top_mod_0_2/merged_102,2,SNPSHOPT25_FSDN2_V2_0P5,SNPSROPT25_FSDN_V2_4,SNPSROPT25_FSDN_V2_4;SNPSHOPT25_FSDN_V2_1,SNPSROPT25_FSDN_V2_4:1;SNPSHOPT25_FSDN_V2_1:1,0.000706;0.000717,0.001423,0.001667,-0.000244,hier_top_mod_5/hier_top_mod_4/hier_top_mod_3/hier_top_mod_0_2/mid13__139;hier_top_mod_5/hier_top_mod_4/hier_top_mod_3/hier_top_mod_0_2/mid_hier13__14
hier_top_mod_5/hier_top_mod_4/hier_top_mod_3/hier_top_mod_2/hier_top_mod_1/hier_top_mod_0_1/hier_mod_5/merged_103,2,SNPSHOPT25_FSDN2_V2_0P5,SNPSSLOPT25_FSDNQ_V3_1,SNPSSLOPT25_FSDNQ_V3_1;SNPSHOPT25_FSDN_V2_1,SNPSSLOPT25_FSDNQ_V3_1:1;SNPSHOPT25_FSDN_V2_1:1,0.001011;0.000717,0.001728,0.001667,0.000061,hier_top_mod_5/hier_top_mod_4/hier_top_mod_3/hier_top_mod_2/hier_top_mod_1/hier_top_mod_0_1/hier_mod_5/mid_hier13__464;hier_top_mod_5/hier_top_mod_4/hier_top_mod_3/hier_top_mod_2/hier_top_mod_1/hier_top_mod_0_1/hier_mod_5/mid_hier13__446
hier_top_mod_5/hier_top_mod_4/hier_top_mod_3/hier_top_mod_2/hier_top_mod_0_0/hier_mod_0/merged_104,2,SNPSHOPT25_FSDN2_V2_0P5,SNPSSLOPT25_FSDNQ_V3_1,SNPSSLOPT25_FSDNQ_V3_1;SNPSHOPT25_FSDN_V2_1,SNPSSLOPT25_FSDNQ_V3_1:1;SNPSHOPT25_FSDN_V2_1:1,0.001011;0.000717,0.001728,0.001667,0.000061,hier_top_mod_5/hier_top_mod_4/hier_top_mod_3/hier_top_mod_2/hier_top_mod_0_0/hier_mod_0/mid16__112;hier_top_mod_5/hier_top_mod_4/hier_top_mod_3/hier_top_mod_2/hier_top_mod_0_0/hier_mod_0/mid16__499
hier_top_mod_5/hier_top_mod_4/hier_top_mod_3/hier_top_mod_2/hier_top_mod_1/hier_mod_6/merged_105,4,SNPSHOPT25_FSDN4_V2_0P5,SNPSLOPT25_FSDN_V2_4,SNPSLOPT25_FSDNQ_V3_4;SNPSLOPT25_FSDN_V2_4;SNPSHOPT25_FSDN_V2_1;SNPSROPT25_FSDN_V2_4,SNPSLOPT25_FSDNQ_V3_4:1;SNPSLOPT25_FSDN_V2_4:1;SNPSHOPT25_FSDN_V2_1:1;SNPSROPT25_FSDN_V2_4:1,0.000743;0.000982;0.000717;0.000706,0.003148,0.003615,-0.000467,hier_top_mod_5/hier_top_mod_4/hier_top_mod_3/hier_top_mod_2/hier_top_mod_1/hier_mod_6/bar15__327;hier_top_mod_5/hier_top_mod_4/hier_top_mod_3/hier_top_mod_2/hier_top_mod_1/hier_mod_6/bar15__519;hier_top_mod_5/hier_top_mod_4/hier_top_mod_3/hier_top_mod_2/hier_top_mod_1/hier_mod_6/foo16__289;hier_top_mod_5/hier_top_mod_4/hier_top_mod_3/hier_top_mod_2/hier_top_mod_1/hier_mod_6/bar15__144
hier_top_mod_5/hier_top_mod_4/hier_top_mod_3/hier_top_mod_2/hier_top_mod_1/hier_top_mod_0_1/hier_mod_1/merged_106,4,SNPSHOPT25_FSDN4_V2_0P5,SNPSSLOPT25_FSDNQ_V3_4,SNPSSLOPT25_FSDNQ_V3_4;SNPSHOPT25_FSDN_V2_1;SNPSLOPT25_FSDNQ_V3_2;SNPSLOPT25_FSDN_V2_4,SNPSSLOPT25_FSDNQ_V3_4:1;SNPSHOPT25_FSDN_V2_1:1;SNPSLOPT25_FSDNQ_V3_2:1;SNPSLOPT25_FSDN_V2_4:1,0.000941;0.000717;0.000982;0.000743,0.003383,0.003615,-0.000232,hier_top_mod_5/hier_top_mod_4/hier_top_mod_3/hier_top_mod_2/hier_top_mod_1/hier_top_mod_0_1/hier_mod_1/bar16__594;hier_top_mod_5/hier_top_mod_4/hier_top_mod_3/hier_top_mod_2/hier_top_mod_1/hier_top_mod_0_1/hier_mod_1/bar16__574;hier_top_mod_5/hier_top_mod_4/hier_top_mod_3/hier_top_mod_2/hier_top_mod_1/hier_top_mod_0_1/hier_mod_1/bar16__41;hier_top_mod_5/hier_top_mod_4/hier_top_mod_3/hier_top_mod_2/hier_top_mod_1/hier_top_mod_0_1/hier_mod_1/mid16__504
hier_top_mod_5/hier_top_mod_4/hier_top_mod_3/hier_top_mod_2/hier_top_mod_1/hier_top_mod_0_1/hier_mod_5/merged_107,4,SNPSHOPT25_FSDN4_V2_0P5,SNPSSLOPT25_FSDN_V2_4,SNPSLOPT25_FSDNQ_V3_1;SNPSSLOPT25_FSDN_V2_4;SNPSHOPT25_FSDN_V2_1;SNPSLOPT25_FSDN_V2_2,SNPSLOPT25_FSDNQ_V3_1:1;SNPSSLOPT25_FSDN_V2_4:1;SNPSHOPT25_FSDN_V2_1:1;SNPSLOPT25_FSDN_V2_2:1,0.000714;0.000717;0.001048;0.000721,0.003199,0.003615,-0.000416,hier_top_mod_5/hier_top_mod_4/hier_top_mod_3/hier_top_mod_2/hier_top_mod_1/hier_top_mod_0_1/hier_mod_5/bar16__510;hier_top_mod_5/hier_top_mod_4/hier_top_mod_3/hier_top_mod_2/hier_top_mod_1/hier_top_mod_0_1/hier_mod_5/bar16__277;hier_top_mod_5/hier_top_mod_4/hier_top_mod_3/hier_top_mod_2/hier_top_mod_1/hier_top_mod_0_1/hier_mod_5/bar16__13;hier_top_mod_5/hier_top_mod_4/hier_top_mod_3/hier_top_mod_2/hier_top_mod_1/hier_top_mod_0_1/hier_mod_5/bar16__227
hier_top_mod_5/hier_top_mod_4/hier_top_mod_3/hier_top_mod_0_2/hier_mod_4/merged_108,4,SNPSHOPT25_FSDN4_V2_0P5,SNPSROPT25_FSDN_V2_4,SNPSROPT25_FSDN_V2_4;SNPSHOPT25_FSDN_V2_1;SNPSSLOPT25_FSDN_V2_4;SNPSROPT25_FSDN_V2_1,SNPSROPT25_FSDN_V2_4:1;SNPSHOPT25_FSDN_V2_1:1;SNPSSLOPT25_FSDN_V2_4:1;SNPSROPT25_FSDN_V2_1:1,0.000706;0.000717;0.000714;0.000711,0.002848,0.003615,-0.000767,hier_top_mod_5/hier_top_mod_4/hier_top_mod_3/hier_top_mod_0_2/hier_mod_4/foo4__288;hier_top_mod_5/hier_top_mod_4/hier_top_mod_3/hier_top_mod_0_2/hier_mod_4/mid4__247;hier_top_mod_5/hier_top_mod_4/hier_top_mod_3/hier_top_mod_0_2/hier_mod_4/foo4__294;hier_top_mod_5/hier_top_mod_4/hier_top_mod_3/hier_top_mod_0_2/hier_mod_4/mid4__256
hier_top_mod_5/hier_top_mod_4/hier_top_mod_3/hier_top_mod_2/hier_top_mod_0_0/hier_mod_3/merged_109,4,SNPSHOPT25_FSDN4_V2_0P5,SNPSROPT25_FSDNQ_V3_2,SNPSROPT25_FSDNQ_V3_2;SNPSHOPT25_FSDN_V2_2;SNPSHOPT25_FSDN_V2_1;SNPSSLOPT25_FSDN_V2_2,SNPSROPT25_FSDNQ_V3_2:1;SNPSHOPT25_FSDN_V2_2:1;SNPSHOPT25_FSDN_V2_1:1;SNPSSLOPT25_FSDN_V2_2:1,0.000940;0.000690;0.000717;0.000691,0.003038,0.003615,-0.000577,hier_top_mod_5/hier_top_mod_4/hier_top_mod_3/hier_top_mod_2/hier_top_mod_0_0/hier_mod_3/foo4__209;hier_top_mod_5/hier_top_mod_4/hier_top_mod_3/hier_top_mod_2/hier_top_mod_0_0/hier_mod_3/foo4__8;hier_top_mod_5/hier_top_mod_4/hier_top_mod_3/hier_top_mod_2/hier_top_mod_0_0/hier_mod_3/mid4__274;hier_top_mod_5/hier_top_mod_4/hier_top_mod_3/hier_top_mod_2/hier_top_mod_0_0/hier_mod_3/foo4__50
hier_top_mod_5/hier_top_mod_4/hier_top_mod_3/hier_top_mod_0_2/merged_110,2,SNPSHOPT25_FSDN2_V2_0P5,SNPSHOPT25_FSDN_V2_1,SNPSHOPT25_FSDN_V2_1;SNPSSLOPT25_FSDNQ_V3_4,SNPSHOPT25_FSDN_V2_1:1;SNPSSLOPT25_FSDNQ_V3_4:1,0.000717;0.000941,0.001658,0.001667,-0.000009,hier_top_mod_5/hier_top_mod_4/hier_top_mod_3/hier_top_mod_0_2/bar9__145;hier_top_mod_5/hier_top_mod_4/hier_top_mod_3/hier_top_mod_0_2/foo9__117
hier_top_mod_5/hier_top_mod_4/hier_top_mod_3/hier_top_mod_0_2/hier_mod_2/merged_111,4,SNPSHOPT25_FSDN4_V2_0P5,SNPSHOPT25_FSDNQ_V3_1,SNPSHOPT25_FSDN_V2_1;SNPSHOPT25_FSDNQ_V3_1;SNPSSLOPT25_FSDNQ_V3_1;SNPSSLOPT25_FSDN_V2_4,SNPSHOPT25_FSDN_V2_1:1;SNPSHOPT25_FSDNQ_V3_1:1;SNPSSLOPT25_FSDNQ_V3_1:1;SNPSSLOPT25_FSDN_V2_4:1,0.001014;0.000717;0.001011;0.000714,0.003455,0.003615,-0.000160,hier_top_mod_5/hier_top_mod_4/hier_top_mod_3/hier_top_mod_0_2/hier_mod_2/foo8__184;hier_top_mod_5/hier_top_mod_4/hier_top_mod_3/hier_top_mod_0_2/hier_mod_2/foo8__25;hier_top_mod_5/hier_top_mod_4/hier_top_mod_3/hier_top_mod_0_2/hier_mod_2/foo8__97;hier_top_mod_5/hier_top_mod_4/hier_top_mod_3/hier_top_mod_0_2/hier_mod_2/foo8__69
hier_top_mod_5/hier_top_mod_4/hier_top_mod_3/hier_top_mod_0_2/hier_mod_4/merged_112,4,SNPSHOPT25_FSDN4_V2_0P5,SNPSROPT25_FSDNQ_V3_4,SNPSLOPT25_FSDNQ_V3_2;SNPSROPT25_FSDNQ_V3_4;SNPSHOPT25_FSDN_V2_2;SNPSHOPT25_FSDN_V2_1,SNPSLOPT25_FSDNQ_V3_2:1;SNPSROPT25_FSDNQ_V3_4:1;SNPSHOPT25_FSDN_V2_2:1;SNPSHOPT25_FSDN_V2_1:1,0.000938;0.000690;0.000982;0.000717,0.003326,0.003615,-0.000289,hier_top_mod_5/hier_top_mod_4/hier_top_mod_3/hier_top_mod_0_2/hier_mod_4/foo8__120;hier_top_mod_5/hier_top_mod_4/hier_top_mod_3/hier_top_mod_0_2/hier_mod_4/foo8__296;hier_top_mod_5/hier_top_mod_4/hier_top_mod_3/hier_top_mod_0_2/hier_mod_4/foo8__113;hier_top_mod_5/hier_top_mod_4/hier_top_mod_3/hier_top_mod_0_2/hier_mod_4/foo8__133
hier_top_mod_5/hier_top_mod_4/hier_top_mod_3/hier_top_mod_2/hier_top_mod_0_0/hier_mod_3/merged_113,4,SNPSHOPT25_FSDN4_V2_0P5,SNPSHOPT25_FSDNQ_V3_4,SNPSHOPT25_FSDNQ_V3_4;SNPSHOPT25_FSDN_V2_1;SNPSSLOPT25_FSDNQ_V3_1;SNPSROPT25_FSDN_V2_4,SNPSHOPT25_FSDNQ_V3_4:1;SNPSHOPT25_FSDN_V2_1:1;SNPSSLOPT25_FSDNQ_V3_1:1;SNPSROPT25_FSDN_V2_4:1,0.000945;0.000717;0.000706;0.001011,0.003379,0.003615,-0.000236,hier_top_mod_5/hier_top_mod_4/hier_top_mod_3/hier_top_mod_2/hier_top_mod_0_0/hier_mod_3/foo8__132;hier_top_mod_5/hier_top_mod_4/hier_top_mod_3/hier_top_mod_2/hier_top_mod_0_0/hier_mod_3/foo8__214;hier_top_mod_5/hier_top_mod_4/hier_top_mod_3/hier_top_mod_2/hier_top_mod_0_0/hier_mod_3/foo8__117;hier_top_mod_5/hier_top_mod_4/hier_top_mod_3/hier_top_mod_2/hier_top_mod_0_0/hier_mod_3/foo8__205
hier_top_mod_5/hier_top_mod_4/hier_top_mod_3/hier_top_mod_2/hier_top_mod_0_0/hier_mod_3/merged_114,4,SNPSHOPT25_FSDN4_V2_0P5,SNPSSLOPT25_FSDN_V2_2,SNPSSLOPT25_FSDN_V2_2;SNPSHOPT25_FSDNQ_V3_2;SNPSSLOPT25_FSDNQ_V3_1;SNPSHOPT25_FSDN_V2_1,SNPSSLOPT25_FSDN_V2_2:1;SNPSHOPT25_FSDNQ_V3_2:1;SNPSSLOPT25_FSDNQ_V3_1:1;SNPSHOPT25_FSDN_V2_1:1,0.000691;0.001011;0.000717;0.000946,0.003365,0.003615,-0.000250,hier_top_mod_5/hier_top_mod_4/hier_top_mod_3/hier_top_mod_2/hier_top_mod_0_0/hier_mod_3/foo8__41;hier_top_mod_5/hier_top_mod_4/hier_top_mod_3/hier_top_mod_2/hier_top_mod_0_0/hier_mod_3/foo8__232;hier_top_mod_5/hier_top_mod_4/hier_top_mod_3/hier_top_mod_2/hier_top_mod_0_0/hier_mod_3/foo8__268;hier_top_mod_5/hier_top_mod_4/hier_top_mod_3/hier_top_mod_2/hier_top_mod_0_0/hier_mod_3/foo8__50
hier_top_mod_5/hier_top_mod_4/hier_top_mod_3/hier_top_mod_2/hier_top_mod_0_0/hier_mod_3/merged_115,2,SNPSHOPT25_FSDN2_V2_0P5,SNPSHOPT25_FSDN_V2_1,SNPSHOPT25_FSDN_V2_1;SNPSLOPT25_FSDN_V2_4,SNPSHOPT25_FSDN_V2_1:1;SNPSLOPT25_FSDN_V2_4:1,0.000717;0.000743,0.001460,0.001667,-0.000207,hier_top_mod_5/hier_top_mod_4/hier_top_mod_3/hier_top_mod_2/hier_top_mod_0_0/hier_mod_3/foo8__106;hier_top_mod_5/hier_top_mod_4/hier_top_mod_3/hier_top_mod_2/hier_top_mod_0_0/hier_mod_3/foo8__84
hier_top_mod_5/hier_top_mod_4/hier_top_mod_3/hier_top_mod_2/hier_top_mod_1/hier_top_mod_0_1/hier_mod_1/merged_116,2,SNPSHOPT25_FSDN2_V2_0P5,SNPSROPT25_FSDNQ_V3_2,SNPSROPT25_FSDNQ_V3_2;SNPSHOPT25_FSDN_V2_1,SNPSROPT25_FSDNQ_V3_2:1;SNPSHOPT25_FSDN_V2_1:1,0.000940;0.000717,0.001657,0.001667,-0.000010,hier_top_mod_5/hier_top_mod_4/hier_top_mod_3/hier_top_mod_2/hier_top_mod_1/hier_top_mod_0_1/hier_mod_1/foo8__119;hier_top_mod_5/hier_top_mod_4/hier_top_mod_3/hier_top_mod_2/hier_top_mod_1/hier_top_mod_0_1/hier_mod_1/foo8__160
hier_top_mod_5/hier_top_mod_4/hier_top_mod_3/hier_top_mod_2/hier_top_mod_1/hier_mod_6/merged_117,4,SNPSHOPT25_FSDN4_V2_0P5,SNPSHOPT25_FSDNQ_V3_4,SNPSHOPT25_FSDNQ_V3_4;SNPSHOPT25_FSDN_V2_1;SNPSSLOPT25_FSDNQ_V3_2;SNPSSLOPT25_FSDN_V2_4,SNPSHOPT25_FSDNQ_V3_4:1;SNPSHOPT25_FSDN_V2_1:1;SNPSSLOPT25_FSDNQ_V3_2:1;SNPSSLOPT25_FSDN_V2_4:1,0.000945;0.000942;0.000714;0.000717,0.003317,0.003615,-0.000298,hier_top_mod_5/hier_top_mod_4/hier_top_mod_3/hier_top_mod_2/hier_top_mod_1/hier_mod_6/foo4__222;hier_top_mod_5/hier_top_mod_4/hier_top_mod_3/hier_top_mod_2/hier_top_mod_1/hier_mod_6/foo4__269;hier_top_mod_5/hier_top_mod_4/hier_top_mod_3/hier_top_mod_2/hier_top_mod_1/hier_mod_6/bar4__72;hier_top_mod_5/hier_top_mod_4/hier_top_mod_3/hier_top_mod_2/hier_top_mod_1/hier_mod_6/foo4__169
hier_top_mod_5/hier_top_mod_4/hier_top_mod_3/hier_top_mod_0_2/hier_mod_2/merged_118,2,SNPSHOPT25_FSDN2_V2_0P5,SNPSHOPT25_FSDNQ_V3_2,SNPSHOPT25_FSDNQ_V3_2;SNPSHOPT25_FSDN_V2_1,SNPSHOPT25_FSDNQ_V3_2:1;SNPSHOPT25_FSDN_V2_1:1,0.000946;0.000717,0.001663,0.001667,-0.000004,hier_top_mod_5/hier_top_mod_4/hier_top_mod_3/hier_top_mod_0_2/hier_mod_2/foo16__233;hier_top_mod_5/hier_top_mod_4/hier_top_mod_3/hier_top_mod_0_2/hier_mod_2/foo16__154
hier_top_mod_5/hier_top_mod_4/hier_top_mod_3/hier_top_mod_2/hier_top_mod_0_0/hier_mod_3/merged_119,4,SNPSHOPT25_FSDN4_V2_0P5,SNPSHOPT25_FSDN_V2_1,SNPSHOPT25_FSDN_V2_1;SNPSLOPT25_FSDNQ_V3_1;SNPSHOPT25_FSDN_V2_2,SNPSHOPT25_FSDN_V2_1:2;SNPSLOPT25_FSDNQ_V3_1:1;SNPSHOPT25_FSDN_V2_2:1,0.000717;0.001048;0.000690;0.000717,0.003171,0.003615,-0.000444,hier_top_mod_5/hier_top_mod_4/hier_top_mod_3/hier_top_mod_2/hier_top_mod_0_0/hier_mod_3/foo16__397;hier_top_mod_5/hier_top_mod_4/hier_top_mod_3/hier_top_mod_2/hier_top_mod_0_0/hier_mod_3/foo16__376;hier_top_mod_5/hier_top_mod_4/hier_top_mod_3/hier_top_mod_2/hier_top_mod_0_0/hier_mod_3/foo16__101;hier_top_mod_5/hier_top_mod_4/hier_top_mod_3/hier_top_mod_2/hier_top_mod_0_0/hier_mod_3/foo16__262
hier_top_mod_5/hier_top_mod_4/hier_top_mod_3/hier_top_mod_2/hier_top_mod_1/hier_top_mod_0_1/hier_mod_1/merged_120,2,SNPSHOPT25_FSDN2_V2_0P5,SNPSSLOPT25_FSDN_V2_2,SNPSSLOPT25_FSDN_V2_2;SNPSHOPT25_FSDN_V2_1,SNPSSLOPT25_FSDN_V2_2:1;SNPSHOPT25_FSDN_V2_1:1,0.000691;0.000717,0.001408,0.001667,-0.000259,hier_top_mod_5/hier_top_mod_4/hier_top_mod_3/hier_top_mod_2/hier_top_mod_1/hier_top_mod_0_1/hier_mod_1/mid9__245;hier_top_mod_5/hier_top_mod_4/hier_top_mod_3/hier_top_mod_2/hier_top_mod_1/hier_top_mod_0_1/hier_mod_1/mid9__148
hier_top_mod_5/hier_top_mod_4/hier_top_mod_3/hier_top_mod_2/hier_top_mod_1/merged_121,2,SNPSHOPT25_FSDN2_V2_0P5,SNPSLOPT25_FSDNQ_V3_2,SNPSLOPT25_FSDNQ_V3_2;SNPSHOPT25_FSDN_V2_1,SNPSLOPT25_FSDNQ_V3_2:1;SNPSHOPT25_FSDN_V2_1:1,0.000982;0.000717,0.001698,0.001667,0.000031,hier_top_mod_5/hier_top_mod_4/hier_top_mod_3/hier_top_mod_2/hier_top_mod_1/bar10__140;hier_top_mod_5/hier_top_mod_4/hier_top_mod_3/hier_top_mod_2/hier_top_mod_1/foo10__250
hier_top_mod_5/hier_top_mod_4/hier_top_mod_3/hier_top_mod_2/hier_top_mod_1/hier_top_mod_0_1/hier_mod_5/merged_122,4,SNPSHOPT25_FSDN4_V2_0P5,SNPSSLOPT25_FSDNQ_V3_2,SNPSHOPT25_FSDN_V2_1;SNPSSLOPT25_FSDNQ_V3_2;SNPSSLOPT25_FSDN_V2_1;SNPSROPT25_FSDNQ_V3_4,SNPSHOPT25_FSDN_V2_1:1;SNPSSLOPT25_FSDNQ_V3_2:1;SNPSSLOPT25_FSDN_V2_1:1;SNPSROPT25_FSDNQ_V3_4:1,0.000942;0.000717;0.000718;0.000938,0.003315,0.003615,-0.000300,hier_top_mod_5/hier_top_mod_4/hier_top_mod_3/hier_top_mod_2/hier_top_mod_1/hier_top_mod_0_1/hier_mod_5/bar10__98;hier_top_mod_5/hier_top_mod_4/hier_top_mod_3/hier_top_mod_2/hier_top_mod_1/hier_top_mod_0_1/hier_mod_5/bar10__160;hier_top_mod_5/hier_top_mod_4/hier_top_mod_3/hier_top_mod_2/hier_top_mod_1/hier_top_mod_0_1/hier_mod_5/bar10__229;hier_top_mod_5/hier_top_mod_4/hier_top_mod_3/hier_top_mod_2/hier_top_mod_1/hier_top_mod_0_1/hier_mod_5/bar10__390
hier_top_mod_5/hier_top_mod_4/hier_top_mod_3/hier_top_mod_0_2/hier_mod_2/merged_123,2,SNPSHOPT25_FSDN2_V2_0P5,SNPSSLOPT25_FSDNQ_V3_2,SNPSHOPT25_FSDN_V2_1;SNPSSLOPT25_FSDNQ_V3_2,SNPSHOPT25_FSDN_V2_1:1;SNPSSLOPT25_FSDNQ_V3_2:1,0.000942;0.000717,0.001659,0.001667,-0.000008,hier_top_mod_5/hier_top_mod_4/hier_top_mod_3/hier_top_mod_0_2/hier_mod_2/bar13__783;hier_top_mod_5/hier_top_mod_4/hier_top_mod_3/hier_top_mod_0_2/hier_mod_2/bar13__224
hier_top_mod_5/hier_top_mod_4/hier_top_mod_3/hier_top_mod_2/hier_top_mod_1/hier_top_mod_0_1/hier_mod_1/merged_124,4,SNPSHOPT25_FSDN4_V2_0P5,SNPSHOPT25_FSDNQ_V3_2,SNPSHOPT25_FSDNQ_V3_2;SNPSHOPT25_FSDN_V2_1;SNPSHOPT25_FSDNQ_V3_1;SNPSLOPT25_FSDN_V2_4,SNPSHOPT25_FSDNQ_V3_2:1;SNPSHOPT25_FSDN_V2_1:1;SNPSHOPT25_FSDNQ_V3_1:1;SNPSLOPT25_FSDN_V2_4:1,0.000946;0.001014;0.000717;0.000743,0.003420,0.003615,-0.000195,hier_top_mod_5/hier_top_mod_4/hier_top_mod_3/hier_top_mod_2/hier_top_mod_1/hier_top_mod_0_1/hier_mod_1/mid_hier10__80;hier_top_mod_5/hier_top_mod_4/hier_top_mod_3/hier_top_mod_2/hier_top_mod_1/hier_top_mod_0_1/hier_mod_1/mid10__217;hier_top_mod_5/hier_top_mod_4/hier_top_mod_3/hier_top_mod_2/hier_top_mod_1/hier_top_mod_0_1/hier_mod_1/mid_hier10__55;hier_top_mod_5/hier_top_mod_4/hier_top_mod_3/hier_top_mod_2/hier_top_mod_1/hier_top_mod_0_1/hier_mod_1/mid10__171
hier_top_mod_5/hier_top_mod_4/merged_125,2,SNPSHOPT25_FSDN2_V2_0P5,SNPSHOPT25_FSDN_V2_1,SNPSHOPT25_FSDN_V2_1;SNPSSLOPT25_FSDNQ_V3_1,SNPSHOPT25_FSDN_V2_1:1;SNPSSLOPT25_FSDNQ_V3_1:1,0.000717;0.001011,0.001728,0.001667,0.000061,hier_top_mod_5/hier_top_mod_4/mid14__12;hier_top_mod_5/hier_top_mod_4/mid14__570
hier_top_mod_5/hier_top_mod_4/hier_top_mod_3/hier_top_mod_0_2/hier_mod_4/merged_126,4,SNPSHOPT25_FSDN4_V2_0P5,SNPSHOPT25_FSDN_V2_1,SNPSHOPT25_FSDN_V2_1;SNPSROPT25_FSDNQ_V3_1;SNPSLOPT25_FSDN_V2_1;SNPSHOPT25_FSDNQ_V3_2,SNPSHOPT25_FSDN_V2_1:1;SNPSROPT25_FSDNQ_V3_1:1;SNPSLOPT25_FSDN_V2_1:1;SNPSHOPT25_FSDNQ_V3_2:1,0.000717;0.001007;0.000748;0.000946,0.003418,0.003615,-0.000197,hier_top_mod_5/hier_top_mod_4/hier_top_mod_3/hier_top_mod_0_2/hier_mod_4/mid14__228;hier_top_mod_5/hier_top_mod_4/hier_top_mod_3/hier_top_mod_0_2/hier_mod_4/mid14__213;hier_top_mod_5/hier_top_mod_4/hier_top_mod_3/hier_top_mod_0_2/hier_mod_4/mid14__393;hier_top_mod_5/hier_top_mod_4/hier_top_mod_3/hier_top_mod_0_2/hier_mod_4/mid14__523
hier_top_mod_5/hier_top_mod_4/hier_top_mod_3/hier_top_mod_0_2/hier_mod_4/merged_127,4,SNPSHOPT25_FSDN4_V2_0P5,SNPSSLOPT25_FSDNQ_V3_1,SNPSSLOPT25_FSDNQ_V3_1;SNPSLOPT25_FSDNQ_V3_4;SNPSHOPT25_FSDN_V2_1;SNPSLOPT25_FSDNQ_V3_2,SNPSSLOPT25_FSDNQ_V3_1:1;SNPSLOPT25_FSDNQ_V3_4:1;SNPSHOPT25_FSDN_V2_1:1;SNPSLOPT25_FSDNQ_V3_2:1,0.001011;0.000982;0.000717;0.000982,0.003692,0.003615,0.000077,hier_top_mod_5/hier_top_mod_4/hier_top_mod_3/hier_top_mod_0_2/hier_mod_4/mid_hier14__321;hier_top_mod_5/hier_top_mod_4/hier_top_mod_3/hier_top_mod_0_2/hier_mod_4/mid14__47;hier_top_mod_5/hier_top_mod_4/hier_top_mod_3/hier_top_mod_0_2/hier_mod_4/mid_hier14__303;hier_top_mod_5/hier_top_mod_4/hier_top_mod_3/hier_top_mod_0_2/hier_mod_4/mid14__235
hier_top_mod_5/hier_top_mod_4/hier_top_mod_3/hier_top_mod_2/hier_top_mod_0_0/hier_mod_3/merged_128,4,SNPSHOPT25_FSDN4_V2_0P5,SNPSSLOPT25_FSDN_V2_1,SNPSSLOPT25_FSDN_V2_1;SNPSROPT25_FSDN_V2_4;SNPSHOPT25_FSDN_V2_1,SNPSSLOPT25_FSDN_V2_1:1;SNPSROPT25_FSDN_V2_4:2;SNPSHOPT25_FSDN_V2_1:1,0.000718;0.000706;0.000706;0.000717,0.002847,0.003615,-0.000768,hier_top_mod_5/hier_top_mod_4/hier_top_mod_3/hier_top_mod_2/hier_top_mod_0_0/hier_mod_3/mid14__459;hier_top_mod_5/hier_top_mod_4/hier_top_mod_3/hier_top_mod_2/hier_top_mod_0_0/hier_mod_3/mid14__536;hier_top_mod_5/hier_top_mod_4/hier_top_mod_3/hier_top_mod_2/hier_top_mod_0_0/hier_mod_3/mid14__374;hier_top_mod_5/hier_top_mod_4/hier_top_mod_3/hier_top_mod_2/hier_top_mod_0_0/hier_mod_3/mid14__390
hier_top_mod_5/hier_top_mod_4/hier_top_mod_3/hier_top_mod_2/hier_top_mod_1/merged_129,2,SNPSHOPT25_FSDN2_V2_0P5,SNPSHOPT25_FSDN_V2_1,SNPSHOPT25_FSDN_V2_1;SNPSROPT25_FSDN_V2_4,SNPSHOPT25_FSDN_V2_1:1;SNPSROPT25_FSDN_V2_4:1,0.000717;0.000706,0.001423,0.001667,-0.000244,hier_top_mod_5/hier_top_mod_4/hier_top_mod_3/hier_top_mod_2/hier_top_mod_1/mid14__363;hier_top_mod_5/hier_top_mod_4/hier_top_mod_3/hier_top_mod_2/hier_top_mod_1/mid14__212
hier_top_mod_5/hier_top_mod_4/hier_top_mod_3/hier_top_mod_2/hier_top_mod_1/hier_mod_6/merged_130,4,SNPSHOPT25_FSDN4_V2_0P5,SNPSLOPT25_FSDN_V2_1,SNPSLOPT25_FSDN_V2_1;SNPSHOPT25_FSDN_V2_1;SNPSSLOPT25_FSDN_V2_2;SNPSSLOPT25_FSDN_V2_1,SNPSLOPT25_FSDN_V2_1:1;SNPSHOPT25_FSDN_V2_1:1;SNPSSLOPT25_FSDN_V2_2:1;SNPSSLOPT25_FSDN_V2_1:1,0.000748;0.000717;0.000691;0.000718,0.002874,0.003615,-0.000741,hier_top_mod_5/hier_top_mod_4/hier_top_mod_3/hier_top_mod_2/hier_top_mod_1/hier_mod_6/mid_hier14__333;hier_top_mod_5/hier_top_mod_4/hier_top_mod_3/hier_top_mod_2/hier_top_mod_1/hier_mod_6/mid14__255;hier_top_mod_5/hier_top_mod_4/hier_top_mod_3/hier_top_mod_2/hier_top_mod_1/hier_mod_6/mid_hier14__373;hier_top_mod_5/hier_top_mod_4/hier_top_mod_3/hier_top_mod_2/hier_top_mod_1/hier_mod_6/mid_hier14__345
hier_top_mod_5/hier_top_mod_4/hier_top_mod_3/hier_top_mod_2/hier_top_mod_1/hier_top_mod_0_1/hier_mod_1/merged_131,4,SNPSHOPT25_FSDN4_V2_0P5,SNPSHOPT25_FSDN_V2_1,SNPSHOPT25_FSDN_V2_1;SNPSLOPT25_FSDNQ_V3_1;SNPSSLOPT25_FSDN_V2_1,SNPSHOPT25_FSDN_V2_1:1;SNPSLOPT25_FSDNQ_V3_1:2;SNPSSLOPT25_FSDN_V2_1:1,0.000717;0.001048;0.000718;0.001048,0.003531,0.003615,-0.000084,hier_top_mod_5/hier_top_mod_4/hier_top_mod_3/hier_top_mod_2/hier_top_mod_1/hier_top_mod_0_1/hier_mod_1/mid14__471;hier_top_mod_5/hier_top_mod_4/hier_top_mod_3/hier_top_mod_2/hier_top_mod_1/hier_top_mod_0_1/hier_mod_1/mid14__126;hier_top_mod_5/hier_top_mod_4/hier_top_mod_3/hier_top_mod_2/hier_top_mod_1/hier_top_mod_0_1/hier_mod_1/mid14__324;hier_top_mod_5/hier_top_mod_4/hier_top_mod_3/hier_top_mod_2/hier_top_mod_1/hier_top_mod_0_1/hier_mod_1/mid14__72
hier_top_mod_5/hier_top_mod_4/hier_top_mod_3/hier_top_mod_2/hier_top_mod_1/hier_top_mod_0_1/hier_mod_5/merged_132,4,SNPSHOPT25_FSDN4_V2_0P5,SNPSLOPT25_FSDN_V2_2,SNPSLOPT25_FSDN_V2_2;SNPSSLOPT25_FSDNQ_V3_1;SNPSLOPT25_FSDNQ_V3_4;SNPSHOPT25_FSDN_V2_1,SNPSLOPT25_FSDN_V2_2:1;SNPSSLOPT25_FSDNQ_V3_1:1;SNPSLOPT25_FSDNQ_V3_4:1;SNPSHOPT25_FSDN_V2_1:1,0.000721;0.001011;0.000982;0.000717,0.003431,0.003615,-0.000184,hier_top_mod_5/hier_top_mod_4/hier_top_mod_3/hier_top_mod_2/hier_top_mod_1/hier_top_mod_0_1/hier_mod_5/mid14__205;hier_top_mod_5/hier_top_mod_4/hier_top_mod_3/hier_top_mod_2/hier_top_mod_1/hier_top_mod_0_1/hier_mod_5/mid14__381;hier_top_mod_5/hier_top_mod_4/hier_top_mod_3/hier_top_mod_2/hier_top_mod_1/hier_top_mod_0_1/hier_mod_5/mid_hier14__122;hier_top_mod_5/hier_top_mod_4/hier_top_mod_3/hier_top_mod_2/hier_top_mod_1/hier_top_mod_0_1/hier_mod_5/mid14__39
hier_top_mod_5/hier_top_mod_4/hier_top_mod_3/hier_top_mod_0_2/merged_133,2,SNPSHOPT25_FSDN2_V2_0P5,SNPSROPT25_FSDN_V2_2,SNPSROPT25_FSDN_V2_2;SNPSHOPT25_FSDN_V2_1,SNPSROPT25_FSDN_V2_2:1;SNPSHOPT25_FSDN_V2_1:1,0.000685;0.000717,0.001401,0.001667,-0.000266,hier_top_mod_5/hier_top_mod_4/hier_top_mod_3/hier_top_mod_0_2/mid_hier10__38;hier_top_mod_5/hier_top_mod_4/hier_top_mod_3/hier_top_mod_0_2/mid_hier10__109
hier_top_mod_5/hier_top_mod_4/hier_top_mod_3/hier_top_mod_2/hier_top_mod_1/hier_top_mod_0_1/hier_mod_5/merged_134,4,SNPSHOPT25_FSDN4_V2_0P5,SNPSHOPT25_FSDN_V2_1,SNPSHOPT25_FSDN_V2_1;SNPSROPT25_FSDN_V2_4;SNPSHOPT25_FSDNQ_V3_2,SNPSHOPT25_FSDN_V2_1:1;SNPSROPT25_FSDN_V2_4:2;SNPSHOPT25_FSDNQ_V3_2:1,0.000717;0.000946;0.000706;0.000706,0.003075,0.003615,-0.000540,hier_top_mod_5/hier_top_mod_4/hier_top_mod_3/hier_top_mod_2/hier_top_mod_1/hier_top_mod_0_1/hier_mod_5/bar10__268;hier_top_mod_5/hier_top_mod_4/hier_top_mod_3/hier_top_mod_2/hier_top_mod_1/hier_top_mod_0_1/hier_mod_5/mid_hier10__107;hier_top_mod_5/hier_top_mod_4/hier_top_mod_3/hier_top_mod_2/hier_top_mod_1/hier_top_mod_0_1/hier_mod_5/mid10__69;hier_top_mod_5/hier_top_mod_4/hier_top_mod_3/hier_top_mod_2/hier_top_mod_1/hier_top_mod_0_1/hier_mod_5/foo10__153
hier_top_mod_5/hier_top_mod_4/hier_top_mod_3/hier_top_mod_2/hier_top_mod_1/hier_top_mod_0_1/hier_mod_5/merged_135,4,SNPSHOPT25_FSDN4_V2_0P5,SNPSLOPT25_FSDN_V2_1,SNPSLOPT25_FSDN_V2_1;SNPSHOPT25_FSDN_V2_1;SNPSHOPT25_FSDNQ_V3_2;SNPSSLOPT25_FSDNQ_V3_1,SNPSLOPT25_FSDN_V2_1:1;SNPSHOPT25_FSDN_V2_1:1;SNPSHOPT25_FSDNQ_V3_2:1;SNPSSLOPT25_FSDNQ_V3_1:1,0.000748;0.000717;0.001011;0.000946,0.003422,0.003615,-0.000193,hier_top_mod_5/hier_top_mod_4/hier_top_mod_3/hier_top_mod_2/hier_top_mod_1/hier_top_mod_0_1/hier_mod_5/bar11__199;hier_top_mod_5/hier_top_mod_4/hier_top_mod_3/hier_top_mod_2/hier_top_mod_1/hier_top_mod_0_1/hier_mod_5/bar11__466;hier_top_mod_5/hier_top_mod_4/hier_top_mod_3/hier_top_mod_2/hier_top_mod_1/hier_top_mod_0_1/hier_mod_5/bar11__187;hier_top_mod_5/hier_top_mod_4/hier_top_mod_3/hier_top_mod_2/hier_top_mod_1/hier_top_mod_0_1/hier_mod_5/bar11__194
hier_top_mod_5/hier_top_mod_4/hier_top_mod_3/hier_top_mod_2/hier_top_mod_1/hier_top_mod_0_1/merged_136,2,SNPSHOPT25_FSDN2_V2_0P5,SNPSHOPT25_FSDN_V2_1,SNPSHOPT25_FSDN_V2_1;SNPSROPT25_FSDNQ_V3_2,SNPSHOPT25_FSDN_V2_1:1;SNPSROPT25_FSDNQ_V3_2:1,0.000717;0.000940,0.001657,0.001667,-0.000010,hier_top_mod_5/hier_top_mod_4/hier_top_mod_3/hier_top_mod_2/hier_top_mod_1/hier_top_mod_0_1/mid4__220;hier_top_mod_5/hier_top_mod_4/hier_top_mod_3/hier_top_mod_2/hier_top_mod_1/hier_top_mod_0_1/mid4__98
hier_top_mod_5/hier_top_mod_4/hier_top_mod_3/hier_top_mod_0_2/merged_137,4,SNPSHOPT25_FSDN4_V2_0P5,SNPSROPT25_FSDNQ_V3_2,SNPSROPT25_FSDNQ_V3_2;SNPSLOPT25_FSDNQ_V3_1;SNPSSLOPT25_FSDN_V2_4;SNPSHOPT25_FSDN_V2_1,SNPSROPT25_FSDNQ_V3_2:1;SNPSLOPT25_FSDNQ_V3_1:1;SNPSSLOPT25_FSDN_V2_4:1;SNPSHOPT25_FSDN_V2_1:1,0.000940;0.000714;0.001048;0.000717,0.003418,0.003615,-0.000197,hier_top_mod_5/hier_top_mod_4/hier_top_mod_3/hier_top_mod_0_2/foo1__128;hier_top_mod_5/hier_top_mod_4/hier_top_mod_3/hier_top_mod_0_2/mid1__102;hier_top_mod_5/hier_top_mod_4/hier_top_mod_3/hier_top_mod_0_2/mid1__37;hier_top_mod_5/hier_top_mod_4/hier_top_mod_3/hier_top_mod_0_2/bar11__196
hier_top_mod_5/hier_top_mod_4/hier_top_mod_3/hier_top_mod_0_2/hier_mod_4/merged_138,2,SNPSHOPT25_FSDN2_V2_0P5,SNPSHOPT25_FSDN_V2_1,SNPSHOPT25_FSDN_V2_1;SNPSROPT25_FSDNQ_V3_4,SNPSHOPT25_FSDN_V2_1:1;SNPSROPT25_FSDNQ_V3_4:1,0.000717;0.000938,0.001655,0.001667,-0.000012,hier_top_mod_5/hier_top_mod_4/hier_top_mod_3/hier_top_mod_0_2/hier_mod_4/bar11__547;hier_top_mod_5/hier_top_mod_4/hier_top_mod_3/hier_top_mod_0_2/hier_mod_4/foo1__237
hier_top_mod_5/hier_top_mod_4/hier_top_mod_3/hier_top_mod_2/hier_top_mod_1/hier_top_mod_0_1/hier_mod_1/merged_139,2,SNPSHOPT25_FSDN2_V2_0P5,SNPSHOPT25_FSDN_V2_1,SNPSHOPT25_FSDN_V2_1;SNPSLOPT25_FSDNQ_V3_1,SNPSHOPT25_FSDN_V2_1:1;SNPSLOPT25_FSDNQ_V3_1:1,0.000717;0.001048,0.001765,0.001667,0.000098,hier_top_mod_5/hier_top_mod_4/hier_top_mod_3/hier_top_mod_2/hier_top_mod_1/hier_top_mod_0_1/hier_mod_1/mid1__112;hier_top_mod_5/hier_top_mod_4/hier_top_mod_3/hier_top_mod_2/hier_top_mod_1/hier_top_mod_0_1/hier_mod_1/mid11__143
hier_top_mod_5/hier_top_mod_4/hier_top_mod_3/hier_top_mod_2/hier_top_mod_1/hier_top_mod_0_1/hier_mod_5/merged_140,4,SNPSHOPT25_FSDN4_V2_0P5,SNPSHOPT25_FSDN_V2_1,SNPSHOPT25_FSDN_V2_1;SNPSLOPT25_FSDN_V2_4;SNPSROPT25_FSDNQ_V3_4,SNPSHOPT25_FSDN_V2_1:1;SNPSLOPT25_FSDN_V2_4:1;SNPSROPT25_FSDNQ_V3_4:2,0.000717;0.000743;0.000938;0.000938,0.003336,0.003615,-0.000279,hier_top_mod_5/hier_top_mod_4/hier_top_mod_3/hier_top_mod_2/hier_top_mod_1/hier_top_mod_0_1/hier_mod_5/mid1__4;hier_top_mod_5/hier_top_mod_4/hier_top_mod_3/hier_top_mod_2/hier_top_mod_1/hier_top_mod_0_1/hier_mod_5/mid1__36;hier_top_mod_5/hier_top_mod_4/hier_top_mod_3/hier_top_mod_2/hier_top_mod_1/hier_top_mod_0_1/hier_mod_5/mid1__207;hier_top_mod_5/hier_top_mod_4/hier_top_mod_3/hier_top_mod_2/hier_top_mod_1/hier_top_mod_0_1/hier_mod_5/mid1__99
hier_top_mod_5/hier_top_mod_4/hier_top_mod_3/hier_top_mod_0_2/merged_141,2,SNPSHOPT25_FSDN2_V2_0P5,SNPSHOPT25_FSDN_V2_1,SNPSHOPT25_FSDN_V2_1;SNPSLOPT25_FSDNQ_V3_2,SNPSHOPT25_FSDN_V2_1:1;SNPSLOPT25_FSDNQ_V3_2:1,0.000717;0.000982,0.001698,0.001667,0.000031,hier_top_mod_5/hier_top_mod_4/hier_top_mod_3/hier_top_mod_0_2/mid7__58;hier_top_mod_5/hier_top_mod_4/hier_top_mod_3/hier_top_mod_0_2/mid11__117
hier_top_mod_5/hier_top_mod_4/hier_top_mod_3/hier_top_mod_0_2/hier_mod_4/merged_142,4,SNPSHOPT25_FSDN4_V2_0P5,SNPSSLOPT25_FSDN_V2_4,SNPSSLOPT25_FSDN_V2_4;SNPSHOPT25_FSDN_V2_1;SNPSHOPT25_FSDNQ_V3_1;SNPSROPT25_FSDN_V2_1,SNPSSLOPT25_FSDN_V2_4:1;SNPSHOPT25_FSDN_V2_1:1;SNPSHOPT25_FSDNQ_V3_1:1;SNPSROPT25_FSDN_V2_1:1,0.000714;0.001014;0.000711;0.000717,0.003156,0.003615,-0.000459,hier_top_mod_5/hier_top_mod_4/hier_top_mod_3/hier_top_mod_0_2/hier_mod_4/mid5__282;hier_top_mod_5/hier_top_mod_4/hier_top_mod_3/hier_top_mod_0_2/hier_mod_4/mid7__217;hier_top_mod_5/hier_top_mod_4/hier_top_mod_3/hier_top_mod_0_2/hier_mod_4/mid7__229;hier_top_mod_5/hier_top_mod_4/hier_top_mod_3/hier_top_mod_0_2/hier_mod_4/mid7__247
hier_top_mod_5/hier_top_mod_4/hier_top_mod_3/hier_top_mod_2/hier_top_mod_1/hier_mod_6/merged_143,4,SNPSHOPT25_FSDN4_V2_0P5,SNPSHOPT25_FSDNQ_V3_2,SNPSHOPT25_FSDNQ_V3_2;SNPSSLOPT25_FSDNQ_V3_4;SNPSHOPT25_FSDN_V2_4;SNPSHOPT25_FSDN_V2_1,SNPSHOPT25_FSDNQ_V3_2:1;SNPSSLOPT25_FSDNQ_V3_4:1;SNPSHOPT25_FSDN_V2_4:1;SNPSHOPT25_FSDN_V2_1:1,0.000946;0.000941;0.000712;0.000717,0.003316,0.003615,-0.000299,hier_top_mod_5/hier_top_mod_4/hier_top_mod_3/hier_top_mod_2/hier_top_mod_1/hier_mod_6/mid5__236;hier_top_mod_5/hier_top_mod_4/hier_top_mod_3/hier_top_mod_2/hier_top_mod_1/hier_mod_6/mid5__204;hier_top_mod_5/hier_top_mod_4/hier_top_mod_3/hier_top_mod_2/hier_top_mod_1/hier_mod_6/mid7__87;hier_top_mod_5/hier_top_mod_4/hier_top_mod_3/hier_top_mod_2/hier_top_mod_1/hier_mod_6/mid5__292
hier_top_mod_5/hier_top_mod_4/hier_top_mod_3/hier_top_mod_0_2/hier_mod_2/merged_144,2,SNPSHOPT25_FSDN2_V2_0P5,SNPSHOPT25_FSDN_V2_1,SNPSHOPT25_FSDN_V2_1;SNPSROPT25_FSDNQ_V3_4,SNPSHOPT25_FSDN_V2_1:1;SNPSROPT25_FSDNQ_V3_4:1,0.000717;0.000938,0.001655,0.001667,-0.000012,hier_top_mod_5/hier_top_mod_4/hier_top_mod_3/hier_top_mod_0_2/hier_mod_2/mid4__58;hier_top_mod_5/hier_top_mod_4/hier_top_mod_3/hier_top_mod_0_2/hier_mod_2/mid4__207
hier_top_mod_5/hier_top_mod_4/hier_top_mod_3/hier_top_mod_2/hier_top_mod_0_0/hier_mod_0/merged_145,4,SNPSHOPT25_FSDN4_V2_0P5,SNPSSLOPT25_FSDN_V2_1,SNPSSLOPT25_FSDN_V2_1;SNPSROPT25_FSDNQ_V3_1;SNPSHOPT25_FSDNQ_V3_4;SNPSHOPT25_FSDN_V2_1,SNPSSLOPT25_FSDN_V2_1:1;SNPSROPT25_FSDNQ_V3_1:1;SNPSHOPT25_FSDNQ_V3_4:1;SNPSHOPT25_FSDN_V2_1:1,0.000718;0.001007;0.000945;0.000717,0.003387,0.003615,-0.000228,hier_top_mod_5/hier_top_mod_4/hier_top_mod_3/hier_top_mod_2/hier_top_mod_0_0/hier_mod_0/bar7__232;hier_top_mod_5/hier_top_mod_4/hier_top_mod_3/hier_top_mod_2/hier_top_mod_0_0/hier_mod_0/bar7__94;hier_top_mod_5/hier_top_mod_4/hier_top_mod_3/hier_top_mod_2/hier_top_mod_0_0/hier_mod_0/bar11__114;hier_top_mod_5/hier_top_mod_4/hier_top_mod_3/hier_top_mod_2/hier_top_mod_0_0/hier_mod_0/bar11__223
hier_top_mod_5/hier_top_mod_4/hier_top_mod_3/hier_top_mod_2/hier_top_mod_0_0/hier_mod_3/merged_146,4,SNPSHOPT25_FSDN4_V2_0P5,SNPSROPT25_FSDN_V2_4,SNPSSLOPT25_FSDNQ_V3_1;SNPSROPT25_FSDN_V2_4;SNPSHOPT25_FSDN_V2_1;SNPSLOPT25_FSDN_V2_4,SNPSSLOPT25_FSDNQ_V3_1:1;SNPSROPT25_FSDN_V2_4:1;SNPSHOPT25_FSDN_V2_1:1;SNPSLOPT25_FSDN_V2_4:1,0.000706;0.001011;0.000717;0.000743,0.003177,0.003615,-0.000438,hier_top_mod_5/hier_top_mod_4/hier_top_mod_3/hier_top_mod_2/hier_top_mod_0_0/hier_mod_3/bar11__531;hier_top_mod_5/hier_top_mod_4/hier_top_mod_3/hier_top_mod_2/hier_top_mod_0_0/hier_mod_3/bar7__19;hier_top_mod_5/hier_top_mod_4/hier_top_mod_3/hier_top_mod_2/hier_top_mod_0_0/hier_mod_3/bar7__28;hier_top_mod_5/hier_top_mod_4/hier_top_mod_3/hier_top_mod_2/hier_top_mod_0_0/hier_mod_3/bar7__141
hier_top_mod_5/hier_top_mod_4/hier_top_mod_3/hier_top_mod_2/hier_top_mod_1/hier_top_mod_0_1/hier_mod_1/merged_147,4,SNPSHOPT25_FSDN4_V2_0P5,SNPSLOPT25_FSDNQ_V3_1,SNPSLOPT25_FSDNQ_V3_1;SNPSHOPT25_FSDN_V2_1;SNPSLOPT25_FSDNQ_V3_2;SNPSHOPT25_FSDN_V2_2,SNPSLOPT25_FSDNQ_V3_1:1;SNPSHOPT25_FSDN_V2_1:1;SNPSLOPT25_FSDNQ_V3_2:1;SNPSHOPT25_FSDN_V2_2:1,0.001048;0.000717;0.000982;0.000690,0.003436,0.003615,-0.000179,hier_top_mod_5/hier_top_mod_4/hier_top_mod_3/hier_top_mod_2/hier_top_mod_1/hier_top_mod_0_1/hier_mod_1/bar7__223;hier_top_mod_5/hier_top_mod_4/hier_top_mod_3/hier_top_mod_2/hier_top_mod_1/hier_top_mod_0_1/hier_mod_1/bar11__304;hier_top_mod_5/hier_top_mod_4/hier_top_mod_3/hier_top_mod_2/hier_top_mod_1/hier_top_mod_0_1/hier_mod_1/bar11__392;hier_top_mod_5/hier_top_mod_4/hier_top_mod_3/hier_top_mod_2/hier_top_mod_1/hier_top_mod_0_1/hier_mod_1/bar7__110
hier_top_mod_5/hier_top_mod_4/hier_top_mod_3/hier_top_mod_2/hier_top_mod_1/hier_top_mod_0_1/hier_mod_5/merged_148,2,SNPSHOPT25_FSDN2_V2_0P5,SNPSHOPT25_FSDN_V2_1,SNPSHOPT25_FSDN_V2_1,SNPSHOPT25_FSDN_V2_1:2,0.000717;0.000717,0.001433,0.001667,-0.000234,hier_top_mod_5/hier_top_mod_4/hier_top_mod_3/hier_top_mod_2/hier_top_mod_1/hier_top_mod_0_1/hier_mod_5/bar7__298;hier_top_mod_5/hier_top_mod_4/hier_top_mod_3/hier_top_mod_2/hier_top_mod_1/hier_top_mod_0_1/hier_mod_5/bar7__136
hier_top_mod_5/hier_top_mod_4/hier_top_mod_3/hier_top_mod_0_2/merged_149,2,SNPSHOPT25_FSDN2_V2_0P5,SNPSHOPT25_FSDN_V2_1,SNPSHOPT25_FSDN_V2_1;SNPSSLOPT25_FSDN_V2_2,SNPSHOPT25_FSDN_V2_1:1;SNPSSLOPT25_FSDN_V2_2:1,0.000717;0.000691,0.001408,0.001667,-0.000259,hier_top_mod_5/hier_top_mod_4/hier_top_mod_3/hier_top_mod_0_2/foo3__97;hier_top_mod_5/hier_top_mod_4/hier_top_mod_3/hier_top_mod_0_2/foo3__248
hier_top_mod_5/hier_top_mod_4/hier_top_mod_3/hier_top_mod_2/hier_top_mod_1/hier_mod_6/merged_150,4,SNPSHOPT25_FSDN4_V2_0P5,SNPSSLOPT25_FSDNQ_V3_2,SNPSHOPT25_FSDN_V2_1;SNPSSLOPT25_FSDNQ_V3_2;SNPSSLOPT25_FSDN_V2_2;SNPSHOPT25_FSDNQ_V3_2,SNPSHOPT25_FSDN_V2_1:1;SNPSSLOPT25_FSDNQ_V3_2:1;SNPSSLOPT25_FSDN_V2_2:1;SNPSHOPT25_FSDNQ_V3_2:1,0.000942;0.000691;0.000717;0.000946,0.003296,0.003615,-0.000319,hier_top_mod_5/hier_top_mod_4/hier_top_mod_3/hier_top_mod_2/hier_top_mod_1/hier_mod_6/foo3__197;hier_top_mod_5/hier_top_mod_4/hier_top_mod_3/hier_top_mod_2/hier_top_mod_1/hier_mod_6/foo3__5;hier_top_mod_5/hier_top_mod_4/hier_top_mod_3/hier_top_mod_2/hier_top_mod_1/hier_mod_6/foo3__205;hier_top_mod_5/hier_top_mod_4/hier_top_mod_3/hier_top_mod_2/hier_top_mod_1/hier_mod_6/foo3__203
hier_top_mod_5/hier_top_mod_4/hier_top_mod_3/hier_top_mod_2/hier_top_mod_0_0/hier_mod_3/merged_151,4,SNPSHOPT25_FSDN4_V2_0P5,SNPSSLOPT25_FSDN_V2_1,SNPSSLOPT25_FSDN_V2_1;SNPSROPT25_FSDNQ_V3_1;SNPSHOPT25_FSDN_V2_1;SNPSROPT25_FSDNQ_V3_4,SNPSSLOPT25_FSDN_V2_1:1;SNPSROPT25_FSDNQ_V3_1:1;SNPSHOPT25_FSDN_V2_1:1;SNPSROPT25_FSDNQ_V3_4:1,0.000718;0.001007;0.000717;0.000938,0.003380,0.003615,-0.000235,hier_top_mod_5/hier_top_mod_4/hier_top_mod_3/hier_top_mod_2/hier_top_mod_0_0/hier_mod_3/bar11__238;hier_top_mod_5/hier_top_mod_4/hier_top_mod_3/hier_top_mod_2/hier_top_mod_0_0/hier_mod_3/bar11__235;hier_top_mod_5/hier_top_mod_4/hier_top_mod_3/hier_top_mod_2/hier_top_mod_0_0/hier_mod_3/bar11__34;hier_top_mod_5/hier_top_mod_4/hier_top_mod_3/hier_top_mod_2/hier_top_mod_0_0/hier_mod_3/bar11__156
hier_top_mod_5/hier_top_mod_4/hier_top_mod_3/hier_top_mod_2/hier_top_mod_1/hier_mod_6/merged_152,4,SNPSHOPT25_FSDN4_V2_0P5,SNPSHOPT25_FSDNQ_V3_1,SNPSHOPT25_FSDN_V2_1;SNPSHOPT25_FSDNQ_V3_1;SNPSHOPT25_FSDNQ_V3_2;SNPSHOPT25_FSDN_V2_2,SNPSHOPT25_FSDN_V2_1:1;SNPSHOPT25_FSDNQ_V3_1:1;SNPSHOPT25_FSDNQ_V3_2:1;SNPSHOPT25_FSDN_V2_2:1,0.001014;0.000690;0.000946;0.000717,0.003367,0.003615,-0.000248,hier_top_mod_5/hier_top_mod_4/hier_top_mod_3/hier_top_mod_2/hier_top_mod_1/hier_mod_6/bar11__247;hier_top_mod_5/hier_top_mod_4/hier_top_mod_3/hier_top_mod_2/hier_top_mod_1/hier_mod_6/bar11__332;hier_top_mod_5/hier_top_mod_4/hier_top_mod_3/hier_top_mod_2/hier_top_mod_1/hier_mod_6/bar11__167;hier_top_mod_5/hier_top_mod_4/hier_top_mod_3/hier_top_mod_2/hier_top_mod_1/hier_mod_6/bar11__493
hier_top_mod_5/hier_top_mod_4/hier_top_mod_3/hier_top_mod_2/hier_top_mod_1/hier_top_mod_0_1/hier_mod_1/merged_153,2,SNPSHOPT25_FSDN2_V2_0P5,SNPSHOPT25_FSDN_V2_1,SNPSHOPT25_FSDN_V2_1;SNPSROPT25_FSDNQ_V3_2,SNPSHOPT25_FSDN_V2_1:1;SNPSROPT25_FSDNQ_V3_2:1,0.000717;0.000940,0.001657,0.001667,-0.000010,hier_top_mod_5/hier_top_mod_4/hier_top_mod_3/hier_top_mod_2/hier_top_mod_1/hier_top_mod_0_1/hier_mod_1/bar12__237;hier_top_mod_5/hier_top_mod_4/hier_top_mod_3/hier_top_mod_2/hier_top_mod_1/hier_top_mod_0_1/hier_mod_1/bar12__223
hier_top_mod_5/hier_top_mod_4/hier_top_mod_3/hier_top_mod_0_2/hier_mod_4/merged_154,2,SNPSHOPT25_FSDN2_V2_0P5,SNPSSLOPT25_FSDNQ_V3_4,SNPSSLOPT25_FSDNQ_V3_4;SNPSHOPT25_FSDN_V2_1,SNPSSLOPT25_FSDNQ_V3_4:1;SNPSHOPT25_FSDN_V2_1:1,0.000941;0.000717,0.001658,0.001667,-0.000009,hier_top_mod_5/hier_top_mod_4/hier_top_mod_3/hier_top_mod_0_2/hier_mod_4/mid15__348;hier_top_mod_5/hier_top_mod_4/hier_top_mod_3/hier_top_mod_0_2/hier_mod_4/bar14__135
hier_top_mod_5/hier_top_mod_4/hier_top_mod_3/hier_top_mod_2/hier_top_mod_0_0/hier_mod_3/merged_155,2,SNPSHOPT25_FSDN2_V2_0P5,SNPSHOPT25_FSDN_V2_1,SNPSHOPT25_FSDN_V2_1;SNPSLOPT25_FSDN_V2_2,SNPSHOPT25_FSDN_V2_1:1;SNPSLOPT25_FSDN_V2_2:1,0.000717;0.000721,0.001438,0.001667,-0.000229,hier_top_mod_5/hier_top_mod_4/hier_top_mod_3/hier_top_mod_2/hier_top_mod_0_0/hier_mod_3/bar12__75;hier_top_mod_5/hier_top_mod_4/hier_top_mod_3/hier_top_mod_2/hier_top_mod_0_0/hier_mod_3/bar12__349
hier_top_mod_5/hier_top_mod_4/hier_top_mod_3/hier_top_mod_2/hier_top_mod_0_0/hier_mod_3/merged_156,2,SNPSHOPT25_FSDN2_V2_0P5,SNPSHOPT25_FSDN_V2_1,SNPSHOPT25_FSDN_V2_1;SNPSROPT25_FSDNQ_V3_2,SNPSHOPT25_FSDN_V2_1:1;SNPSROPT25_FSDNQ_V3_2:1,0.000717;0.000940,0.001657,0.001667,-0.000010,hier_top_mod_5/hier_top_mod_4/hier_top_mod_3/hier_top_mod_2/hier_top_mod_0_0/hier_mod_3/bar12__21;hier_top_mod_5/hier_top_mod_4/hier_top_mod_3/hier_top_mod_2/hier_top_mod_0_0/hier_mod_3/bar12__196
hier_top_mod_5/hier_top_mod_4/hier_top_mod_3/hier_top_mod_2/hier_top_mod_0_0/hier_mod_0/merged_157,4,SNPSHOPT25_FSDN4_V2_0P5,SNPSSLOPT25_FSDN_V2_2,SNPSSLOPT25_FSDN_V2_2;SNPSROPT25_FSDN_V2_1;SNPSROPT25_FSDN_V2_2;SNPSHOPT25_FSDN_V2_1,SNPSSLOPT25_FSDN_V2_2:1;SNPSROPT25_FSDN_V2_1:1;SNPSROPT25_FSDN_V2_2:1;SNPSHOPT25_FSDN_V2_1:1,0.000691;0.000711;0.000685;0.000717,0.002804,0.003615,-0.000811,hier_top_mod_5/hier_top_mod_4/hier_top_mod_3/hier_top_mod_2/hier_top_mod_0_0/hier_mod_0/bar14__610;hier_top_mod_5/hier_top_mod_4/hier_top_mod_3/hier_top_mod_2/hier_top_mod_0_0/hier_mod_0/mid_hier14__393;hier_top_mod_5/hier_top_mod_4/hier_top_mod_3/hier_top_mod_2/hier_top_mod_0_0/hier_mod_0/bar14__442;hier_top_mod_5/hier_top_mod_4/hier_top_mod_3/hier_top_mod_2/hier_top_mod_0_0/hier_mod_0/mid14__336
hier_top_mod_5/hier_top_mod_4/hier_top_mod_3/hier_top_mod_2/hier_top_mod_0_0/hier_mod_0/merged_158,2,SNPSHOPT25_FSDN2_V2_0P5,SNPSHOPT25_FSDN_V2_1,SNPSHOPT25_FSDNQ_V3_1;SNPSHOPT25_FSDN_V2_1,SNPSHOPT25_FSDNQ_V3_1:1;SNPSHOPT25_FSDN_V2_1:1,0.000717;0.001014,0.001731,0.001667,0.000064,hier_top_mod_5/hier_top_mod_4/hier_top_mod_3/hier_top_mod_2/hier_top_mod_0_0/hier_mod_0/bar9__118;hier_top_mod_5/hier_top_mod_4/hier_top_mod_3/hier_top_mod_2/hier_top_mod_0_0/hier_mod_0/foo9__283
hier_top_mod_5/hier_top_mod_4/hier_top_mod_3/hier_top_mod_2/hier_top_mod_0_0/hier_mod_0/merged_159,4,SNPSHOPT25_FSDN4_V2_0P5,SNPSLOPT25_FSDNQ_V3_1,SNPSLOPT25_FSDN_V2_1;SNPSLOPT25_FSDNQ_V3_1;SNPSSLOPT25_FSDNQ_V3_4;SNPSHOPT25_FSDN_V2_1,SNPSLOPT25_FSDN_V2_1:1;SNPSLOPT25_FSDNQ_V3_1:1;SNPSSLOPT25_FSDNQ_V3_4:1;SNPSHOPT25_FSDN_V2_1:1,0.001048;0.000941;0.000717;0.000748,0.003454,0.003615,-0.000161,hier_top_mod_5/hier_top_mod_4/hier_top_mod_3/hier_top_mod_2/hier_top_mod_0_0/hier_mod_0/bar13__14;hier_top_mod_5/hier_top_mod_4/hier_top_mod_3/hier_top_mod_2/hier_top_mod_0_0/hier_mod_0/bar13__487;hier_top_mod_5/hier_top_mod_4/hier_top_mod_3/hier_top_mod_2/hier_top_mod_0_0/hier_mod_0/bar13__278;hier_top_mod_5/hier_top_mod_4/hier_top_mod_3/hier_top_mod_2/hier_top_mod_0_0/hier_mod_0/bar13__389
hier_top_mod_5/hier_top_mod_4/hier_top_mod_3/hier_top_mod_2/hier_top_mod_1/hier_top_mod_0_1/hier_mod_5/merged_160,2,SNPSHOPT25_FSDN2_V2_0P5,SNPSROPT25_FSDNQ_V3_4,SNPSROPT25_FSDNQ_V3_4;SNPSHOPT25_FSDN_V2_1,SNPSROPT25_FSDNQ_V3_4:1;SNPSHOPT25_FSDN_V2_1:1,0.000938;0.000717,0.001655,0.001667,-0.000012,hier_top_mod_5/hier_top_mod_4/hier_top_mod_3/hier_top_mod_2/hier_top_mod_1/hier_top_mod_0_1/hier_mod_5/mid_hier13__271;hier_top_mod_5/hier_top_mod_4/hier_top_mod_3/hier_top_mod_2/hier_top_mod_1/hier_top_mod_0_1/hier_mod_5/bar13__521
hier_top_mod_5/hier_top_mod_4/hier_top_mod_3/hier_top_mod_0_2/hier_mod_4/merged_161,2,SNPSHOPT25_FSDN2_V2_0P5,SNPSROPT25_FSDN_V2_1,SNPSROPT25_FSDN_V2_1;SNPSHOPT25_FSDN_V2_1,SNPSROPT25_FSDN_V2_1:1;SNPSHOPT25_FSDN_V2_1:1,0.000711;0.000717,0.001428,0.001667,-0.000239,hier_top_mod_5/hier_top_mod_4/hier_top_mod_3/hier_top_mod_0_2/hier_mod_4/bar13__692;hier_top_mod_5/hier_top_mod_4/hier_top_mod_3/hier_top_mod_0_2/hier_mod_4/bar13__359
hier_top_mod_5/hier_top_mod_4/hier_top_mod_3/hier_top_mod_2/hier_top_mod_1/hier_top_mod_0_1/hier_mod_5/merged_162,2,SNPSHOPT25_FSDN2_V2_0P5,SNPSHOPT25_FSDN_V2_1,SNPSHOPT25_FSDN_V2_1;SNPSLOPT25_FSDN_V2_2,SNPSHOPT25_FSDN_V2_1:1;SNPSLOPT25_FSDN_V2_2:1,0.000717;0.000721,0.001438,0.001667,-0.000229,hier_top_mod_5/hier_top_mod_4/hier_top_mod_3/hier_top_mod_2/hier_top_mod_1/hier_top_mod_0_1/hier_mod_5/bar15__133;hier_top_mod_5/hier_top_mod_4/hier_top_mod_3/hier_top_mod_2/hier_top_mod_1/hier_top_mod_0_1/hier_mod_5/bar15__245
hier_top_mod_5/hier_top_mod_4/hier_top_mod_3/hier_top_mod_2/hier_top_mod_1/hier_mod_6/merged_163,2,SNPSHOPT25_FSDN2_V2_0P5,SNPSHOPT25_FSDNQ_V3_4,SNPSHOPT25_FSDNQ_V3_4;SNPSHOPT25_FSDN_V2_1,SNPSHOPT25_FSDNQ_V3_4:1;SNPSHOPT25_FSDN_V2_1:1,0.000945;0.000717,0.001661,0.001667,-0.000006,hier_top_mod_5/hier_top_mod_4/hier_top_mod_3/hier_top_mod_2/hier_top_mod_1/hier_mod_6/foo6__96;hier_top_mod_5/hier_top_mod_4/hier_top_mod_3/hier_top_mod_2/hier_top_mod_1/hier_mod_6/foo6__124
hier_top_mod_5/hier_top_mod_4/hier_top_mod_3/hier_top_mod_2/hier_top_mod_1/hier_top_mod_0_1/hier_mod_5/merged_164,2,SNPSHOPT25_FSDN2_V2_0P5,SNPSHOPT25_FSDN_V2_1,SNPSHOPT25_FSDN_V2_1;SNPSROPT25_FSDN_V2_2,SNPSHOPT25_FSDN_V2_1:1;SNPSROPT25_FSDN_V2_2:1,0.000717;0.000685,0.001401,0.001667,-0.000266,hier_top_mod_5/hier_top_mod_4/hier_top_mod_3/hier_top_mod_2/hier_top_mod_1/hier_top_mod_0_1/hier_mod_5/mid9__40;hier_top_mod_5/hier_top_mod_4/hier_top_mod_3/hier_top_mod_2/hier_top_mod_1/hier_top_mod_0_1/hier_mod_5/mid9__50
hier_top_mod_5/hier_top_mod_4/hier_top_mod_3/hier_top_mod_2/hier_top_mod_1/hier_mod_6/merged_165,2,SNPSHOPT25_FSDN2_V2_0P5,SNPSROPT25_FSDN_V2_1,SNPSROPT25_FSDN_V2_1;SNPSHOPT25_FSDN_V2_1,SNPSROPT25_FSDN_V2_1:1;SNPSHOPT25_FSDN_V2_1:1,0.000711;0.000717,0.001428,0.001667,-0.000239,hier_top_mod_5/hier_top_mod_4/hier_top_mod_3/hier_top_mod_2/hier_top_mod_1/hier_mod_6/foo8__196;hier_top_mod_5/hier_top_mod_4/hier_top_mod_3/hier_top_mod_2/hier_top_mod_1/hier_mod_6/mid8__76
hier_top_mod_5/hier_top_mod_4/hier_top_mod_3/hier_top_mod_2/hier_top_mod_0_0/hier_mod_3/merged_166,2,SNPSHOPT25_FSDN2_V2_0P5,SNPSLOPT25_FSDNQ_V3_1,SNPSLOPT25_FSDNQ_V3_1;SNPSHOPT25_FSDN_V2_1,SNPSLOPT25_FSDNQ_V3_1:1;SNPSHOPT25_FSDN_V2_1:1,0.001048;0.000717,0.001765,0.001667,0.000098,hier_top_mod_5/hier_top_mod_4/hier_top_mod_3/hier_top_mod_2/hier_top_mod_0_0/hier_mod_3/mid_hier13__20;hier_top_mod_5/hier_top_mod_4/hier_top_mod_3/hier_top_mod_2/hier_top_mod_0_0/hier_mod_3/mid_hier13__338
hier_top_mod_5/hier_top_mod_4/hier_top_mod_3/hier_top_mod_2/hier_top_mod_0_0/hier_mod_0/merged_167,4,SNPSHOPT25_FSDN4_V2_0P5,SNPSHOPT25_FSDNQ_V3_4,SNPSHOPT25_FSDNQ_V3_4;SNPSSLOPT25_FSDNQ_V3_2;SNPSHOPT25_FSDN_V2_1;SNPSSLOPT25_FSDNQ_V3_4,SNPSHOPT25_FSDNQ_V3_4:1;SNPSSLOPT25_FSDNQ_V3_2:1;SNPSHOPT25_FSDN_V2_1:1;SNPSSLOPT25_FSDNQ_V3_4:1,0.000945;0.000717;0.000942;0.000941,0.003545,0.003615,-0.000070,hier_top_mod_5/hier_top_mod_4/hier_top_mod_3/hier_top_mod_2/hier_top_mod_0_0/hier_mod_0/foo15__333;hier_top_mod_5/hier_top_mod_4/hier_top_mod_3/hier_top_mod_2/hier_top_mod_0_0/hier_mod_0/foo15__523;hier_top_mod_5/hier_top_mod_4/hier_top_mod_3/hier_top_mod_2/hier_top_mod_0_0/hier_mod_0/foo15__542;hier_top_mod_5/hier_top_mod_4/hier_top_mod_3/hier_top_mod_2/hier_top_mod_0_0/hier_mod_0/foo15__3
hier_top_mod_5/hier_top_mod_4/hier_top_mod_3/hier_top_mod_2/hier_top_mod_1/merged_168,2,SNPSHOPT25_FSDN2_V2_0P5,SNPSHOPT25_FSDN_V2_1,SNPSHOPT25_FSDN_V2_1;SNPSSLOPT25_FSDN_V2_2,SNPSHOPT25_FSDN_V2_1:1;SNPSSLOPT25_FSDN_V2_2:1,0.000717;0.000691,0.001408,0.001667,-0.000259,hier_top_mod_5/hier_top_mod_4/hier_top_mod_3/hier_top_mod_2/hier_top_mod_1/bar13__170;hier_top_mod_5/hier_top_mod_4/hier_top_mod_3/hier_top_mod_2/hier_top_mod_1/bar13__510
hier_top_mod_5/hier_top_mod_4/hier_top_mod_3/hier_top_mod_0_2/hier_mod_4/merged_169,4,SNPSHOPT25_FSDN4_V2_0P5,SNPSLOPT25_FSDNQ_V3_4,SNPSSLOPT25_FSDN_V2_1;SNPSLOPT25_FSDNQ_V3_4;SNPSHOPT25_FSDN_V2_1;SNPSSLOPT25_FSDNQ_V3_4,SNPSSLOPT25_FSDN_V2_1:1;SNPSLOPT25_FSDNQ_V3_4:1;SNPSHOPT25_FSDN_V2_1:1;SNPSSLOPT25_FSDNQ_V3_4:1,0.000982;0.000718;0.000717;0.000941,0.003358,0.003615,-0.000257,hier_top_mod_5/hier_top_mod_4/hier_top_mod_3/hier_top_mod_0_2/hier_mod_4/foo10__204;hier_top_mod_5/hier_top_mod_4/hier_top_mod_3/hier_top_mod_0_2/hier_mod_4/foo10__76;hier_top_mod_5/hier_top_mod_4/hier_top_mod_3/hier_top_mod_0_2/hier_mod_4/foo10__169;hier_top_mod_5/hier_top_mod_4/hier_top_mod_3/hier_top_mod_0_2/hier_mod_4/foo10__162
hier_top_mod_5/hier_top_mod_4/hier_top_mod_3/hier_top_mod_2/hier_top_mod_1/hier_mod_6/merged_170,2,SNPSHOPT25_FSDN2_V2_0P5,SNPSHOPT25_FSDN_V2_1,SNPSHOPT25_FSDN_V2_1;SNPSSLOPT25_FSDN_V2_4,SNPSHOPT25_FSDN_V2_1:1;SNPSSLOPT25_FSDN_V2_4:1,0.000717;0.000714,0.001430,0.001667,-0.000237,hier_top_mod_5/hier_top_mod_4/hier_top_mod_3/hier_top_mod_2/hier_top_mod_1/hier_mod_6/mid_hier13__311;hier_top_mod_5/hier_top_mod_4/hier_top_mod_3/hier_top_mod_2/hier_top_mod_1/hier_mod_6/mid_hier13__436
hier_top_mod_5/hier_top_mod_4/hier_top_mod_3/hier_top_mod_2/hier_top_mod_1/hier_top_mod_0_1/hier_mod_1/merged_171,2,SNPSHOPT25_FSDN2_V2_0P5,SNPSHOPT25_FSDN_V2_1,SNPSSLOPT25_FSDNQ_V3_2;SNPSHOPT25_FSDN_V2_1,SNPSSLOPT25_FSDNQ_V3_2:1;SNPSHOPT25_FSDN_V2_1:1,0.000717;0.000942,0.001659,0.001667,-0.000008,hier_top_mod_5/hier_top_mod_4/hier_top_mod_3/hier_top_mod_2/hier_top_mod_1/hier_top_mod_0_1/hier_mod_1/mid_hier13__554;hier_top_mod_5/hier_top_mod_4/hier_top_mod_3/hier_top_mod_2/hier_top_mod_1/hier_top_mod_0_1/hier_mod_1/mid13__282
hier_top_mod_5/hier_top_mod_4/hier_top_mod_3/hier_top_mod_2/hier_top_mod_1/hier_top_mod_0_1/hier_mod_5/merged_172,4,SNPSHOPT25_FSDN4_V2_0P5,SNPSHOPT25_FSDN_V2_1,SNPSSLOPT25_FSDNQ_V3_2;SNPSHOPT25_FSDN_V2_1;SNPSHOPT25_FSDN_V2_4,SNPSSLOPT25_FSDNQ_V3_2:1;SNPSHOPT25_FSDN_V2_1:2;SNPSHOPT25_FSDN_V2_4:1,0.000717;0.000712;0.000942;0.000717,0.003087,0.003615,-0.000528,hier_top_mod_5/hier_top_mod_4/hier_top_mod_3/hier_top_mod_2/hier_top_mod_1/hier_top_mod_0_1/hier_mod_5/mid9__175;hier_top_mod_5/hier_top_mod_4/hier_top_mod_3/hier_top_mod_2/hier_top_mod_1/hier_top_mod_0_1/hier_mod_5/mid9__285;hier_top_mod_5/hier_top_mod_4/hier_top_mod_3/hier_top_mod_2/hier_top_mod_1/hier_top_mod_0_1/hier_mod_5/mid9__86;hier_top_mod_5/hier_top_mod_4/hier_top_mod_3/hier_top_mod_2/hier_top_mod_1/hier_top_mod_0_1/hier_mod_5/mid9__121
hier_top_mod_5/hier_top_mod_4/hier_top_mod_3/hier_top_mod_2/hier_top_mod_1/hier_mod_6/merged_173,4,SNPSHOPT25_FSDN4_V2_0P5,SNPSROPT25_FSDNQ_V3_4,SNPSLOPT25_FSDNQ_V3_2;SNPSROPT25_FSDNQ_V3_4;SNPSSLOPT25_FSDNQ_V3_1;SNPSHOPT25_FSDN_V2_1,SNPSLOPT25_FSDNQ_V3_2:1;SNPSROPT25_FSDNQ_V3_4:1;SNPSSLOPT25_FSDNQ_V3_1:1;SNPSHOPT25_FSDN_V2_1:1,0.000938;0.001011;0.000982;0.000717,0.003648,0.003615,0.000033,hier_top_mod_5/hier_top_mod_4/hier_top_mod_3/hier_top_mod_2/hier_top_mod_1/hier_mod_6/bar14__770;hier_top_mod_5/hier_top_mod_4/hier_top_mod_3/hier_top_mod_2/hier_top_mod_1/hier_mod_6/bar14__666;hier_top_mod_5/hier_top_mod_4/hier_top_mod_3/hier_top_mod_2/hier_top_mod_1/hier_mod_6/bar14__628;hier_top_mod_5/hier_top_mod_4/hier_top_mod_3/hier_top_mod_2/hier_top_mod_1/hier_mod_6/bar14__378
hier_top_mod_5/hier_top_mod_4/hier_top_mod_3/hier_top_mod_2/hier_top_mod_1/hier_mod_6/merged_174,2,SNPSHOPT25_FSDN2_V2_0P5,SNPSSLOPT25_FSDNQ_V3_4,SNPSSLOPT25_FSDNQ_V3_4;SNPSHOPT25_FSDN_V2_1,SNPSSLOPT25_FSDNQ_V3_4:1;SNPSHOPT25_FSDN_V2_1:1,0.000941;0.000717,0.001658,0.001667,-0.000009,hier_top_mod_5/hier_top_mod_4/hier_top_mod_3/hier_top_mod_2/hier_top_mod_1/hier_mod_6/bar14__695;hier_top_mod_5/hier_top_mod_4/hier_top_mod_3/hier_top_mod_2/hier_top_mod_1/hier_mod_6/bar14__189
hier_top_mod_5/hier_top_mod_4/hier_top_mod_3/hier_top_mod_0_2/merged_175,2,SNPSHOPT25_FSDN2_V2_0P5,SNPSHOPT25_FSDN_V2_1,SNPSHOPT25_FSDN_V2_1;SNPSSLOPT25_FSDN_V2_2,SNPSHOPT25_FSDN_V2_1:1;SNPSSLOPT25_FSDN_V2_2:1,0.000717;0.000691,0.001408,0.001667,-0.000259,hier_top_mod_5/hier_top_mod_4/hier_top_mod_3/hier_top_mod_0_2/bar14__216;hier_top_mod_5/hier_top_mod_4/hier_top_mod_3/hier_top_mod_0_2/bar14__205
hier_top_mod_5/hier_top_mod_4/hier_top_mod_3/hier_top_mod_2/hier_top_mod_1/hier_mod_6/merged_176,2,SNPSHOPT25_FSDN2_V2_0P5,SNPSHOPT25_FSDN_V2_1,SNPSHOPT25_FSDN_V2_1;SNPSLOPT25_FSDN_V2_4,SNPSHOPT25_FSDN_V2_1:1;SNPSLOPT25_FSDN_V2_4:1,0.000717;0.000743,0.001460,0.001667,-0.000207,hier_top_mod_5/hier_top_mod_4/hier_top_mod_3/hier_top_mod_2/hier_top_mod_1/hier_mod_6/bar14__756;hier_top_mod_5/hier_top_mod_4/hier_top_mod_3/hier_top_mod_2/hier_top_mod_1/hier_mod_6/bar14__140
hier_top_mod_5/hier_top_mod_4/hier_top_mod_3/hier_top_mod_0_2/merged_177,4,SNPSHOPT25_FSDN4_V2_0P5,SNPSHOPT25_FSDNQ_V3_4,SNPSHOPT25_FSDN_V2_4;SNPSHOPT25_FSDNQ_V3_4;SNPSHOPT25_FSDN_V2_1;SNPSHOPT25_FSDNQ_V3_2,SNPSHOPT25_FSDN_V2_4:1;SNPSHOPT25_FSDNQ_V3_4:1;SNPSHOPT25_FSDN_V2_1:1;SNPSHOPT25_FSDNQ_V3_2:1,0.000945;0.000712;0.000717;0.000946,0.003320,0.003615,-0.000295,hier_top_mod_5/hier_top_mod_4/hier_top_mod_3/hier_top_mod_0_2/mid_hier14__572;hier_top_mod_5/hier_top_mod_4/hier_top_mod_3/hier_top_mod_0_2/mid_hier14__35;hier_top_mod_5/hier_top_mod_4/hier_top_mod_3/hier_top_mod_0_2/mid_hier14__168;hier_top_mod_5/hier_top_mod_4/hier_top_mod_3/hier_top_mod_0_2/mid_hier14__544
hier_top_mod_5/hier_top_mod_4/hier_top_mod_3/hier_top_mod_0_2/merged_178,4,SNPSHOPT25_FSDN4_V2_0P5,SNPSHOPT25_FSDN_V2_1,SNPSHOPT25_FSDN_V2_1;SNPSROPT25_FSDN_V2_4;SNPSHOPT25_FSDNQ_V3_4;SNPSROPT25_FSDNQ_V3_2,SNPSHOPT25_FSDN_V2_1:1;SNPSROPT25_FSDN_V2_4:1;SNPSHOPT25_FSDNQ_V3_4:1;SNPSROPT25_FSDNQ_V3_2:1,0.000717;0.000706;0.000945;0.000940,0.003308,0.003615,-0.000308,hier_top_mod_5/hier_top_mod_4/hier_top_mod_3/hier_top_mod_0_2/mid_hier14__60;hier_top_mod_5/hier_top_mod_4/hier_top_mod_3/hier_top_mod_0_2/mid_hier14__368;hier_top_mod_5/hier_top_mod_4/hier_top_mod_3/hier_top_mod_0_2/mid_hier14__545;hier_top_mod_5/hier_top_mod_4/hier_top_mod_3/hier_top_mod_0_2/mid_hier14__100
hier_top_mod_5/hier_top_mod_4/hier_top_mod_3/hier_top_mod_0_2/merged_179,4,SNPSHOPT25_FSDN4_V2_0P5,SNPSHOPT25_FSDNQ_V3_1,SNPSHOPT25_FSDN_V2_1;SNPSHOPT25_FSDNQ_V3_1;SNPSROPT25_FSDNQ_V3_1;SNPSLOPT25_FSDN_V2_2,SNPSHOPT25_FSDN_V2_1:1;SNPSHOPT25_FSDNQ_V3_1:1;SNPSROPT25_FSDNQ_V3_1:1;SNPSLOPT25_FSDN_V2_2:1,0.001014;0.000717;0.001007;0.000721,0.003459,0.003615,-0.000156,hier_top_mod_5/hier_top_mod_4/hier_top_mod_3/hier_top_mod_0_2/mid_hier14__219;hier_top_mod_5/hier_top_mod_4/hier_top_mod_3/hier_top_mod_0_2/mid_hier14__465;hier_top_mod_5/hier_top_mod_4/hier_top_mod_3/hier_top_mod_0_2/mid14__294;hier_top_mod_5/hier_top_mod_4/hier_top_mod_3/hier_top_mod_0_2/bar14__652
hier_top_mod_5/hier_top_mod_4/hier_top_mod_3/hier_top_mod_2/hier_top_mod_0_0/hier_mod_0/merged_180,4,SNPSHOPT25_FSDN4_V2_0P5,SNPSSLOPT25_FSDNQ_V3_2,SNPSHOPT25_FSDN_V2_1;SNPSSLOPT25_FSDNQ_V3_2;SNPSROPT25_FSDNQ_V3_1,SNPSHOPT25_FSDN_V2_1:1;SNPSSLOPT25_FSDNQ_V3_2:2;SNPSROPT25_FSDNQ_V3_1:1,0.000942;0.000717;0.001007;0.000942,0.003608,0.003615,-0.000008,hier_top_mod_5/hier_top_mod_4/hier_top_mod_3/hier_top_mod_2/hier_top_mod_0_0/hier_mod_0/mid_hier14__295;hier_top_mod_5/hier_top_mod_4/hier_top_mod_3/hier_top_mod_2/hier_top_mod_0_0/hier_mod_0/mid14__417;hier_top_mod_5/hier_top_mod_4/hier_top_mod_3/hier_top_mod_2/hier_top_mod_0_0/hier_mod_0/mid14__132;hier_top_mod_5/hier_top_mod_4/hier_top_mod_3/hier_top_mod_2/hier_top_mod_0_0/hier_mod_0/mid_hier14__430
hier_top_mod_5/hier_top_mod_4/hier_top_mod_3/hier_top_mod_2/hier_top_mod_0_0/hier_mod_0/merged_181,2,SNPSHOPT25_FSDN2_V2_0P5,SNPSROPT25_FSDN_V2_2,SNPSROPT25_FSDN_V2_2;SNPSHOPT25_FSDN_V2_1,SNPSROPT25_FSDN_V2_2:1;SNPSHOPT25_FSDN_V2_1:1,0.000685;0.000717,0.001401,0.001667,-0.000266,hier_top_mod_5/hier_top_mod_4/hier_top_mod_3/hier_top_mod_2/hier_top_mod_0_0/hier_mod_0/mid_hier14__367;hier_top_mod_5/hier_top_mod_4/hier_top_mod_3/hier_top_mod_2/hier_top_mod_0_0/hier_mod_0/bar14__54
hier_top_mod_5/hier_top_mod_4/hier_top_mod_3/hier_top_mod_2/hier_top_mod_0_0/hier_mod_3/merged_182,4,SNPSHOPT25_FSDN4_V2_0P5,SNPSROPT25_FSDN_V2_4,SNPSHOPT25_FSDN_V2_2;SNPSROPT25_FSDN_V2_4;SNPSHOPT25_FSDN_V2_4;SNPSHOPT25_FSDN_V2_1,SNPSHOPT25_FSDN_V2_2:1;SNPSROPT25_FSDN_V2_4:1;SNPSHOPT25_FSDN_V2_4:1;SNPSHOPT25_FSDN_V2_1:1,0.000706;0.000712;0.000717;0.000690,0.002824,0.003615,-0.000791,hier_top_mod_5/hier_top_mod_4/hier_top_mod_3/hier_top_mod_2/hier_top_mod_0_0/hier_mod_3/mid_hier14__152;hier_top_mod_5/hier_top_mod_4/hier_top_mod_3/hier_top_mod_2/hier_top_mod_0_0/hier_mod_3/mid14__365;hier_top_mod_5/hier_top_mod_4/hier_top_mod_3/hier_top_mod_2/hier_top_mod_0_0/hier_mod_3/mid14__525;hier_top_mod_5/hier_top_mod_4/hier_top_mod_3/hier_top_mod_2/hier_top_mod_0_0/hier_mod_3/mid_hier14__358
hier_top_mod_5/hier_top_mod_4/hier_top_mod_3/hier_top_mod_2/hier_top_mod_1/merged_183,4,SNPSHOPT25_FSDN4_V2_0P5,SNPSHOPT25_FSDN_V2_1,SNPSHOPT25_FSDNQ_V3_1;SNPSHOPT25_FSDN_V2_1;SNPSROPT25_FSDNQ_V3_2;SNPSLOPT25_FSDN_V2_4,SNPSHOPT25_FSDNQ_V3_1:1;SNPSHOPT25_FSDN_V2_1:1;SNPSROPT25_FSDNQ_V3_2:1;SNPSLOPT25_FSDN_V2_4:1,0.000717;0.000743;0.000940;0.001014,0.003413,0.003615,-0.000202,hier_top_mod_5/hier_top_mod_4/hier_top_mod_3/hier_top_mod_2/hier_top_mod_1/mid_hier14__546;hier_top_mod_5/hier_top_mod_4/hier_top_mod_3/hier_top_mod_2/hier_top_mod_1/mid_hier14__308;hier_top_mod_5/hier_top_mod_4/hier_top_mod_3/hier_top_mod_2/hier_top_mod_1/mid14__241;hier_top_mod_5/hier_top_mod_4/hier_top_mod_3/hier_top_mod_2/hier_top_mod_1/mid_hier14__597
hier_top_mod_5/hier_top_mod_4/hier_top_mod_3/hier_top_mod_2/hier_top_mod_1/hier_mod_6/merged_184,4,SNPSHOPT25_FSDN4_V2_0P5,SNPSHOPT25_FSDN_V2_1,SNPSHOPT25_FSDN_V2_1;SNPSSLOPT25_FSDN_V2_4;SNPSLOPT25_FSDN_V2_1;SNPSHOPT25_FSDNQ_V3_4,SNPSHOPT25_FSDN_V2_1:1;SNPSSLOPT25_FSDN_V2_4:1;SNPSLOPT25_FSDN_V2_1:1;SNPSHOPT25_FSDNQ_V3_4:1,0.000717;0.000748;0.000945;0.000714,0.003123,0.003615,-0.000492,hier_top_mod_5/hier_top_mod_4/hier_top_mod_3/hier_top_mod_2/hier_top_mod_1/hier_mod_6/mid_hier14__357;hier_top_mod_5/hier_top_mod_4/hier_top_mod_3/hier_top_mod_2/hier_top_mod_1/hier_mod_6/mid_hier14__117;hier_top_mod_5/hier_top_mod_4/hier_top_mod_3/hier_top_mod_2/hier_top_mod_1/hier_mod_6/bar14__53;hier_top_mod_5/hier_top_mod_4/hier_top_mod_3/hier_top_mod_2/hier_top_mod_1/hier_mod_6/bar14__314
hier_top_mod_5/hier_top_mod_4/hier_top_mod_3/hier_top_mod_2/hier_top_mod_1/hier_top_mod_0_1/hier_mod_1/merged_185,4,SNPSHOPT25_FSDN4_V2_0P5,SNPSROPT25_FSDN_V2_1,SNPSROPT25_FSDN_V2_1;SNPSLOPT25_FSDN_V2_1;SNPSSLOPT25_FSDN_V2_2;SNPSHOPT25_FSDN_V2_1,SNPSROPT25_FSDN_V2_1:1;SNPSLOPT25_FSDN_V2_1:1;SNPSSLOPT25_FSDN_V2_2:1;SNPSHOPT25_FSDN_V2_1:1,0.000711;0.000748;0.000691;0.000717,0.002867,0.003615,-0.000748,hier_top_mod_5/hier_top_mod_4/hier_top_mod_3/hier_top_mod_2/hier_top_mod_1/hier_top_mod_0_1/hier_mod_1/mid_hier14__582;hier_top_mod_5/hier_top_mod_4/hier_top_mod_3/hier_top_mod_2/hier_top_mod_1/hier_top_mod_0_1/hier_mod_1/mid_hier14__144;hier_top_mod_5/hier_top_mod_4/hier_top_mod_3/hier_top_mod_2/hier_top_mod_1/hier_top_mod_0_1/hier_mod_1/mid_hier14__562;hier_top_mod_5/hier_top_mod_4/hier_top_mod_3/hier_top_mod_2/hier_top_mod_1/hier_top_mod_0_1/hier_mod_1/bar14__486
hier_top_mod_5/hier_top_mod_4/hier_top_mod_3/hier_top_mod_2/hier_top_mod_1/hier_top_mod_0_1/hier_mod_5/merged_186,4,SNPSHOPT25_FSDN4_V2_0P5,SNPSSLOPT25_FSDNQ_V3_2,SNPSHOPT25_FSDN_V2_1;SNPSSLOPT25_FSDNQ_V3_2;SNPSLOPT25_FSDN_V2_4;SNPSHOPT25_FSDNQ_V3_4,SNPSHOPT25_FSDN_V2_1:1;SNPSSLOPT25_FSDNQ_V3_2:1;SNPSLOPT25_FSDN_V2_4:1;SNPSHOPT25_FSDNQ_V3_4:1,0.000942;0.000743;0.000717;0.000945,0.003346,0.003615,-0.000269,hier_top_mod_5/hier_top_mod_4/hier_top_mod_3/hier_top_mod_2/hier_top_mod_1/hier_top_mod_0_1/hier_mod_5/mid14__409;hier_top_mod_5/hier_top_mod_4/hier_top_mod_3/hier_top_mod_2/hier_top_mod_1/hier_top_mod_0_1/hier_mod_5/mid14__422;hier_top_mod_5/hier_top_mod_4/hier_top_mod_3/hier_top_mod_2/hier_top_mod_1/hier_top_mod_0_1/hier_mod_5/mid_hier14__249;hier_top_mod_5/hier_top_mod_4/hier_top_mod_3/hier_top_mod_2/hier_top_mod_1/hier_top_mod_0_1/hier_mod_5/mid_hier14__5
hier_top_mod_5/hier_top_mod_4/hier_top_mod_3/hier_top_mod_0_2/merged_187,2,SNPSHOPT25_FSDN2_V2_0P5,SNPSHOPT25_FSDN_V2_1,SNPSHOPT25_FSDN_V2_1;SNPSHOPT25_FSDN_V2_2,SNPSHOPT25_FSDN_V2_1:1;SNPSHOPT25_FSDN_V2_2:1,0.000717;0.000690,0.001406,0.001667,-0.000261,hier_top_mod_5/hier_top_mod_4/hier_top_mod_3/hier_top_mod_0_2/mid_hier10__136;hier_top_mod_5/hier_top_mod_4/hier_top_mod_3/hier_top_mod_0_2/mid10__221
hier_top_mod_5/hier_top_mod_4/hier_top_mod_3/hier_top_mod_2/hier_top_mod_1/hier_top_mod_0_1/hier_mod_5/merged_188,2,SNPSHOPT25_FSDN2_V2_0P5,SNPSLOPT25_FSDN_V2_2,SNPSLOPT25_FSDN_V2_2;SNPSHOPT25_FSDN_V2_1,SNPSLOPT25_FSDN_V2_2:1;SNPSHOPT25_FSDN_V2_1:1,0.000721;0.000717,0.001438,0.001667,-0.000229,hier_top_mod_5/hier_top_mod_4/hier_top_mod_3/hier_top_mod_2/hier_top_mod_1/hier_top_mod_0_1/hier_mod_5/mid_hier10__194;hier_top_mod_5/hier_top_mod_4/hier_top_mod_3/hier_top_mod_2/hier_top_mod_1/hier_top_mod_0_1/hier_mod_5/mid10__112
hier_top_mod_5/hier_top_mod_4/hier_top_mod_3/hier_top_mod_0_2/hier_mod_2/merged_189,2,SNPSHOPT25_FSDN2_V2_0P5,SNPSSLOPT25_FSDNQ_V3_1,SNPSSLOPT25_FSDNQ_V3_1;SNPSHOPT25_FSDN_V2_1,SNPSSLOPT25_FSDNQ_V3_1:1;SNPSHOPT25_FSDN_V2_1:1,0.001011;0.000717,0.001728,0.001667,0.000061,hier_top_mod_5/hier_top_mod_4/hier_top_mod_3/hier_top_mod_0_2/hier_mod_2/bar5__145;hier_top_mod_5/hier_top_mod_4/hier_top_mod_3/hier_top_mod_0_2/hier_mod_2/mid5__22
hier_top_mod_5/hier_top_mod_4/hier_top_mod_3/hier_top_mod_0_2/hier_mod_4/merged_190,2,SNPSHOPT25_FSDN2_V2_0P5,SNPSHOPT25_FSDN_V2_1,SNPSSLOPT25_FSDNQ_V3_2;SNPSHOPT25_FSDN_V2_1,SNPSSLOPT25_FSDNQ_V3_2:1;SNPSHOPT25_FSDN_V2_1:1,0.000717;0.000942,0.001659,0.001667,-0.000008,hier_top_mod_5/hier_top_mod_4/hier_top_mod_3/hier_top_mod_0_2/hier_mod_4/mid3__202;hier_top_mod_5/hier_top_mod_4/hier_top_mod_3/hier_top_mod_0_2/hier_mod_4/foo3__116
hier_top_mod_5/hier_top_mod_4/hier_top_mod_3/hier_top_mod_2/hier_top_mod_1/hier_top_mod_0_1/hier_mod_1/merged_191,2,SNPSHOPT25_FSDN2_V2_0P5,SNPSLOPT25_FSDN_V2_1,SNPSLOPT25_FSDN_V2_1;SNPSHOPT25_FSDN_V2_1,SNPSLOPT25_FSDN_V2_1:1;SNPSHOPT25_FSDN_V2_1:1,0.000748;0.000717,0.001464,0.001667,-0.000203,hier_top_mod_5/hier_top_mod_4/hier_top_mod_3/hier_top_mod_2/hier_top_mod_1/hier_top_mod_0_1/hier_mod_1/mid3__151;hier_top_mod_5/hier_top_mod_4/hier_top_mod_3/hier_top_mod_2/hier_top_mod_1/hier_top_mod_0_1/hier_mod_1/mid3__175
hier_top_mod_5/hier_top_mod_4/hier_top_mod_3/hier_top_mod_2/hier_top_mod_1/hier_top_mod_0_1/hier_mod_1/merged_192,2,SNPSHOPT25_FSDN2_V2_0P5,SNPSSLOPT25_FSDN_V2_1,SNPSSLOPT25_FSDN_V2_1;SNPSHOPT25_FSDN_V2_1,SNPSSLOPT25_FSDN_V2_1:1;SNPSHOPT25_FSDN_V2_1:1,0.000718;0.000717,0.001435,0.001667,-0.000232,hier_top_mod_5/hier_top_mod_4/hier_top_mod_3/hier_top_mod_2/hier_top_mod_1/hier_top_mod_0_1/hier_mod_1/bar7__151;hier_top_mod_5/hier_top_mod_4/hier_top_mod_3/hier_top_mod_2/hier_top_mod_1/hier_top_mod_0_1/hier_mod_1/mid12__54
hier_top_mod_5/hier_top_mod_4/hier_top_mod_3/hier_top_mod_2/hier_top_mod_1/hier_mod_6/merged_193,4,SNPSHOPT25_FSDN4_V2_0P5,SNPSHOPT25_FSDN_V2_2,SNPSHOPT25_FSDN_V2_2;SNPSROPT25_FSDNQ_V3_1;SNPSLOPT25_FSDNQ_V3_2;SNPSHOPT25_FSDN_V2_1,SNPSHOPT25_FSDN_V2_2:1;SNPSROPT25_FSDNQ_V3_1:1;SNPSLOPT25_FSDNQ_V3_2:1;SNPSHOPT25_FSDN_V2_1:1,0.000690;0.001007;0.000982;0.000717,0.003395,0.003615,-0.000220,hier_top_mod_5/hier_top_mod_4/hier_top_mod_3/hier_top_mod_2/hier_top_mod_1/hier_mod_6/bar15__242;hier_top_mod_5/hier_top_mod_4/hier_top_mod_3/hier_top_mod_2/hier_top_mod_1/hier_mod_6/bar15__145;hier_top_mod_5/hier_top_mod_4/hier_top_mod_3/hier_top_mod_2/hier_top_mod_1/hier_mod_6/bar15__329;hier_top_mod_5/hier_top_mod_4/hier_top_mod_3/hier_top_mod_2/hier_top_mod_1/hier_mod_6/bar15__484
hier_top_mod_5/hier_top_mod_4/hier_top_mod_3/hier_top_mod_2/hier_top_mod_1/hier_top_mod_0_1/hier_mod_1/merged_194,4,SNPSHOPT25_FSDN4_V2_0P5,SNPSHOPT25_FSDN_V2_1,SNPSHOPT25_FSDNQ_V3_1;SNPSHOPT25_FSDN_V2_1;SNPSROPT25_FSDNQ_V3_4;SNPSHOPT25_FSDN_V2_2,SNPSHOPT25_FSDNQ_V3_1:1;SNPSHOPT25_FSDN_V2_1:1;SNPSROPT25_FSDNQ_V3_4:1;SNPSHOPT25_FSDN_V2_2:1,0.000717;0.000938;0.000690;0.001014,0.003358,0.003615,-0.000257,hier_top_mod_5/hier_top_mod_4/hier_top_mod_3/hier_top_mod_2/hier_top_mod_1/hier_top_mod_0_1/hier_mod_1/bar15__187;hier_top_mod_5/hier_top_mod_4/hier_top_mod_3/hier_top_mod_2/hier_top_mod_1/hier_top_mod_0_1/hier_mod_1/bar15__282;hier_top_mod_5/hier_top_mod_4/hier_top_mod_3/hier_top_mod_2/hier_top_mod_1/hier_top_mod_0_1/hier_mod_1/bar15__566;hier_top_mod_5/hier_top_mod_4/hier_top_mod_3/hier_top_mod_2/hier_top_mod_1/hier_top_mod_0_1/hier_mod_1/bar15__157
hier_top_mod_5/hier_top_mod_4/hier_top_mod_3/hier_top_mod_2/hier_top_mod_1/hier_top_mod_0_1/hier_mod_1/merged_195,2,SNPSHOPT25_FSDN2_V2_0P5,SNPSHOPT25_FSDN_V2_1,SNPSHOPT25_FSDN_V2_1;SNPSROPT25_FSDNQ_V3_2,SNPSHOPT25_FSDN_V2_1:1;SNPSROPT25_FSDNQ_V3_2:1,0.000717;0.000940,0.001657,0.001667,-0.000010,hier_top_mod_5/hier_top_mod_4/hier_top_mod_3/hier_top_mod_2/hier_top_mod_1/hier_top_mod_0_1/hier_mod_1/bar15__79;hier_top_mod_5/hier_top_mod_4/hier_top_mod_3/hier_top_mod_2/hier_top_mod_1/hier_top_mod_0_1/hier_mod_1/bar15__146
hier_top_mod_5/hier_top_mod_4/hier_top_mod_3/hier_top_mod_0_2/hier_mod_2/merged_196,4,SNPSHOPT25_FSDN4_V2_0P5,SNPSSLOPT25_FSDNQ_V3_4,SNPSSLOPT25_FSDNQ_V3_4;SNPSROPT25_FSDN_V2_4;SNPSROPT25_FSDNQ_V3_4;SNPSHOPT25_FSDN_V2_1,SNPSSLOPT25_FSDNQ_V3_4:1;SNPSROPT25_FSDN_V2_4:1;SNPSROPT25_FSDNQ_V3_4:1;SNPSHOPT25_FSDN_V2_1:1,0.000941;0.000706;0.000938;0.000717,0.003302,0.003615,-0.000313,hier_top_mod_5/hier_top_mod_4/hier_top_mod_3/hier_top_mod_0_2/hier_mod_2/bar15__45;hier_top_mod_5/hier_top_mod_4/hier_top_mod_3/hier_top_mod_0_2/hier_mod_2/bar15__387;hier_top_mod_5/hier_top_mod_4/hier_top_mod_3/hier_top_mod_0_2/hier_mod_2/bar15__336;hier_top_mod_5/hier_top_mod_4/hier_top_mod_3/hier_top_mod_0_2/hier_mod_2/bar15__25
hier_top_mod_5/hier_top_mod_4/hier_top_mod_3/hier_top_mod_2/hier_top_mod_1/hier_top_mod_0_1/hier_mod_5/merged_197,4,SNPSHOPT25_FSDN4_V2_0P5,SNPSHOPT25_FSDN_V2_4,SNPSHOPT25_FSDN_V2_4;SNPSHOPT25_FSDN_V2_1;SNPSHOPT25_FSDNQ_V3_2;SNPSROPT25_FSDNQ_V3_2,SNPSHOPT25_FSDN_V2_4:1;SNPSHOPT25_FSDN_V2_1:1;SNPSHOPT25_FSDNQ_V3_2:1;SNPSROPT25_FSDNQ_V3_2:1,0.000712;0.000717;0.000946;0.000940,0.003315,0.003615,-0.000300,hier_top_mod_5/hier_top_mod_4/hier_top_mod_3/hier_top_mod_2/hier_top_mod_1/hier_top_mod_0_1/hier_mod_5/foo16__75;hier_top_mod_5/hier_top_mod_4/hier_top_mod_3/hier_top_mod_2/hier_top_mod_1/hier_top_mod_0_1/hier_mod_5/foo16__19;hier_top_mod_5/hier_top_mod_4/hier_top_mod_3/hier_top_mod_2/hier_top_mod_1/hier_top_mod_0_1/hier_mod_5/foo16__557;hier_top_mod_5/hier_top_mod_4/hier_top_mod_3/hier_top_mod_2/hier_top_mod_1/hier_top_mod_0_1/hier_mod_5/foo16__383
hier_top_mod_5/hier_top_mod_4/hier_top_mod_3/hier_top_mod_0_2/merged_198,4,SNPSHOPT25_FSDN4_V2_0P5,SNPSLOPT25_FSDN_V2_4,SNPSLOPT25_FSDN_V2_4;SNPSHOPT25_FSDN_V2_1;SNPSSLOPT25_FSDNQ_V3_1;SNPSLOPT25_FSDNQ_V3_1,SNPSLOPT25_FSDN_V2_4:1;SNPSHOPT25_FSDN_V2_1:1;SNPSSLOPT25_FSDNQ_V3_1:1;SNPSLOPT25_FSDNQ_V3_1:1,0.000743;0.000717;0.001011;0.001048,0.003519,0.003615,-0.000096,hier_top_mod_5/hier_top_mod_4/hier_top_mod_3/hier_top_mod_0_2/bar15__597;hier_top_mod_5/hier_top_mod_4/hier_top_mod_3/hier_top_mod_0_2/bar15__241;hier_top_mod_5/hier_top_mod_4/hier_top_mod_3/hier_top_mod_0_2/bar15__367;hier_top_mod_5/hier_top_mod_4/hier_top_mod_3/hier_top_mod_0_2/bar15__598
hier_top_mod_5/hier_top_mod_4/hier_top_mod_3/hier_top_mod_2/hier_top_mod_1/hier_top_mod_0_1/hier_mod_1/merged_199,2,SNPSHOPT25_FSDN2_V2_0P5,SNPSHOPT25_FSDN_V2_1,SNPSHOPT25_FSDN_V2_1;SNPSLOPT25_FSDNQ_V3_2,SNPSHOPT25_FSDN_V2_1:1;SNPSLOPT25_FSDNQ_V3_2:1,0.000717;0.000982,0.001698,0.001667,0.000031,hier_top_mod_5/hier_top_mod_4/hier_top_mod_3/hier_top_mod_2/hier_top_mod_1/hier_top_mod_0_1/hier_mod_1/bar15__430;hier_top_mod_5/hier_top_mod_4/hier_top_mod_3/hier_top_mod_2/hier_top_mod_1/hier_top_mod_0_1/hier_mod_1/bar15__572
hier_top_mod_5/hier_top_mod_4/hier_top_mod_3/hier_top_mod_2/hier_top_mod_1/hier_top_mod_0_1/hier_mod_5/merged_200,2,SNPSHOPT25_FSDN2_V2_0P5,SNPSHOPT25_FSDN_V2_1,SNPSHOPT25_FSDN_V2_1;SNPSLOPT25_FSDNQ_V3_1,SNPSHOPT25_FSDN_V2_1:1;SNPSLOPT25_FSDNQ_V3_1:1,0.000717;0.001048,0.001765,0.001667,0.000098,hier_top_mod_5/hier_top_mod_4/hier_top_mod_3/hier_top_mod_2/hier_top_mod_1/hier_top_mod_0_1/hier_mod_5/mid3__94;hier_top_mod_5/hier_top_mod_4/hier_top_mod_3/hier_top_mod_2/hier_top_mod_1/hier_top_mod_0_1/hier_mod_5/mid3__208
hier_top_mod_5/hier_top_mod_4/hier_top_mod_3/hier_top_mod_2/hier_top_mod_1/hier_top_mod_0_1/hier_mod_5/merged_201,2,SNPSHOPT25_FSDN2_V2_0P5,SNPSHOPT25_FSDN_V2_1,SNPSHOPT25_FSDN_V2_1;SNPSHOPT25_FSDNQ_V3_2,SNPSHOPT25_FSDN_V2_1:1;SNPSHOPT25_FSDNQ_V3_2:1,0.000717;0.000946,0.001663,0.001667,-0.000004,hier_top_mod_5/hier_top_mod_4/hier_top_mod_3/hier_top_mod_2/hier_top_mod_1/hier_top_mod_0_1/hier_mod_5/mid16__94;hier_top_mod_5/hier_top_mod_4/hier_top_mod_3/hier_top_mod_2/hier_top_mod_1/hier_top_mod_0_1/hier_mod_5/mid16__146
hier_top_mod_5/hier_top_mod_4/hier_top_mod_3/hier_top_mod_0_2/hier_mod_4/merged_202,4,SNPSHOPT25_FSDN4_V2_0P5,SNPSHOPT25_FSDN_V2_4,SNPSHOPT25_FSDN_V2_4;SNPSROPT25_FSDNQ_V3_1;SNPSLOPT25_FSDN_V2_4;SNPSHOPT25_FSDN_V2_1,SNPSHOPT25_FSDN_V2_4:1;SNPSROPT25_FSDNQ_V3_1:1;SNPSLOPT25_FSDN_V2_4:1;SNPSHOPT25_FSDN_V2_1:1,0.000712;0.001007;0.000743;0.000717,0.003178,0.003615,-0.000437,hier_top_mod_5/hier_top_mod_4/hier_top_mod_3/hier_top_mod_0_2/hier_mod_4/bar15__243;hier_top_mod_5/hier_top_mod_4/hier_top_mod_3/hier_top_mod_0_2/hier_mod_4/bar15__307;hier_top_mod_5/hier_top_mod_4/hier_top_mod_3/hier_top_mod_0_2/hier_mod_4/bar15__84;hier_top_mod_5/hier_top_mod_4/hier_top_mod_3/hier_top_mod_0_2/hier_mod_4/mid15__382
hier_top_mod_5/hier_top_mod_4/hier_top_mod_3/hier_top_mod_2/hier_top_mod_0_0/hier_mod_0/merged_203,4,SNPSHOPT25_FSDN4_V2_0P5,SNPSROPT25_FSDN_V2_1,SNPSROPT25_FSDN_V2_1;SNPSHOPT25_FSDN_V2_1;SNPSSLOPT25_FSDN_V2_4,SNPSROPT25_FSDN_V2_1:2;SNPSHOPT25_FSDN_V2_1:1;SNPSSLOPT25_FSDN_V2_4:1,0.000711;0.000711;0.000717;0.000714,0.002853,0.003615,-0.000762,hier_top_mod_5/hier_top_mod_4/hier_top_mod_3/hier_top_mod_2/hier_top_mod_0_0/hier_mod_0/bar15__520;hier_top_mod_5/hier_top_mod_4/hier_top_mod_3/hier_top_mod_2/hier_top_mod_0_0/hier_mod_0/bar15__250;hier_top_mod_5/hier_top_mod_4/hier_top_mod_3/hier_top_mod_2/hier_top_mod_0_0/hier_mod_0/bar15__457;hier_top_mod_5/hier_top_mod_4/hier_top_mod_3/hier_top_mod_2/hier_top_mod_0_0/hier_mod_0/bar15__204
hier_top_mod_5/hier_top_mod_4/hier_top_mod_3/hier_top_mod_2/hier_top_mod_0_0/hier_mod_0/merged_204,4,SNPSHOPT25_FSDN4_V2_0P5,SNPSSLOPT25_FSDN_V2_1,SNPSSLOPT25_FSDN_V2_1;SNPSLOPT25_FSDNQ_V3_1;SNPSHOPT25_FSDN_V2_1;SNPSHOPT25_FSDNQ_V3_4,SNPSSLOPT25_FSDN_V2_1:1;SNPSLOPT25_FSDNQ_V3_1:1;SNPSHOPT25_FSDN_V2_1:1;SNPSHOPT25_FSDNQ_V3_4:1,0.000718;0.001048;0.000717;0.000945,0.003428,0.003615,-0.000187,hier_top_mod_5/hier_top_mod_4/hier_top_mod_3/hier_top_mod_2/hier_top_mod_0_0/hier_mod_0/mid15__559;hier_top_mod_5/hier_top_mod_4/hier_top_mod_3/hier_top_mod_2/hier_top_mod_0_0/hier_mod_0/mid15__523;hier_top_mod_5/hier_top_mod_4/hier_top_mod_3/hier_top_mod_2/hier_top_mod_0_0/hier_mod_0/mid15__409;hier_top_mod_5/hier_top_mod_4/hier_top_mod_3/hier_top_mod_2/hier_top_mod_0_0/hier_mod_0/mid15__246
hier_top_mod_5/hier_top_mod_4/hier_top_mod_3/hier_top_mod_2/hier_top_mod_0_0/hier_mod_3/merged_205,4,SNPSHOPT25_FSDN4_V2_0P5,SNPSSLOPT25_FSDN_V2_1,SNPSLOPT25_FSDN_V2_4;SNPSSLOPT25_FSDN_V2_1;SNPSHOPT25_FSDN_V2_1;SNPSROPT25_FSDN_V2_2,SNPSLOPT25_FSDN_V2_4:1;SNPSSLOPT25_FSDN_V2_1:1;SNPSHOPT25_FSDN_V2_1:1;SNPSROPT25_FSDN_V2_2:1,0.000718;0.000717;0.000743;0.000685,0.002862,0.003615,-0.000753,hier_top_mod_5/hier_top_mod_4/hier_top_mod_3/hier_top_mod_2/hier_top_mod_0_0/hier_mod_3/mid15__451;hier_top_mod_5/hier_top_mod_4/hier_top_mod_3/hier_top_mod_2/hier_top_mod_0_0/hier_mod_3/mid15__436;hier_top_mod_5/hier_top_mod_4/hier_top_mod_3/hier_top_mod_2/hier_top_mod_0_0/hier_mod_3/mid15__387;hier_top_mod_5/hier_top_mod_4/hier_top_mod_3/hier_top_mod_2/hier_top_mod_0_0/hier_mod_3/mid15__554
hier_top_mod_5/hier_top_mod_4/hier_top_mod_3/hier_top_mod_0_2/merged_206,4,SNPSHOPT25_FSDN4_V2_0P5,SNPSHOPT25_FSDN_V2_2,SNPSHOPT25_FSDN_V2_2;SNPSSLOPT25_FSDN_V2_4;SNPSLOPT25_FSDNQ_V3_4;SNPSHOPT25_FSDN_V2_1,SNPSHOPT25_FSDN_V2_2:1;SNPSSLOPT25_FSDN_V2_4:1;SNPSLOPT25_FSDNQ_V3_4:1;SNPSHOPT25_FSDN_V2_1:1,0.000690;0.000714;0.000982;0.000717,0.003102,0.003615,-0.000513,hier_top_mod_5/hier_top_mod_4/hier_top_mod_3/hier_top_mod_0_2/foo7__251;hier_top_mod_5/hier_top_mod_4/hier_top_mod_3/hier_top_mod_0_2/bar16__186;hier_top_mod_5/hier_top_mod_4/hier_top_mod_3/hier_top_mod_0_2/mid16__264;hier_top_mod_5/hier_top_mod_4/hier_top_mod_3/hier_top_mod_0_2/bar16__439
hier_top_mod_5/hier_top_mod_4/hier_top_mod_3/hier_top_mod_2/hier_top_mod_1/merged_207,2,SNPSHOPT25_FSDN2_V2_0P5,SNPSROPT25_FSDN_V2_2,SNPSROPT25_FSDN_V2_2;SNPSHOPT25_FSDN_V2_1,SNPSROPT25_FSDN_V2_2:1;SNPSHOPT25_FSDN_V2_1:1,0.000685;0.000717,0.001401,0.001667,-0.000266,hier_top_mod_5/hier_top_mod_4/hier_top_mod_3/hier_top_mod_2/hier_top_mod_1/mid16__158;hier_top_mod_5/hier_top_mod_4/hier_top_mod_3/hier_top_mod_2/hier_top_mod_1/mid7__220
hier_top_mod_5/hier_top_mod_4/hier_top_mod_3/hier_top_mod_2/hier_top_mod_1/hier_top_mod_0_1/hier_mod_1/merged_208,2,SNPSHOPT25_FSDN2_V2_0P5,SNPSROPT25_FSDN_V2_1,SNPSROPT25_FSDN_V2_1;SNPSHOPT25_FSDN_V2_1,SNPSROPT25_FSDN_V2_1:1;SNPSHOPT25_FSDN_V2_1:1,0.000711;0.000717,0.001428,0.001667,-0.000239,hier_top_mod_5/hier_top_mod_4/hier_top_mod_3/hier_top_mod_2/hier_top_mod_1/hier_top_mod_0_1/hier_mod_1/mid16__49;hier_top_mod_5/hier_top_mod_4/hier_top_mod_3/hier_top_mod_2/hier_top_mod_1/hier_top_mod_0_1/hier_mod_1/mid16__148
hier_top_mod_5/hier_top_mod_4/hier_top_mod_3/hier_top_mod_2/hier_top_mod_1/hier_mod_6/merged_209,2,SNPSHOPT25_FSDN2_V2_0P5,SNPSHOPT25_FSDNQ_V3_1,SNPSHOPT25_FSDN_V2_1;SNPSHOPT25_FSDNQ_V3_1,SNPSHOPT25_FSDN_V2_1:1;SNPSHOPT25_FSDNQ_V3_1:1,0.001014;0.000717,0.001731,0.001667,0.000064,hier_top_mod_5/hier_top_mod_4/hier_top_mod_3/hier_top_mod_2/hier_top_mod_1/hier_mod_6/foo16__502;hier_top_mod_5/hier_top_mod_4/hier_top_mod_3/hier_top_mod_2/hier_top_mod_1/hier_mod_6/mid16__40
hier_top_mod_5/hier_top_mod_4/hier_top_mod_3/hier_top_mod_2/hier_top_mod_1/hier_top_mod_0_1/hier_mod_5/merged_210,4,SNPSHOPT25_FSDN4_V2_0P5,SNPSHOPT25_FSDN_V2_1,SNPSHOPT25_FSDN_V2_1;SNPSHOPT25_FSDN_V2_2;SNPSLOPT25_FSDN_V2_1;SNPSHOPT25_FSDN_V2_4,SNPSHOPT25_FSDN_V2_1:1;SNPSHOPT25_FSDN_V2_2:1;SNPSLOPT25_FSDN_V2_1:1;SNPSHOPT25_FSDN_V2_4:1,0.000717;0.000690;0.000748;0.000712,0.002866,0.003615,-0.000749,hier_top_mod_5/hier_top_mod_4/hier_top_mod_3/hier_top_mod_2/hier_top_mod_1/hier_top_mod_0_1/hier_mod_5/bar16__412;hier_top_mod_5/hier_top_mod_4/hier_top_mod_3/hier_top_mod_2/hier_top_mod_1/hier_top_mod_0_1/hier_mod_5/bar16__89;hier_top_mod_5/hier_top_mod_4/hier_top_mod_3/hier_top_mod_2/hier_top_mod_1/hier_top_mod_0_1/hier_mod_5/bar16__442;hier_top_mod_5/hier_top_mod_4/hier_top_mod_3/hier_top_mod_2/hier_top_mod_1/hier_top_mod_0_1/hier_mod_5/bar16__549
hier_top_mod_5/hier_top_mod_4/hier_top_mod_3/hier_top_mod_2/hier_top_mod_0_0/hier_mod_0/merged_211,4,SNPSHOPT25_FSDN4_V2_0P5,SNPSLOPT25_FSDNQ_V3_1,SNPSLOPT25_FSDNQ_V3_1;SNPSHOPT25_FSDN_V2_1;SNPSROPT25_FSDN_V2_2;SNPSROPT25_FSDN_V2_4,SNPSLOPT25_FSDNQ_V3_1:1;SNPSHOPT25_FSDN_V2_1:1;SNPSROPT25_FSDN_V2_2:1;SNPSROPT25_FSDN_V2_4:1,0.001048;0.000717;0.000685;0.000706,0.003156,0.003615,-0.000459,hier_top_mod_5/hier_top_mod_4/hier_top_mod_3/hier_top_mod_2/hier_top_mod_0_0/hier_mod_0/bar1__196;hier_top_mod_5/hier_top_mod_4/hier_top_mod_3/hier_top_mod_2/hier_top_mod_0_0/hier_mod_0/bar1__28;hier_top_mod_5/hier_top_mod_4/hier_top_mod_3/hier_top_mod_2/hier_top_mod_0_0/hier_mod_0/bar1__11;hier_top_mod_5/hier_top_mod_4/hier_top_mod_3/hier_top_mod_2/hier_top_mod_0_0/hier_mod_0/bar1__120
hier_top_mod_5/hier_top_mod_4/hier_top_mod_3/hier_top_mod_0_2/hier_mod_2/merged_212,2,SNPSHOPT25_FSDN2_V2_0P5,SNPSROPT25_FSDN_V2_2,SNPSROPT25_FSDN_V2_2;SNPSHOPT25_FSDN_V2_1,SNPSROPT25_FSDN_V2_2:1;SNPSHOPT25_FSDN_V2_1:1,0.000685;0.000717,0.001401,0.001667,-0.000266,hier_top_mod_5/hier_top_mod_4/hier_top_mod_3/hier_top_mod_0_2/hier_mod_2/foo2__197;hier_top_mod_5/hier_top_mod_4/hier_top_mod_3/hier_top_mod_0_2/hier_mod_2/foo2__133
hier_top_mod_5/hier_top_mod_4/hier_top_mod_3/hier_top_mod_2/hier_top_mod_1/hier_mod_6/merged_213,2,SNPSHOPT25_FSDN2_V2_0P5,SNPSHOPT25_FSDN_V2_1,SNPSHOPT25_FSDN_V2_1;SNPSHOPT25_FSDN_V2_2,SNPSHOPT25_FSDN_V2_1:1;SNPSHOPT25_FSDN_V2_2:1,0.000717;0.000690,0.001406,0.001667,-0.000261,hier_top_mod_5/hier_top_mod_4/hier_top_mod_3/hier_top_mod_2/hier_top_mod_1/hier_mod_6/bar13__413;hier_top_mod_5/hier_top_mod_4/hier_top_mod_3/hier_top_mod_2/hier_top_mod_1/hier_mod_6/foo13__594
hier_top_mod_5/hier_top_mod_4/hier_top_mod_3/hier_top_mod_2/hier_top_mod_1/hier_top_mod_0_1/hier_mod_5/merged_214,2,SNPSHOPT25_FSDN2_V2_0P5,SNPSHOPT25_FSDN_V2_1,SNPSHOPT25_FSDN_V2_1;SNPSHOPT25_FSDN_V2_4,SNPSHOPT25_FSDN_V2_1:1;SNPSHOPT25_FSDN_V2_4:1,0.000717;0.000712,0.001429,0.001667,-0.000238,hier_top_mod_5/hier_top_mod_4/hier_top_mod_3/hier_top_mod_2/hier_top_mod_1/hier_top_mod_0_1/hier_mod_5/mid2__265;hier_top_mod_5/hier_top_mod_4/hier_top_mod_3/hier_top_mod_2/hier_top_mod_1/hier_top_mod_0_1/hier_mod_5/mid2__294
hier_top_mod_5/hier_top_mod_4/hier_top_mod_3/hier_top_mod_0_2/hier_mod_2/merged_215,4,SNPSHOPT25_FSDN4_V2_0P5,SNPSHOPT25_FSDN_V2_1,SNPSHOPT25_FSDN_V2_1;SNPSROPT25_FSDNQ_V3_1;SNPSROPT25_FSDNQ_V3_4;SNPSSLOPT25_FSDNQ_V3_1,SNPSHOPT25_FSDN_V2_1:1;SNPSROPT25_FSDNQ_V3_1:1;SNPSROPT25_FSDNQ_V3_4:1;SNPSSLOPT25_FSDNQ_V3_1:1,0.000717;0.001007;0.000938;0.001011,0.003673,0.003615,0.000058,hier_top_mod_5/hier_top_mod_4/hier_top_mod_3/hier_top_mod_0_2/hier_mod_2/mid2__292;hier_top_mod_5/hier_top_mod_4/hier_top_mod_3/hier_top_mod_0_2/hier_mod_2/mid2__142;hier_top_mod_5/hier_top_mod_4/hier_top_mod_3/hier_top_mod_0_2/hier_mod_2/mid2__171;hier_top_mod_5/hier_top_mod_4/hier_top_mod_3/hier_top_mod_0_2/hier_mod_2/bar2__64
hier_top_mod_5/hier_top_mod_4/hier_top_mod_3/hier_top_mod_2/hier_top_mod_0_0/hier_mod_3/merged_216,2,SNPSHOPT25_FSDN2_V2_0P5,SNPSHOPT25_FSDN_V2_2,SNPSHOPT25_FSDN_V2_2;SNPSHOPT25_FSDN_V2_1,SNPSHOPT25_FSDN_V2_2:1;SNPSHOPT25_FSDN_V2_1:1,0.000690;0.000717,0.001406,0.001667,-0.000261,hier_top_mod_5/hier_top_mod_4/hier_top_mod_3/hier_top_mod_2/hier_top_mod_0_0/hier_mod_3/foo10__278;hier_top_mod_5/hier_top_mod_4/hier_top_mod_3/hier_top_mod_2/hier_top_mod_0_0/hier_mod_3/foo10__277
hier_top_mod_5/hier_top_mod_4/hier_top_mod_3/hier_top_mod_2/hier_top_mod_1/hier_mod_6/merged_217,2,SNPSHOPT25_FSDN2_V2_0P5,SNPSHOPT25_FSDN_V2_1,SNPSHOPT25_FSDN_V2_1;SNPSROPT25_FSDN_V2_1,SNPSHOPT25_FSDN_V2_1:1;SNPSROPT25_FSDN_V2_1:1,0.000717;0.000711,0.001428,0.001667,-0.000239,hier_top_mod_5/hier_top_mod_4/hier_top_mod_3/hier_top_mod_2/hier_top_mod_1/hier_mod_6/foo10__223;hier_top_mod_5/hier_top_mod_4/hier_top_mod_3/hier_top_mod_2/hier_top_mod_1/hier_mod_6/foo10__124
hier_top_mod_5/hier_top_mod_4/hier_top_mod_3/hier_top_mod_0_2/hier_mod_4/merged_218,2,SNPSHOPT25_FSDN2_V2_0P5,SNPSLOPT25_FSDNQ_V3_4,SNPSLOPT25_FSDNQ_V3_4;SNPSHOPT25_FSDN_V2_1,SNPSLOPT25_FSDNQ_V3_4:1;SNPSHOPT25_FSDN_V2_1:1,0.000982;0.000717,0.001699,0.001667,0.000032,hier_top_mod_5/hier_top_mod_4/hier_top_mod_3/hier_top_mod_0_2/hier_mod_4/mid2__3;hier_top_mod_5/hier_top_mod_4/hier_top_mod_3/hier_top_mod_0_2/hier_mod_4/mid2__103
hier_top_mod_5/hier_top_mod_4/hier_top_mod_3/hier_top_mod_2/hier_top_mod_0_0/hier_mod_0/merged_219,2,SNPSHOPT25_FSDN2_V2_0P5,SNPSLOPT25_FSDN_V2_4,SNPSLOPT25_FSDN_V2_4;SNPSHOPT25_FSDN_V2_1,SNPSLOPT25_FSDN_V2_4:1;SNPSHOPT25_FSDN_V2_1:1,0.000743;0.000717,0.001460,0.001667,-0.000207,hier_top_mod_5/hier_top_mod_4/hier_top_mod_3/hier_top_mod_2/hier_top_mod_0_0/hier_mod_0/mid2__135;hier_top_mod_5/hier_top_mod_4/hier_top_mod_3/hier_top_mod_2/hier_top_mod_0_0/hier_mod_0/bar2__289
hier_top_mod_5/hier_top_mod_4/hier_top_mod_3/hier_top_mod_2/hier_top_mod_1/hier_top_mod_0_1/hier_mod_5/merged_220,2,SNPSHOPT25_FSDN2_V2_0P5,SNPSHOPT25_FSDN_V2_1,SNPSHOPT25_FSDN_V2_1;SNPSSLOPT25_FSDNQ_V3_4,SNPSHOPT25_FSDN_V2_1:1;SNPSSLOPT25_FSDNQ_V3_4:1,0.000717;0.000941,0.001658,0.001667,-0.000009,hier_top_mod_5/hier_top_mod_4/hier_top_mod_3/hier_top_mod_2/hier_top_mod_1/hier_top_mod_0_1/hier_mod_5/bar3__37;hier_top_mod_5/hier_top_mod_4/hier_top_mod_3/hier_top_mod_2/hier_top_mod_1/hier_top_mod_0_1/hier_mod_5/foo3__279
hier_top_mod_5/hier_top_mod_4/hier_top_mod_3/hier_top_mod_0_2/hier_mod_4/merged_221,2,SNPSHOPT25_FSDN2_V2_0P5,SNPSSLOPT25_FSDNQ_V3_1,SNPSSLOPT25_FSDNQ_V3_1;SNPSHOPT25_FSDN_V2_1,SNPSSLOPT25_FSDNQ_V3_1:1;SNPSHOPT25_FSDN_V2_1:1,0.001011;0.000717,0.001728,0.001667,0.000061,hier_top_mod_5/hier_top_mod_4/hier_top_mod_3/hier_top_mod_0_2/hier_mod_4/foo1__187;hier_top_mod_5/hier_top_mod_4/hier_top_mod_3/hier_top_mod_0_2/hier_mod_4/foo1__115
hier_top_mod_5/hier_top_mod_4/hier_top_mod_3/hier_top_mod_2/hier_top_mod_1/merged_222,2,SNPSHOPT25_FSDN2_V2_0P5,SNPSHOPT25_FSDN_V2_1,SNPSSLOPT25_FSDNQ_V3_2;SNPSHOPT25_FSDN_V2_1,SNPSSLOPT25_FSDNQ_V3_2:1;SNPSHOPT25_FSDN_V2_1:1,0.000717;0.000942,0.001659,0.001667,-0.000008,hier_top_mod_5/hier_top_mod_4/hier_top_mod_3/hier_top_mod_2/hier_top_mod_1/foo1__223;hier_top_mod_5/hier_top_mod_4/hier_top_mod_3/hier_top_mod_2/hier_top_mod_1/foo1__215
hier_top_mod_5/hier_top_mod_4/hier_top_mod_3/hier_top_mod_2/hier_top_mod_1/hier_mod_6/merged_223,2,SNPSHOPT25_FSDN2_V2_0P5,SNPSHOPT25_FSDN_V2_1,SNPSHOPT25_FSDN_V2_1;SNPSLOPT25_FSDNQ_V3_1,SNPSHOPT25_FSDN_V2_1:1;SNPSLOPT25_FSDNQ_V3_1:1,0.000717;0.001048,0.001765,0.001667,0.000098,hier_top_mod_5/hier_top_mod_4/hier_top_mod_3/hier_top_mod_2/hier_top_mod_1/hier_mod_6/foo1__34;hier_top_mod_5/hier_top_mod_4/hier_top_mod_3/hier_top_mod_2/hier_top_mod_1/hier_mod_6/foo1__67
hier_top_mod_5/hier_top_mod_4/hier_top_mod_3/hier_top_mod_2/hier_top_mod_0_0/hier_mod_3/merged_224,2,SNPSHOPT25_FSDN2_V2_0P5,SNPSLOPT25_FSDNQ_V3_1,SNPSLOPT25_FSDNQ_V3_1;SNPSHOPT25_FSDN_V2_1,SNPSLOPT25_FSDNQ_V3_1:1;SNPSHOPT25_FSDN_V2_1:1,0.001048;0.000717,0.001765,0.001667,0.000098,hier_top_mod_5/hier_top_mod_4/hier_top_mod_3/hier_top_mod_2/hier_top_mod_0_0/hier_mod_3/foo5__58;hier_top_mod_5/hier_top_mod_4/hier_top_mod_3/hier_top_mod_2/hier_top_mod_0_0/hier_mod_3/bar4__55
hier_top_mod_5/hier_top_mod_4/hier_top_mod_3/hier_top_mod_2/hier_top_mod_1/hier_top_mod_0_1/hier_mod_1/merged_225,2,SNPSHOPT25_FSDN2_V2_0P5,SNPSHOPT25_FSDN_V2_1,SNPSHOPT25_FSDN_V2_1;SNPSHOPT25_FSDNQ_V3_4,SNPSHOPT25_FSDN_V2_1:1;SNPSHOPT25_FSDNQ_V3_4:1,0.000717;0.000945,0.001661,0.001667,-0.000006,hier_top_mod_5/hier_top_mod_4/hier_top_mod_3/hier_top_mod_2/hier_top_mod_1/hier_top_mod_0_1/hier_mod_1/foo5__187;hier_top_mod_5/hier_top_mod_4/hier_top_mod_3/hier_top_mod_2/hier_top_mod_1/hier_top_mod_0_1/hier_mod_1/bar4__297
hier_top_mod_5/hier_top_mod_4/hier_top_mod_3/hier_top_mod_2/hier_top_mod_1/hier_mod_6/merged_226,2,SNPSHOPT25_FSDN2_V2_0P5,SNPSROPT25_FSDN_V2_2,SNPSROPT25_FSDN_V2_2;SNPSHOPT25_FSDN_V2_1,SNPSROPT25_FSDN_V2_2:1;SNPSHOPT25_FSDN_V2_1:1,0.000685;0.000717,0.001401,0.001667,-0.000266,hier_top_mod_5/hier_top_mod_4/hier_top_mod_3/hier_top_mod_2/hier_top_mod_1/hier_mod_6/bar4__65;hier_top_mod_5/hier_top_mod_4/hier_top_mod_3/hier_top_mod_2/hier_top_mod_1/hier_mod_6/bar4__109
hier_top_mod_5/hier_top_mod_4/hier_top_mod_3/hier_top_mod_2/hier_top_mod_1/hier_top_mod_0_1/hier_mod_5/merged_227,4,SNPSHOPT25_FSDN4_V2_0P5,SNPSSLOPT25_FSDN_V2_1,SNPSSLOPT25_FSDN_V2_1;SNPSROPT25_FSDN_V2_2;SNPSHOPT25_FSDN_V2_1,SNPSSLOPT25_FSDN_V2_1:2;SNPSROPT25_FSDN_V2_2:1;SNPSHOPT25_FSDN_V2_1:1,0.000718;0.000718;0.000685;0.000717,0.002838,0.003615,-0.000777,hier_top_mod_5/hier_top_mod_4/hier_top_mod_3/hier_top_mod_2/hier_top_mod_1/hier_top_mod_0_1/hier_mod_5/bar4__43;hier_top_mod_5/hier_top_mod_4/hier_top_mod_3/hier_top_mod_2/hier_top_mod_1/hier_top_mod_0_1/hier_mod_5/bar4__205;hier_top_mod_5/hier_top_mod_4/hier_top_mod_3/hier_top_mod_2/hier_top_mod_1/hier_top_mod_0_1/hier_mod_5/bar4__146;hier_top_mod_5/hier_top_mod_4/hier_top_mod_3/hier_top_mod_2/hier_top_mod_1/hier_top_mod_0_1/hier_mod_5/foo5__160
hier_top_mod_5/hier_top_mod_4/hier_top_mod_3/hier_top_mod_0_2/hier_mod_2/merged_228,4,SNPSHOPT25_FSDN4_V2_0P5,SNPSLOPT25_FSDN_V2_1,SNPSLOPT25_FSDN_V2_1;SNPSHOPT25_FSDN_V2_1;SNPSHOPT25_FSDNQ_V3_2;SNPSLOPT25_FSDNQ_V3_2,SNPSLOPT25_FSDN_V2_1:1;SNPSHOPT25_FSDN_V2_1:1;SNPSHOPT25_FSDNQ_V3_2:1;SNPSLOPT25_FSDNQ_V3_2:1,0.000748;0.000717;0.000946;0.000982,0.003392,0.003615,-0.000223,hier_top_mod_5/hier_top_mod_4/hier_top_mod_3/hier_top_mod_0_2/hier_mod_2/bar5__184;hier_top_mod_5/hier_top_mod_4/hier_top_mod_3/hier_top_mod_0_2/hier_mod_2/bar5__154;hier_top_mod_5/hier_top_mod_4/hier_top_mod_3/hier_top_mod_0_2/hier_mod_2/bar5__179;hier_top_mod_5/hier_top_mod_4/hier_top_mod_3/hier_top_mod_0_2/hier_mod_2/foo5__113
hier_top_mod_5/hier_top_mod_4/hier_top_mod_3/hier_top_mod_2/hier_top_mod_1/hier_top_mod_0_1/hier_mod_1/merged_229,4,SNPSHOPT25_FSDN4_V2_0P5,SNPSSLOPT25_FSDNQ_V3_1,SNPSSLOPT25_FSDNQ_V3_1;SNPSHOPT25_FSDN_V2_1;SNPSSLOPT25_FSDN_V2_2;SNPSLOPT25_FSDNQ_V3_1,SNPSSLOPT25_FSDNQ_V3_1:1;SNPSHOPT25_FSDN_V2_1:1;SNPSSLOPT25_FSDN_V2_2:1;SNPSLOPT25_FSDNQ_V3_1:1,0.001011;0.000717;0.000691;0.001048,0.003467,0.003615,-0.000148,hier_top_mod_5/hier_top_mod_4/hier_top_mod_3/hier_top_mod_2/hier_top_mod_1/hier_top_mod_0_1/hier_mod_1/bar5__64;hier_top_mod_5/hier_top_mod_4/hier_top_mod_3/hier_top_mod_2/hier_top_mod_1/hier_top_mod_0_1/hier_mod_1/bar5__181;hier_top_mod_5/hier_top_mod_4/hier_top_mod_3/hier_top_mod_2/hier_top_mod_1/hier_top_mod_0_1/hier_mod_1/bar5__224;hier_top_mod_5/hier_top_mod_4/hier_top_mod_3/hier_top_mod_2/hier_top_mod_1/hier_top_mod_0_1/hier_mod_1/bar5__268
hier_top_mod_5/hier_top_mod_4/hier_top_mod_3/hier_top_mod_2/hier_top_mod_0_0/hier_mod_0/merged_230,4,SNPSHOPT25_FSDN4_V2_0P5,SNPSHOPT25_FSDN_V2_2,SNPSHOPT25_FSDNQ_V3_2;SNPSHOPT25_FSDN_V2_2;SNPSROPT25_FSDN_V2_2;SNPSHOPT25_FSDN_V2_1,SNPSHOPT25_FSDNQ_V3_2:1;SNPSHOPT25_FSDN_V2_2:1;SNPSROPT25_FSDN_V2_2:1;SNPSHOPT25_FSDN_V2_1:1,0.000690;0.000685;0.000946;0.000717,0.003037,0.003615,-0.000578,hier_top_mod_5/hier_top_mod_4/hier_top_mod_3/hier_top_mod_2/hier_top_mod_0_0/hier_mod_0/mid6__203;hier_top_mod_5/hier_top_mod_4/hier_top_mod_3/hier_top_mod_2/hier_top_mod_0_0/hier_mod_0/mid6__131;hier_top_mod_5/hier_top_mod_4/hier_top_mod_3/hier_top_mod_2/hier_top_mod_0_0/hier_mod_0/mid6__227;hier_top_mod_5/hier_top_mod_4/hier_top_mod_3/hier_top_mod_2/hier_top_mod_0_0/hier_mod_0/mid6__121
hier_top_mod_5/hier_top_mod_4/hier_top_mod_3/hier_top_mod_2/hier_top_mod_1/hier_top_mod_0_1/hier_mod_1/merged_231,2,SNPSHOPT25_FSDN2_V2_0P5,SNPSHOPT25_FSDN_V2_1,SNPSHOPT25_FSDN_V2_1;SNPSROPT25_FSDNQ_V3_4,SNPSHOPT25_FSDN_V2_1:1;SNPSROPT25_FSDNQ_V3_4:1,0.000717;0.000938,0.001655,0.001667,-0.000012,hier_top_mod_5/hier_top_mod_4/hier_top_mod_3/hier_top_mod_2/hier_top_mod_1/hier_top_mod_0_1/hier_mod_1/mid16__121;hier_top_mod_5/hier_top_mod_4/hier_top_mod_3/hier_top_mod_2/hier_top_mod_1/hier_top_mod_0_1/hier_mod_1/mid16__135
hier_top_mod_5/hier_top_mod_4/hier_top_mod_3/hier_top_mod_0_2/hier_mod_2/merged_232,4,SNPSHOPT25_FSDN4_V2_0P5,SNPSHOPT25_FSDN_V2_1,SNPSHOPT25_FSDN_V2_1;SNPSLOPT25_FSDN_V2_4;SNPSHOPT25_FSDN_V2_2,SNPSHOPT25_FSDN_V2_1:1;SNPSLOPT25_FSDN_V2_4:2;SNPSHOPT25_FSDN_V2_2:1,0.000717;0.000743;0.000743;0.000690,0.002892,0.003615,-0.000723,hier_top_mod_5/hier_top_mod_4/hier_top_mod_3/hier_top_mod_0_2/hier_mod_2/bar4__1;hier_top_mod_5/hier_top_mod_4/hier_top_mod_3/hier_top_mod_0_2/hier_mod_2/mid4__144;hier_top_mod_5/hier_top_mod_4/hier_top_mod_3/hier_top_mod_0_2/hier_mod_2/mid4__198;hier_top_mod_5/hier_top_mod_4/hier_top_mod_3/hier_top_mod_0_2/hier_mod_2/mid4__5
hier_top_mod_5/hier_top_mod_4/hier_top_mod_3/hier_top_mod_2/hier_top_mod_0_0/hier_mod_3/merged_233,4,SNPSHOPT25_FSDN4_V2_0P5,SNPSHOPT25_FSDN_V2_1,SNPSHOPT25_FSDNQ_V3_1;SNPSHOPT25_FSDN_V2_1;SNPSROPT25_FSDNQ_V3_4;SNPSLOPT25_FSDNQ_V3_4,SNPSHOPT25_FSDNQ_V3_1:1;SNPSHOPT25_FSDN_V2_1:1;SNPSROPT25_FSDNQ_V3_4:1;SNPSLOPT25_FSDNQ_V3_4:1,0.000717;0.000938;0.001014;0.000982,0.003651,0.003615,0.000036,hier_top_mod_5/hier_top_mod_4/hier_top_mod_3/hier_top_mod_2/hier_top_mod_0_0/hier_mod_3/foo16__478;hier_top_mod_5/hier_top_mod_4/hier_top_mod_3/hier_top_mod_2/hier_top_mod_0_0/hier_mod_3/foo16__384;hier_top_mod_5/hier_top_mod_4/hier_top_mod_3/hier_top_mod_2/hier_top_mod_0_0/hier_mod_3/foo16__313;hier_top_mod_5/hier_top_mod_4/hier_top_mod_3/hier_top_mod_2/hier_top_mod_0_0/hier_mod_3/foo16__243
hier_top_mod_5/hier_top_mod_4/hier_top_mod_3/hier_top_mod_2/hier_top_mod_1/hier_top_mod_0_1/hier_mod_1/merged_234,2,SNPSHOPT25_FSDN2_V2_0P5,SNPSROPT25_FSDNQ_V3_4,SNPSROPT25_FSDNQ_V3_4;SNPSHOPT25_FSDN_V2_1,SNPSROPT25_FSDNQ_V3_4:1;SNPSHOPT25_FSDN_V2_1:1,0.000938;0.000717,0.001655,0.001667,-0.000012,hier_top_mod_5/hier_top_mod_4/hier_top_mod_3/hier_top_mod_2/hier_top_mod_1/hier_top_mod_0_1/hier_mod_1/foo16__411;hier_top_mod_5/hier_top_mod_4/hier_top_mod_3/hier_top_mod_2/hier_top_mod_1/hier_top_mod_0_1/hier_mod_1/foo16__424
hier_top_mod_5/hier_top_mod_4/hier_top_mod_3/hier_top_mod_2/hier_top_mod_0_0/hier_mod_3/merged_235,4,SNPSHOPT25_FSDN4_V2_0P5,SNPSHOPT25_FSDNQ_V3_2,SNPSHOPT25_FSDNQ_V3_2;SNPSHOPT25_FSDN_V2_1;SNPSROPT25_FSDNQ_V3_2;SNPSLOPT25_FSDNQ_V3_4,SNPSHOPT25_FSDNQ_V3_2:1;SNPSHOPT25_FSDN_V2_1:1;SNPSROPT25_FSDNQ_V3_2:1;SNPSLOPT25_FSDNQ_V3_4:1,0.000946;0.000717;0.000982;0.000940,0.003585,0.003615,-0.000030,hier_top_mod_5/hier_top_mod_4/hier_top_mod_3/hier_top_mod_2/hier_top_mod_0_0/hier_mod_3/foo16__179;hier_top_mod_5/hier_top_mod_4/hier_top_mod_3/hier_top_mod_2/hier_top_mod_0_0/hier_mod_3/foo16__532;hier_top_mod_5/hier_top_mod_4/hier_top_mod_3/hier_top_mod_2/hier_top_mod_0_0/hier_mod_3/foo16__486;hier_top_mod_5/hier_top_mod_4/hier_top_mod_3/hier_top_mod_2/hier_top_mod_0_0/hier_mod_3/foo16__221
hier_top_mod_5/hier_top_mod_4/hier_top_mod_3/hier_top_mod_2/hier_top_mod_1/hier_top_mod_0_1/hier_mod_1/merged_236,4,SNPSHOPT25_FSDN4_V2_0P5,SNPSHOPT25_FSDN_V2_1,SNPSHOPT25_FSDN_V2_1;SNPSROPT25_FSDNQ_V3_1;SNPSSLOPT25_FSDNQ_V3_4;SNPSSLOPT25_FSDN_V2_4,SNPSHOPT25_FSDN_V2_1:1;SNPSROPT25_FSDNQ_V3_1:1;SNPSSLOPT25_FSDNQ_V3_4:1;SNPSSLOPT25_FSDN_V2_4:1,0.000717;0.001007;0.000941;0.000714,0.003379,0.003615,-0.000236,hier_top_mod_5/hier_top_mod_4/hier_top_mod_3/hier_top_mod_2/hier_top_mod_1/hier_top_mod_0_1/hier_mod_1/bar6__37;hier_top_mod_5/hier_top_mod_4/hier_top_mod_3/hier_top_mod_2/hier_top_mod_1/hier_top_mod_0_1/hier_mod_1/bar6__76;hier_top_mod_5/hier_top_mod_4/hier_top_mod_3/hier_top_mod_2/hier_top_mod_1/hier_top_mod_0_1/hier_mod_1/bar6__3;hier_top_mod_5/hier_top_mod_4/hier_top_mod_3/hier_top_mod_2/hier_top_mod_1/hier_top_mod_0_1/hier_mod_1/bar6__135
hier_top_mod_5/hier_top_mod_4/hier_top_mod_3/hier_top_mod_2/hier_top_mod_1/hier_top_mod_0_1/hier_mod_5/merged_237,4,SNPSHOPT25_FSDN4_V2_0P5,SNPSSLOPT25_FSDN_V2_4,SNPSSLOPT25_FSDN_V2_4;SNPSLOPT25_FSDN_V2_4;SNPSHOPT25_FSDN_V2_1,SNPSSLOPT25_FSDN_V2_4:2;SNPSLOPT25_FSDN_V2_4:1;SNPSHOPT25_FSDN_V2_1:1,0.000714;0.000714;0.000743;0.000717,0.002887,0.003615,-0.000728,hier_top_mod_5/hier_top_mod_4/hier_top_mod_3/hier_top_mod_2/hier_top_mod_1/hier_top_mod_0_1/hier_mod_5/bar6__216;hier_top_mod_5/hier_top_mod_4/hier_top_mod_3/hier_top_mod_2/hier_top_mod_1/hier_top_mod_0_1/hier_mod_5/bar6__108;hier_top_mod_5/hier_top_mod_4/hier_top_mod_3/hier_top_mod_2/hier_top_mod_1/hier_top_mod_0_1/hier_mod_5/bar6__69;hier_top_mod_5/hier_top_mod_4/hier_top_mod_3/hier_top_mod_2/hier_top_mod_1/hier_top_mod_0_1/hier_mod_5/bar6__172
hier_top_mod_5/hier_top_mod_4/hier_top_mod_3/hier_top_mod_2/hier_top_mod_1/merged_238,2,SNPSHOPT25_FSDN2_V2_0P5,SNPSHOPT25_FSDN_V2_1,SNPSHOPT25_FSDN_V2_1;SNPSLOPT25_FSDNQ_V3_1,SNPSHOPT25_FSDN_V2_1:1;SNPSLOPT25_FSDNQ_V3_1:1,0.000717;0.001048,0.001765,0.001667,0.000098,hier_top_mod_5/hier_top_mod_4/hier_top_mod_3/hier_top_mod_2/hier_top_mod_1/foo6__232;hier_top_mod_5/hier_top_mod_4/hier_top_mod_3/hier_top_mod_2/hier_top_mod_1/mid6__19
hier_top_mod_5/hier_top_mod_4/hier_top_mod_3/hier_top_mod_2/hier_top_mod_1/hier_top_mod_0_1/hier_mod_5/merged_239,2,SNPSHOPT25_FSDN2_V2_0P5,SNPSHOPT25_FSDN_V2_1,SNPSHOPT25_FSDN_V2_1;SNPSLOPT25_FSDN_V2_1,SNPSHOPT25_FSDN_V2_1:1;SNPSLOPT25_FSDN_V2_1:1,0.000717;0.000748,0.001464,0.001667,-0.000203,hier_top_mod_5/hier_top_mod_4/hier_top_mod_3/hier_top_mod_2/hier_top_mod_1/hier_top_mod_0_1/hier_mod_5/mid7__112;hier_top_mod_5/hier_top_mod_4/hier_top_mod_3/hier_top_mod_2/hier_top_mod_1/hier_top_mod_0_1/hier_mod_5/mid7__223
hier_top_mod_5/hier_top_mod_4/hier_top_mod_3/hier_top_mod_2/hier_top_mod_1/hier_top_mod_0_1/hier_mod_1/merged_240,2,SNPSHOPT25_FSDN2_V2_0P5,SNPSHOPT25_FSDN_V2_1,SNPSHOPT25_FSDN_V2_1;SNPSROPT25_FSDNQ_V3_4,SNPSHOPT25_FSDN_V2_1:1;SNPSROPT25_FSDNQ_V3_4:1,0.000717;0.000938,0.001655,0.001667,-0.000012,hier_top_mod_5/hier_top_mod_4/hier_top_mod_3/hier_top_mod_2/hier_top_mod_1/hier_top_mod_0_1/hier_mod_1/mid10__85;hier_top_mod_5/hier_top_mod_4/hier_top_mod_3/hier_top_mod_2/hier_top_mod_1/hier_top_mod_0_1/hier_mod_1/mid_hier10__15
hier_top_mod_5/hier_top_mod_4/hier_top_mod_3/hier_top_mod_0_2/hier_mod_2/merged_241,4,SNPSHOPT25_FSDN4_V2_0P5,SNPSSLOPT25_FSDN_V2_1,SNPSSLOPT25_FSDN_V2_1;SNPSHOPT25_FSDN_V2_4;SNPSLOPT25_FSDNQ_V3_1;SNPSHOPT25_FSDN_V2_1,SNPSSLOPT25_FSDN_V2_1:1;SNPSHOPT25_FSDN_V2_4:1;SNPSLOPT25_FSDNQ_V3_1:1;SNPSHOPT25_FSDN_V2_1:1,0.000718;0.000712;0.001048;0.000717,0.003195,0.003615,-0.000420,hier_top_mod_5/hier_top_mod_4/hier_top_mod_3/hier_top_mod_0_2/hier_mod_2/mid_hier10__43;hier_top_mod_5/hier_top_mod_4/hier_top_mod_3/hier_top_mod_0_2/hier_mod_2/mid_hier10__138;hier_top_mod_5/hier_top_mod_4/hier_top_mod_3/hier_top_mod_0_2/hier_mod_2/mid10__118;hier_top_mod_5/hier_top_mod_4/hier_top_mod_3/hier_top_mod_0_2/hier_mod_2/bar7__190
hier_top_mod_5/hier_top_mod_4/hier_top_mod_3/hier_top_mod_2/hier_top_mod_0_0/hier_mod_0/merged_242,4,SNPSHOPT25_FSDN4_V2_0P5,SNPSHOPT25_FSDN_V2_1,SNPSHOPT25_FSDN_V2_1;SNPSROPT25_FSDNQ_V3_4;SNPSLOPT25_FSDNQ_V3_4,SNPSHOPT25_FSDN_V2_1:2;SNPSROPT25_FSDNQ_V3_4:1;SNPSLOPT25_FSDNQ_V3_4:1,0.000717;0.000717;0.000938;0.000982,0.003354,0.003615,-0.000261,hier_top_mod_5/hier_top_mod_4/hier_top_mod_3/hier_top_mod_2/hier_top_mod_0_0/hier_mod_0/bar11__250;hier_top_mod_5/hier_top_mod_4/hier_top_mod_3/hier_top_mod_2/hier_top_mod_0_0/hier_mod_0/bar11__115;hier_top_mod_5/hier_top_mod_4/hier_top_mod_3/hier_top_mod_2/hier_top_mod_0_0/hier_mod_0/bar10__255;hier_top_mod_5/hier_top_mod_4/hier_top_mod_3/hier_top_mod_2/hier_top_mod_0_0/hier_mod_0/mid10__93
hier_top_mod_5/hier_top_mod_4/hier_top_mod_3/hier_top_mod_2/hier_top_mod_0_0/hier_mod_3/merged_243,4,SNPSHOPT25_FSDN4_V2_0P5,SNPSSLOPT25_FSDN_V2_4,SNPSSLOPT25_FSDN_V2_4;SNPSROPT25_FSDN_V2_4;SNPSHOPT25_FSDN_V2_1;SNPSROPT25_FSDN_V2_2,SNPSSLOPT25_FSDN_V2_4:1;SNPSROPT25_FSDN_V2_4:1;SNPSHOPT25_FSDN_V2_1:1;SNPSROPT25_FSDN_V2_2:1,0.000714;0.000706;0.000717;0.000685,0.002821,0.003615,-0.000794,hier_top_mod_5/hier_top_mod_4/hier_top_mod_3/hier_top_mod_2/hier_top_mod_0_0/hier_mod_3/mid12__206;hier_top_mod_5/hier_top_mod_4/hier_top_mod_3/hier_top_mod_2/hier_top_mod_0_0/hier_mod_3/bar7__12;hier_top_mod_5/hier_top_mod_4/hier_top_mod_3/hier_top_mod_2/hier_top_mod_0_0/hier_mod_3/mid12__297;hier_top_mod_5/hier_top_mod_4/hier_top_mod_3/hier_top_mod_2/hier_top_mod_0_0/hier_mod_3/mid11__93
hier_top_mod_5/hier_top_mod_4/hier_top_mod_3/hier_top_mod_2/hier_top_mod_1/hier_mod_6/merged_244,4,SNPSHOPT25_FSDN4_V2_0P5,SNPSLOPT25_FSDN_V2_4,SNPSLOPT25_FSDN_V2_4;SNPSHOPT25_FSDN_V2_1;SNPSROPT25_FSDNQ_V3_1;SNPSHOPT25_FSDNQ_V3_4,SNPSLOPT25_FSDN_V2_4:1;SNPSHOPT25_FSDN_V2_1:1;SNPSROPT25_FSDNQ_V3_1:1;SNPSHOPT25_FSDNQ_V3_4:1,0.000743;0.000717;0.001007;0.000945,0.003411,0.003615,-0.000204,hier_top_mod_5/hier_top_mod_4/hier_top_mod_3/hier_top_mod_2/hier_top_mod_1/hier_mod_6/mid11__169;hier_top_mod_5/hier_top_mod_4/hier_top_mod_3/hier_top_mod_2/hier_top_mod_1/hier_mod_6/mid_hier10__217;hier_top_mod_5/hier_top_mod_4/hier_top_mod_3/hier_top_mod_2/hier_top_mod_1/hier_mod_6/mid11__257;hier_top_mod_5/hier_top_mod_4/hier_top_mod_3/hier_top_mod_2/hier_top_mod_1/hier_mod_6/mid10__165
hier_top_mod_5/hier_top_mod_4/hier_top_mod_3/hier_top_mod_0_2/hier_mod_4/merged_245,2,SNPSHOPT25_FSDN2_V2_0P5,SNPSSLOPT25_FSDNQ_V3_1,SNPSSLOPT25_FSDNQ_V3_1;SNPSHOPT25_FSDN_V2_1,SNPSSLOPT25_FSDNQ_V3_1:1;SNPSHOPT25_FSDN_V2_1:1,0.001011;0.000717,0.001728,0.001667,0.000061,hier_top_mod_5/hier_top_mod_4/hier_top_mod_3/hier_top_mod_0_2/hier_mod_4/mid9__139;hier_top_mod_5/hier_top_mod_4/hier_top_mod_3/hier_top_mod_0_2/hier_mod_4/mid9__256
hier_top_mod_5/hier_top_mod_4/hier_top_mod_3/hier_top_mod_0_2/hier_mod_4/merged_246,4,SNPSHOPT25_FSDN4_V2_0P5,SNPSHOPT25_FSDN_V2_1,SNPSHOPT25_FSDN_V2_1;SNPSSLOPT25_FSDNQ_V3_1;SNPSHOPT25_FSDN_V2_2;SNPSLOPT25_FSDNQ_V3_2,SNPSHOPT25_FSDN_V2_1:1;SNPSSLOPT25_FSDNQ_V3_1:1;SNPSHOPT25_FSDN_V2_2:1;SNPSLOPT25_FSDNQ_V3_2:1,0.000717;0.000690;0.000982;0.001011,0.003399,0.003615,-0.000216,hier_top_mod_5/hier_top_mod_4/hier_top_mod_3/hier_top_mod_0_2/hier_mod_4/bar8__19;hier_top_mod_5/hier_top_mod_4/hier_top_mod_3/hier_top_mod_0_2/hier_mod_4/mid8__158;hier_top_mod_5/hier_top_mod_4/hier_top_mod_3/hier_top_mod_0_2/hier_mod_4/mid8__191;hier_top_mod_5/hier_top_mod_4/hier_top_mod_3/hier_top_mod_0_2/hier_mod_4/bar8__280
hier_top_mod_5/hier_top_mod_4/hier_top_mod_3/hier_top_mod_2/hier_top_mod_1/hier_top_mod_0_1/merged_247,2,SNPSHOPT25_FSDN2_V2_0P5,SNPSHOPT25_FSDN_V2_1,SNPSHOPT25_FSDN_V2_1;SNPSLOPT25_FSDN_V2_2,SNPSHOPT25_FSDN_V2_1:1;SNPSLOPT25_FSDN_V2_2:1,0.000717;0.000721,0.001438,0.001667,-0.000229,hier_top_mod_5/hier_top_mod_4/hier_top_mod_3/hier_top_mod_2/hier_top_mod_1/hier_top_mod_0_1/bar8__100;hier_top_mod_5/hier_top_mod_4/hier_top_mod_3/hier_top_mod_2/hier_top_mod_1/hier_top_mod_0_1/mid8__215
hier_top_mod_5/hier_top_mod_4/hier_top_mod_3/hier_top_mod_2/hier_top_mod_1/hier_top_mod_0_1/hier_mod_5/merged_248,4,SNPSHOPT25_FSDN4_V2_0P5,SNPSROPT25_FSDN_V2_4,SNPSROPT25_FSDN_V2_4;SNPSHOPT25_FSDN_V2_1;SNPSROPT25_FSDNQ_V3_2;SNPSLOPT25_FSDN_V2_1,SNPSROPT25_FSDN_V2_4:1;SNPSHOPT25_FSDN_V2_1:1;SNPSROPT25_FSDNQ_V3_2:1;SNPSLOPT25_FSDN_V2_1:1,0.000706;0.000717;0.000940;0.000748,0.003110,0.003615,-0.000505,hier_top_mod_5/hier_top_mod_4/hier_top_mod_3/hier_top_mod_2/hier_top_mod_1/hier_top_mod_0_1/hier_mod_5/bar8__165;hier_top_mod_5/hier_top_mod_4/hier_top_mod_3/hier_top_mod_2/hier_top_mod_1/hier_top_mod_0_1/hier_mod_5/bar8__289;hier_top_mod_5/hier_top_mod_4/hier_top_mod_3/hier_top_mod_2/hier_top_mod_1/hier_top_mod_0_1/hier_mod_5/bar8__5;hier_top_mod_5/hier_top_mod_4/hier_top_mod_3/hier_top_mod_2/hier_top_mod_1/hier_top_mod_0_1/hier_mod_5/bar8__103
hier_top_mod_5/hier_top_mod_4/hier_top_mod_3/hier_top_mod_0_2/hier_mod_2/merged_249,2,SNPSHOPT25_FSDN2_V2_0P5,SNPSHOPT25_FSDN_V2_1,SNPSSLOPT25_FSDNQ_V3_2;SNPSHOPT25_FSDN_V2_1,SNPSSLOPT25_FSDNQ_V3_2:1;SNPSHOPT25_FSDN_V2_1:1,0.000717;0.000942,0.001659,0.001667,-0.000008,hier_top_mod_5/hier_top_mod_4/hier_top_mod_3/hier_top_mod_0_2/hier_mod_2/foo4__34;hier_top_mod_5/hier_top_mod_4/hier_top_mod_3/hier_top_mod_0_2/hier_mod_2/foo4__134
hier_top_mod_5/hier_top_mod_4/hier_top_mod_3/hier_top_mod_2/hier_top_mod_1/hier_top_mod_0_1/hier_mod_5/merged_250,2,SNPSHOPT25_FSDN2_V2_0P5,SNPSHOPT25_FSDN_V2_1,SNPSHOPT25_FSDN_V2_1;SNPSSLOPT25_FSDN_V2_1,SNPSHOPT25_FSDN_V2_1:1;SNPSSLOPT25_FSDN_V2_1:1,0.000717;0.000718,0.001435,0.001667,-0.000232,hier_top_mod_5/hier_top_mod_4/hier_top_mod_3/hier_top_mod_2/hier_top_mod_1/hier_top_mod_0_1/hier_mod_5/foo4__61;hier_top_mod_5/hier_top_mod_4/hier_top_mod_3/hier_top_mod_2/hier_top_mod_1/hier_top_mod_0_1/hier_mod_5/foo4__22
hier_top_mod_5/hier_top_mod_4/hier_top_mod_3/hier_top_mod_2/hier_top_mod_0_0/hier_mod_3/merged_251,2,SNPSHOPT25_FSDN2_V2_0P5,SNPSHOPT25_FSDN_V2_1,SNPSHOPT25_FSDN_V2_1;SNPSLOPT25_FSDNQ_V3_2,SNPSHOPT25_FSDN_V2_1:1;SNPSLOPT25_FSDNQ_V3_2:1,0.000717;0.000982,0.001698,0.001667,0.000031,hier_top_mod_5/hier_top_mod_4/hier_top_mod_3/hier_top_mod_2/hier_top_mod_0_0/hier_mod_3/bar12__372;hier_top_mod_5/hier_top_mod_4/hier_top_mod_3/hier_top_mod_2/hier_top_mod_0_0/hier_mod_3/bar12__82
hier_top_mod_5/hier_top_mod_4/hier_top_mod_3/hier_top_mod_2/hier_top_mod_1/hier_top_mod_0_1/hier_mod_1/merged_252,2,SNPSHOPT25_FSDN2_V2_0P5,SNPSHOPT25_FSDN_V2_1,SNPSHOPT25_FSDN_V2_1;SNPSHOPT25_FSDN_V2_4,SNPSHOPT25_FSDN_V2_1:1;SNPSHOPT25_FSDN_V2_4:1,0.000717;0.000712,0.001429,0.001667,-0.000238,hier_top_mod_5/hier_top_mod_4/hier_top_mod_3/hier_top_mod_2/hier_top_mod_1/hier_top_mod_0_1/hier_mod_1/mid10__4;hier_top_mod_5/hier_top_mod_4/hier_top_mod_3/hier_top_mod_2/hier_top_mod_1/hier_top_mod_0_1/hier_mod_1/mid10__141
hier_top_mod_5/hier_top_mod_4/hier_top_mod_3/hier_top_mod_2/hier_top_mod_0_0/hier_mod_0/merged_253,2,SNPSHOPT25_FSDN2_V2_0P5,SNPSHOPT25_FSDN_V2_1,SNPSHOPT25_FSDN_V2_1;SNPSLOPT25_FSDN_V2_1,SNPSHOPT25_FSDN_V2_1:1;SNPSLOPT25_FSDN_V2_1:1,0.000717;0.000748,0.001464,0.001667,-0.000203,hier_top_mod_5/hier_top_mod_4/hier_top_mod_3/hier_top_mod_2/hier_top_mod_0_0/hier_mod_0/mid12__324;hier_top_mod_5/hier_top_mod_4/hier_top_mod_3/hier_top_mod_2/hier_top_mod_0_0/hier_mod_0/mid12__381
hier_top_mod_5/hier_top_mod_4/hier_top_mod_3/hier_top_mod_2/hier_top_mod_0_0/hier_mod_0/merged_254,2,SNPSHOPT25_FSDN2_V2_0P5,SNPSROPT25_FSDN_V2_1,SNPSROPT25_FSDN_V2_1;SNPSHOPT25_FSDN_V2_1,SNPSROPT25_FSDN_V2_1:1;SNPSHOPT25_FSDN_V2_1:1,0.000711;0.000717,0.001428,0.001667,-0.000239,hier_top_mod_5/hier_top_mod_4/hier_top_mod_3/hier_top_mod_2/hier_top_mod_0_0/hier_mod_0/mid_hier10__64;hier_top_mod_5/hier_top_mod_4/hier_top_mod_3/hier_top_mod_2/hier_top_mod_0_0/hier_mod_0/mid_hier10__271
hier_top_mod_5/hier_top_mod_4/hier_top_mod_3/hier_top_mod_2/hier_top_mod_1/hier_top_mod_0_1/hier_mod_5/merged_255,4,SNPSHOPT25_FSDN4_V2_0P5,SNPSHOPT25_FSDN_V2_1,SNPSHOPT25_FSDN_V2_1;SNPSLOPT25_FSDNQ_V3_4;SNPSSLOPT25_FSDN_V2_2;SNPSSLOPT25_FSDN_V2_4,SNPSHOPT25_FSDN_V2_1:1;SNPSLOPT25_FSDNQ_V3_4:1;SNPSSLOPT25_FSDN_V2_2:1;SNPSSLOPT25_FSDN_V2_4:1,0.000717;0.000982;0.000691;0.000714,0.003104,0.003615,-0.000511,hier_top_mod_5/hier_top_mod_4/hier_top_mod_3/hier_top_mod_2/hier_top_mod_1/hier_top_mod_0_1/hier_mod_5/mid16__391;hier_top_mod_5/hier_top_mod_4/hier_top_mod_3/hier_top_mod_2/hier_top_mod_1/hier_top_mod_0_1/hier_mod_5/mid16__480;hier_top_mod_5/hier_top_mod_4/hier_top_mod_3/hier_top_mod_2/hier_top_mod_1/hier_top_mod_0_1/hier_mod_5/mid16__596;hier_top_mod_5/hier_top_mod_4/hier_top_mod_3/hier_top_mod_2/hier_top_mod_1/hier_top_mod_0_1/hier_mod_5/mid16__138
hier_top_mod_5/hier_top_mod_4/hier_top_mod_3/hier_top_mod_0_2/hier_mod_4/merged_256,4,SNPSHOPT25_FSDN4_V2_0P5,SNPSHOPT25_FSDN_V2_4,SNPSHOPT25_FSDN_V2_4;SNPSROPT25_FSDNQ_V3_2;SNPSLOPT25_FSDNQ_V3_2;SNPSHOPT25_FSDN_V2_1,SNPSHOPT25_FSDN_V2_4:1;SNPSROPT25_FSDNQ_V3_2:1;SNPSLOPT25_FSDNQ_V3_2:1;SNPSHOPT25_FSDN_V2_1:1,0.000712;0.000940;0.000982;0.000717,0.003350,0.003615,-0.000265,hier_top_mod_5/hier_top_mod_4/hier_top_mod_3/hier_top_mod_0_2/hier_mod_4/foo5__135;hier_top_mod_5/hier_top_mod_4/hier_top_mod_3/hier_top_mod_0_2/hier_mod_4/foo5__281;hier_top_mod_5/hier_top_mod_4/hier_top_mod_3/hier_top_mod_0_2/hier_mod_4/mid4__11;hier_top_mod_5/hier_top_mod_4/hier_top_mod_3/hier_top_mod_0_2/hier_mod_4/mid4__31
hier_top_mod_5/hier_top_mod_4/hier_top_mod_3/hier_top_mod_2/hier_top_mod_0_0/hier_mod_0/merged_257,2,SNPSHOPT25_FSDN2_V2_0P5,SNPSHOPT25_FSDN_V2_1,SNPSHOPT25_FSDN_V2_1;SNPSSLOPT25_FSDNQ_V3_1,SNPSHOPT25_FSDN_V2_1:1;SNPSSLOPT25_FSDNQ_V3_1:1,0.000717;0.001011,0.001728,0.001667,0.000061,hier_top_mod_5/hier_top_mod_4/hier_top_mod_3/hier_top_mod_2/hier_top_mod_0_0/hier_mod_0/mid13__587;hier_top_mod_5/hier_top_mod_4/hier_top_mod_3/hier_top_mod_2/hier_top_mod_0_0/hier_mod_0/foo13__206
hier_top_mod_5/hier_top_mod_4/hier_top_mod_3/hier_top_mod_2/hier_top_mod_1/hier_top_mod_0_1/hier_mod_5/merged_258,4,SNPSHOPT25_FSDN4_V2_0P5,SNPSROPT25_FSDN_V2_1,SNPSROPT25_FSDN_V2_1;SNPSROPT25_FSDN_V2_4;SNPSSLOPT25_FSDN_V2_2;SNPSHOPT25_FSDN_V2_1,SNPSROPT25_FSDN_V2_1:1;SNPSROPT25_FSDN_V2_4:1;SNPSSLOPT25_FSDN_V2_2:1;SNPSHOPT25_FSDN_V2_1:1,0.000711;0.000706;0.000691;0.000717,0.002826,0.003615,-0.000789,hier_top_mod_5/hier_top_mod_4/hier_top_mod_3/hier_top_mod_2/hier_top_mod_1/hier_top_mod_0_1/hier_mod_5/bar14__198;hier_top_mod_5/hier_top_mod_4/hier_top_mod_3/hier_top_mod_2/hier_top_mod_1/hier_top_mod_0_1/hier_mod_5/foo14__596;hier_top_mod_5/hier_top_mod_4/hier_top_mod_3/hier_top_mod_2/hier_top_mod_1/hier_top_mod_0_1/hier_mod_5/foo14__196;hier_top_mod_5/hier_top_mod_4/hier_top_mod_3/hier_top_mod_2/hier_top_mod_1/hier_top_mod_0_1/hier_mod_5/foo14__207
hier_top_mod_5/hier_top_mod_4/hier_top_mod_3/hier_top_mod_2/hier_top_mod_0_0/hier_mod_3/merged_259,2,SNPSHOPT25_FSDN2_V2_0P5,SNPSHOPT25_FSDN_V2_1,SNPSHOPT25_FSDN_V2_1;SNPSROPT25_FSDNQ_V3_2,SNPSHOPT25_FSDN_V2_1:1;SNPSROPT25_FSDNQ_V3_2:1,0.000717;0.000940,0.001657,0.001667,-0.000010,hier_top_mod_5/hier_top_mod_4/hier_top_mod_3/hier_top_mod_2/hier_top_mod_0_0/hier_mod_3/foo2__79;hier_top_mod_5/hier_top_mod_4/hier_top_mod_3/hier_top_mod_2/hier_top_mod_0_0/hier_mod_3/foo2__11
hier_top_mod_5/hier_top_mod_4/hier_top_mod_3/hier_top_mod_2/hier_top_mod_1/merged_260,2,SNPSHOPT25_FSDN2_V2_0P5,SNPSHOPT25_FSDN_V2_1,SNPSHOPT25_FSDN_V2_1;SNPSLOPT25_FSDNQ_V3_1,SNPSHOPT25_FSDN_V2_1:1;SNPSLOPT25_FSDNQ_V3_1:1,0.000717;0.001048,0.001765,0.001667,0.000098,hier_top_mod_5/hier_top_mod_4/hier_top_mod_3/hier_top_mod_2/hier_top_mod_1/bar13__548;hier_top_mod_5/hier_top_mod_4/hier_top_mod_3/hier_top_mod_2/hier_top_mod_1/bar13__230
hier_top_mod_5/hier_top_mod_4/hier_top_mod_3/hier_top_mod_0_2/hier_mod_2/merged_261,4,SNPSHOPT25_FSDN4_V2_0P5,SNPSROPT25_FSDN_V2_2,SNPSROPT25_FSDN_V2_2;SNPSHOPT25_FSDN_V2_2;SNPSHOPT25_FSDN_V2_1,SNPSROPT25_FSDN_V2_2:1;SNPSHOPT25_FSDN_V2_2:2;SNPSHOPT25_FSDN_V2_1:1,0.000685;0.000690;0.000690;0.000717,0.002781,0.003615,-0.000834,hier_top_mod_5/hier_top_mod_4/hier_top_mod_3/hier_top_mod_0_2/hier_mod_2/foo14__514;hier_top_mod_5/hier_top_mod_4/hier_top_mod_3/hier_top_mod_0_2/hier_mod_2/foo14__154;hier_top_mod_5/hier_top_mod_4/hier_top_mod_3/hier_top_mod_0_2/hier_mod_2/foo14__316;hier_top_mod_5/hier_top_mod_4/hier_top_mod_3/hier_top_mod_0_2/hier_mod_2/mid_hier14__141
hier_top_mod_5/hier_top_mod_4/hier_top_mod_3/hier_top_mod_0_2/hier_mod_2/merged_262,4,SNPSHOPT25_FSDN4_V2_0P5,SNPSHOPT25_FSDN_V2_2,SNPSHOPT25_FSDN_V2_2;SNPSROPT25_FSDNQ_V3_4;SNPSHOPT25_FSDN_V2_1;SNPSLOPT25_FSDN_V2_4,SNPSHOPT25_FSDN_V2_2:1;SNPSROPT25_FSDNQ_V3_4:1;SNPSHOPT25_FSDN_V2_1:1;SNPSLOPT25_FSDN_V2_4:1,0.000690;0.000938;0.000717;0.000743,0.003087,0.003615,-0.000528,hier_top_mod_5/hier_top_mod_4/hier_top_mod_3/hier_top_mod_0_2/hier_mod_2/mid14__499;hier_top_mod_5/hier_top_mod_4/hier_top_mod_3/hier_top_mod_0_2/hier_mod_2/foo14__572;hier_top_mod_5/hier_top_mod_4/hier_top_mod_3/hier_top_mod_0_2/hier_mod_2/mid14__120;hier_top_mod_5/hier_top_mod_4/hier_top_mod_3/hier_top_mod_0_2/hier_mod_2/mid_hier14__551
hier_top_mod_5/hier_top_mod_4/hier_top_mod_3/hier_top_mod_0_2/hier_mod_4/merged_263,4,SNPSHOPT25_FSDN4_V2_0P5,SNPSHOPT25_FSDN_V2_1,SNPSHOPT25_FSDN_V2_1;SNPSLOPT25_FSDN_V2_1;SNPSLOPT25_FSDN_V2_2;SNPSHOPT25_FSDNQ_V3_4,SNPSHOPT25_FSDN_V2_1:1;SNPSLOPT25_FSDN_V2_1:1;SNPSLOPT25_FSDN_V2_2:1;SNPSHOPT25_FSDNQ_V3_4:1,0.000717;0.000748;0.000721;0.000945,0.003130,0.003615,-0.000485,hier_top_mod_5/hier_top_mod_4/hier_top_mod_3/hier_top_mod_0_2/hier_mod_4/mid14__66;hier_top_mod_5/hier_top_mod_4/hier_top_mod_3/hier_top_mod_0_2/hier_mod_4/mid14__204;hier_top_mod_5/hier_top_mod_4/hier_top_mod_3/hier_top_mod_0_2/hier_mod_4/mid14__556;hier_top_mod_5/hier_top_mod_4/hier_top_mod_3/hier_top_mod_0_2/hier_mod_4/mid_hier14__167
hier_top_mod_5/hier_top_mod_4/hier_top_mod_3/hier_top_mod_2/hier_top_mod_0_0/hier_mod_3/merged_264,4,SNPSHOPT25_FSDN4_V2_0P5,SNPSLOPT25_FSDN_V2_1,SNPSLOPT25_FSDNQ_V3_1;SNPSLOPT25_FSDN_V2_1;SNPSHOPT25_FSDN_V2_1;SNPSLOPT25_FSDN_V2_4,SNPSLOPT25_FSDNQ_V3_1:1;SNPSLOPT25_FSDN_V2_1:1;SNPSHOPT25_FSDN_V2_1:1;SNPSLOPT25_FSDN_V2_4:1,0.000748;0.000717;0.001048;0.000743,0.003255,0.003615,-0.000360,hier_top_mod_5/hier_top_mod_4/hier_top_mod_3/hier_top_mod_2/hier_top_mod_0_0/hier_mod_3/mid14__42;hier_top_mod_5/hier_top_mod_4/hier_top_mod_3/hier_top_mod_2/hier_top_mod_0_0/hier_mod_3/foo14__504;hier_top_mod_5/hier_top_mod_4/hier_top_mod_3/hier_top_mod_2/hier_top_mod_0_0/hier_mod_3/mid_hier14__390;hier_top_mod_5/hier_top_mod_4/hier_top_mod_3/hier_top_mod_2/hier_top_mod_0_0/hier_mod_3/foo14__266
hier_top_mod_5/hier_top_mod_4/hier_top_mod_3/hier_top_mod_2/hier_top_mod_0_0/hier_mod_3/merged_265,4,SNPSHOPT25_FSDN4_V2_0P5,SNPSHOPT25_FSDN_V2_1,SNPSHOPT25_FSDN_V2_1;SNPSROPT25_FSDN_V2_1;SNPSHOPT25_FSDN_V2_2,SNPSHOPT25_FSDN_V2_1:2;SNPSROPT25_FSDN_V2_1:1;SNPSHOPT25_FSDN_V2_2:1,0.000717;0.000717;0.000711;0.000690,0.002834,0.003615,-0.000781,hier_top_mod_5/hier_top_mod_4/hier_top_mod_3/hier_top_mod_2/hier_top_mod_0_0/hier_mod_3/mid14__174;hier_top_mod_5/hier_top_mod_4/hier_top_mod_3/hier_top_mod_2/hier_top_mod_0_0/hier_mod_3/mid_hier14__222;hier_top_mod_5/hier_top_mod_4/hier_top_mod_3/hier_top_mod_2/hier_top_mod_0_0/hier_mod_3/foo14__54;hier_top_mod_5/hier_top_mod_4/hier_top_mod_3/hier_top_mod_2/hier_top_mod_0_0/hier_mod_3/mid14__553
hier_top_mod_5/hier_top_mod_4/hier_top_mod_3/hier_top_mod_2/hier_top_mod_1/merged_266,4,SNPSHOPT25_FSDN4_V2_0P5,SNPSHOPT25_FSDN_V2_1,SNPSHOPT25_FSDN_V2_1;SNPSLOPT25_FSDNQ_V3_1;SNPSSLOPT25_FSDN_V2_4;SNPSROPT25_FSDN_V2_1,SNPSHOPT25_FSDN_V2_1:1;SNPSLOPT25_FSDNQ_V3_1:1;SNPSSLOPT25_FSDN_V2_4:1;SNPSROPT25_FSDN_V2_1:1,0.000717;0.000714;0.000711;0.001048,0.003190,0.003615,-0.000425,hier_top_mod_5/hier_top_mod_4/hier_top_mod_3/hier_top_mod_2/hier_top_mod_1/mid_hier14__438;hier_top_mod_5/hier_top_mod_4/hier_top_mod_3/hier_top_mod_2/hier_top_mod_1/mid14__596;hier_top_mod_5/hier_top_mod_4/hier_top_mod_3/hier_top_mod_2/hier_top_mod_1/mid_hier14__177;hier_top_mod_5/hier_top_mod_4/hier_top_mod_3/hier_top_mod_2/hier_top_mod_1/mid14__45
hier_top_mod_5/hier_top_mod_4/hier_top_mod_3/hier_top_mod_2/hier_top_mod_1/hier_top_mod_0_1/hier_mod_5/merged_267,4,SNPSHOPT25_FSDN4_V2_0P5,SNPSHOPT25_FSDN_V2_1,SNPSHOPT25_FSDN_V2_1;SNPSSLOPT25_FSDNQ_V3_4,SNPSHOPT25_FSDN_V2_1:2;SNPSSLOPT25_FSDNQ_V3_4:2,0.000717;0.000941;0.000717;0.000941,0.003316,0.003615,-0.000299,hier_top_mod_5/hier_top_mod_4/hier_top_mod_3/hier_top_mod_2/hier_top_mod_1/hier_top_mod_0_1/hier_mod_5/mid14__309;hier_top_mod_5/hier_top_mod_4/hier_top_mod_3/hier_top_mod_2/hier_top_mod_1/hier_top_mod_0_1/hier_mod_5/mid_hier14__80;hier_top_mod_5/hier_top_mod_4/hier_top_mod_3/hier_top_mod_2/hier_top_mod_1/hier_top_mod_0_1/hier_mod_5/foo14__72;hier_top_mod_5/hier_top_mod_4/hier_top_mod_3/hier_top_mod_2/hier_top_mod_1/hier_top_mod_0_1/hier_mod_5/mid14__356
hier_top_mod_5/hier_top_mod_4/hier_top_mod_3/hier_top_mod_2/hier_top_mod_1/hier_mod_6/merged_268,2,SNPSHOPT25_FSDN2_V2_0P5,SNPSLOPT25_FSDN_V2_2,SNPSLOPT25_FSDN_V2_2;SNPSHOPT25_FSDN_V2_1,SNPSLOPT25_FSDN_V2_2:1;SNPSHOPT25_FSDN_V2_1:1,0.000721;0.000717,0.001438,0.001667,-0.000229,hier_top_mod_5/hier_top_mod_4/hier_top_mod_3/hier_top_mod_2/hier_top_mod_1/hier_mod_6/mid10__251;hier_top_mod_5/hier_top_mod_4/hier_top_mod_3/hier_top_mod_2/hier_top_mod_1/hier_mod_6/mid11__164
hier_top_mod_5/hier_top_mod_4/hier_top_mod_3/hier_top_mod_2/hier_top_mod_1/hier_mod_6/merged_269,4,SNPSHOPT25_FSDN4_V2_0P5,SNPSROPT25_FSDN_V2_4,SNPSROPT25_FSDN_V2_4;SNPSHOPT25_FSDN_V2_1;SNPSSLOPT25_FSDNQ_V3_2;SNPSLOPT25_FSDNQ_V3_1,SNPSROPT25_FSDN_V2_4:1;SNPSHOPT25_FSDN_V2_1:1;SNPSSLOPT25_FSDNQ_V3_2:1;SNPSLOPT25_FSDNQ_V3_1:1,0.000706;0.000942;0.001048;0.000717,0.003413,0.003615,-0.000202,hier_top_mod_5/hier_top_mod_4/hier_top_mod_3/hier_top_mod_2/hier_top_mod_1/hier_mod_6/mid15__42;hier_top_mod_5/hier_top_mod_4/hier_top_mod_3/hier_top_mod_2/hier_top_mod_1/hier_mod_6/foo15__434;hier_top_mod_5/hier_top_mod_4/hier_top_mod_3/hier_top_mod_2/hier_top_mod_1/hier_mod_6/mid15__496;hier_top_mod_5/hier_top_mod_4/hier_top_mod_3/hier_top_mod_2/hier_top_mod_1/hier_mod_6/mid15__544
hier_top_mod_5/hier_top_mod_4/hier_top_mod_3/hier_top_mod_2/hier_top_mod_1/hier_top_mod_0_1/hier_mod_1/merged_270,2,SNPSHOPT25_FSDN2_V2_0P5,SNPSHOPT25_FSDN_V2_1,SNPSHOPT25_FSDN_V2_1;SNPSSLOPT25_FSDN_V2_2,SNPSHOPT25_FSDN_V2_1:1;SNPSSLOPT25_FSDN_V2_2:1,0.000717;0.000691,0.001408,0.001667,-0.000259,hier_top_mod_5/hier_top_mod_4/hier_top_mod_3/hier_top_mod_2/hier_top_mod_1/hier_top_mod_0_1/hier_mod_1/mid15__463;hier_top_mod_5/hier_top_mod_4/hier_top_mod_3/hier_top_mod_2/hier_top_mod_1/hier_top_mod_0_1/hier_mod_1/mid15__317
hier_top_mod_5/hier_top_mod_4/hier_top_mod_3/hier_top_mod_2/hier_top_mod_1/hier_top_mod_0_1/hier_mod_5/merged_271,4,SNPSHOPT25_FSDN4_V2_0P5,SNPSSLOPT25_FSDNQ_V3_4,SNPSSLOPT25_FSDNQ_V3_4;SNPSHOPT25_FSDN_V2_1;SNPSLOPT25_FSDNQ_V3_2;SNPSROPT25_FSDN_V2_2,SNPSSLOPT25_FSDNQ_V3_4:1;SNPSHOPT25_FSDN_V2_1:1;SNPSLOPT25_FSDNQ_V3_2:1;SNPSROPT25_FSDN_V2_2:1,0.000941;0.000717;0.000982;0.000685,0.003324,0.003615,-0.000291,hier_top_mod_5/hier_top_mod_4/hier_top_mod_3/hier_top_mod_2/hier_top_mod_1/hier_top_mod_0_1/hier_mod_5/mid15__105;hier_top_mod_5/hier_top_mod_4/hier_top_mod_3/hier_top_mod_2/hier_top_mod_1/hier_top_mod_0_1/hier_mod_5/mid15__571;hier_top_mod_5/hier_top_mod_4/hier_top_mod_3/hier_top_mod_2/hier_top_mod_1/hier_top_mod_0_1/hier_mod_5/mid15__578;hier_top_mod_5/hier_top_mod_4/hier_top_mod_3/hier_top_mod_2/hier_top_mod_1/hier_top_mod_0_1/hier_mod_5/foo15__209
hier_top_mod_5/hier_top_mod_4/hier_top_mod_3/hier_top_mod_2/hier_top_mod_1/hier_mod_6/merged_272,2,SNPSHOPT25_FSDN2_V2_0P5,SNPSHOPT25_FSDN_V2_4,SNPSHOPT25_FSDN_V2_4;SNPSHOPT25_FSDN_V2_1,SNPSHOPT25_FSDN_V2_4:1;SNPSHOPT25_FSDN_V2_1:1,0.000712;0.000717,0.001429,0.001667,-0.000238,hier_top_mod_5/hier_top_mod_4/hier_top_mod_3/hier_top_mod_2/hier_top_mod_1/hier_mod_6/foo15__525;hier_top_mod_5/hier_top_mod_4/hier_top_mod_3/hier_top_mod_2/hier_top_mod_1/hier_mod_6/foo15__415
hier_top_mod_5/hier_top_mod_4/hier_top_mod_3/hier_top_mod_2/hier_top_mod_1/hier_top_mod_0_1/hier_mod_1/merged_273,2,SNPSHOPT25_FSDN2_V2_0P5,SNPSHOPT25_FSDN_V2_1,SNPSHOPT25_FSDNQ_V3_1;SNPSHOPT25_FSDN_V2_1,SNPSHOPT25_FSDNQ_V3_1:1;SNPSHOPT25_FSDN_V2_1:1,0.000717;0.001014,0.001731,0.001667,0.000064,hier_top_mod_5/hier_top_mod_4/hier_top_mod_3/hier_top_mod_2/hier_top_mod_1/hier_top_mod_0_1/hier_mod_1/mid16__364;hier_top_mod_5/hier_top_mod_4/hier_top_mod_3/hier_top_mod_2/hier_top_mod_1/hier_top_mod_0_1/hier_mod_1/mid16__361
hier_top_mod_5/hier_top_mod_4/hier_top_mod_3/hier_top_mod_0_2/hier_mod_2/merged_274,4,SNPSHOPT25_FSDN4_V2_0P5,SNPSHOPT25_FSDN_V2_2,SNPSHOPT25_FSDN_V2_2;SNPSHOPT25_FSDNQ_V3_1;SNPSHOPT25_FSDN_V2_1;SNPSLOPT25_FSDN_V2_2,SNPSHOPT25_FSDN_V2_2:1;SNPSHOPT25_FSDNQ_V3_1:1;SNPSHOPT25_FSDN_V2_1:1;SNPSLOPT25_FSDN_V2_2:1,0.000690;0.000717;0.001014;0.000721,0.003141,0.003615,-0.000474,hier_top_mod_5/hier_top_mod_4/hier_top_mod_3/hier_top_mod_0_2/hier_mod_2/bar8__101;hier_top_mod_5/hier_top_mod_4/hier_top_mod_3/hier_top_mod_0_2/hier_mod_2/bar8__154;hier_top_mod_5/hier_top_mod_4/hier_top_mod_3/hier_top_mod_0_2/hier_mod_2/bar8__16;hier_top_mod_5/hier_top_mod_4/hier_top_mod_3/hier_top_mod_0_2/hier_mod_2/bar8__77
hier_top_mod_5/hier_top_mod_4/hier_top_mod_3/hier_top_mod_0_2/hier_mod_4/merged_275,2,SNPSHOPT25_FSDN2_V2_0P5,SNPSLOPT25_FSDNQ_V3_4,SNPSLOPT25_FSDNQ_V3_4;SNPSHOPT25_FSDN_V2_1,SNPSLOPT25_FSDNQ_V3_4:1;SNPSHOPT25_FSDN_V2_1:1,0.000982;0.000717,0.001699,0.001667,0.000032,hier_top_mod_5/hier_top_mod_4/hier_top_mod_3/hier_top_mod_0_2/hier_mod_4/foo16__351;hier_top_mod_5/hier_top_mod_4/hier_top_mod_3/hier_top_mod_0_2/hier_mod_4/foo16__586
hier_top_mod_5/hier_top_mod_4/hier_top_mod_3/hier_top_mod_2/hier_top_mod_1/hier_top_mod_0_1/hier_mod_5/merged_276,2,SNPSHOPT25_FSDN2_V2_0P5,SNPSHOPT25_FSDN_V2_1,SNPSHOPT25_FSDN_V2_1;SNPSROPT25_FSDN_V2_1,SNPSHOPT25_FSDN_V2_1:1;SNPSROPT25_FSDN_V2_1:1,0.000717;0.000711,0.001428,0.001667,-0.000239,hier_top_mod_5/hier_top_mod_4/hier_top_mod_3/hier_top_mod_2/hier_top_mod_1/hier_top_mod_0_1/hier_mod_5/mid16__337;hier_top_mod_5/hier_top_mod_4/hier_top_mod_3/hier_top_mod_2/hier_top_mod_1/hier_top_mod_0_1/hier_mod_5/mid16__319
hier_top_mod_5/hier_top_mod_4/hier_top_mod_3/hier_top_mod_2/hier_top_mod_1/hier_top_mod_0_1/hier_mod_1/merged_277,2,SNPSHOPT25_FSDN2_V2_0P5,SNPSHOPT25_FSDN_V2_1,SNPSHOPT25_FSDN_V2_1;SNPSSLOPT25_FSDNQ_V3_1,SNPSHOPT25_FSDN_V2_1:1;SNPSSLOPT25_FSDNQ_V3_1:1,0.000717;0.001011,0.001728,0.001667,0.000061,hier_top_mod_5/hier_top_mod_4/hier_top_mod_3/hier_top_mod_2/hier_top_mod_1/hier_top_mod_0_1/hier_mod_1/foo16__316;hier_top_mod_5/hier_top_mod_4/hier_top_mod_3/hier_top_mod_2/hier_top_mod_1/hier_top_mod_0_1/hier_mod_1/foo16__388
hier_top_mod_5/hier_top_mod_4/hier_top_mod_3/hier_top_mod_2/hier_top_mod_1/hier_top_mod_0_1/hier_mod_1/merged_278,4,SNPSHOPT25_FSDN4_V2_0P5,SNPSHOPT25_FSDN_V2_1,SNPSHOPT25_FSDNQ_V3_1;SNPSHOPT25_FSDN_V2_1;SNPSLOPT25_FSDNQ_V3_2;SNPSROPT25_FSDN_V2_2,SNPSHOPT25_FSDNQ_V3_1:1;SNPSHOPT25_FSDN_V2_1:1;SNPSLOPT25_FSDNQ_V3_2:1;SNPSROPT25_FSDN_V2_2:1,0.000717;0.000982;0.001014;0.000685,0.003397,0.003615,-0.000218,hier_top_mod_5/hier_top_mod_4/hier_top_mod_3/hier_top_mod_2/hier_top_mod_1/hier_top_mod_0_1/hier_mod_1/bar12__102;hier_top_mod_5/hier_top_mod_4/hier_top_mod_3/hier_top_mod_2/hier_top_mod_1/hier_top_mod_0_1/hier_mod_1/bar12__190;hier_top_mod_5/hier_top_mod_4/hier_top_mod_3/hier_top_mod_2/hier_top_mod_1/hier_top_mod_0_1/hier_mod_1/bar12__261;hier_top_mod_5/hier_top_mod_4/hier_top_mod_3/hier_top_mod_2/hier_top_mod_1/hier_top_mod_0_1/hier_mod_1/bar12__139
hier_top_mod_5/hier_top_mod_4/hier_top_mod_3/hier_top_mod_2/hier_top_mod_1/hier_mod_6/merged_279,2,SNPSHOPT25_FSDN2_V2_0P5,SNPSHOPT25_FSDN_V2_1,SNPSHOPT25_FSDN_V2_1;SNPSSLOPT25_FSDNQ_V3_4,SNPSHOPT25_FSDN_V2_1:1;SNPSSLOPT25_FSDNQ_V3_4:1,0.000717;0.000941,0.001658,0.001667,-0.000009,hier_top_mod_5/hier_top_mod_4/hier_top_mod_3/hier_top_mod_2/hier_top_mod_1/hier_mod_6/foo14__315;hier_top_mod_5/hier_top_mod_4/hier_top_mod_3/hier_top_mod_2/hier_top_mod_1/hier_mod_6/foo14__470
hier_top_mod_5/hier_top_mod_4/hier_top_mod_3/hier_top_mod_0_2/merged_280,4,SNPSHOPT25_FSDN4_V2_0P5,SNPSHOPT25_FSDNQ_V3_1,SNPSHOPT25_FSDN_V2_1;SNPSHOPT25_FSDNQ_V3_1;SNPSSLOPT25_FSDNQ_V3_4,SNPSHOPT25_FSDN_V2_1:1;SNPSHOPT25_FSDNQ_V3_1:1;SNPSSLOPT25_FSDNQ_V3_4:2,0.001014;0.000717;0.000941;0.000941,0.003613,0.003615,-0.000002,hier_top_mod_5/hier_top_mod_4/hier_top_mod_3/hier_top_mod_0_2/mid1__1;hier_top_mod_5/hier_top_mod_4/hier_top_mod_3/hier_top_mod_0_2/mid1__31;hier_top_mod_5/hier_top_mod_4/hier_top_mod_3/hier_top_mod_0_2/mid1__105;hier_top_mod_5/hier_top_mod_4/hier_top_mod_3/hier_top_mod_0_2/foo1__270
hier_top_mod_5/hier_top_mod_4/hier_top_mod_3/hier_top_mod_2/hier_top_mod_0_0/hier_mod_0/merged_281,4,SNPSHOPT25_FSDN4_V2_0P5,SNPSROPT25_FSDNQ_V3_2,SNPSROPT25_FSDNQ_V3_2;SNPSHOPT25_FSDN_V2_1;SNPSHOPT25_FSDN_V2_4,SNPSROPT25_FSDNQ_V3_2:2;SNPSHOPT25_FSDN_V2_1:1;SNPSHOPT25_FSDN_V2_4:1,0.000940;0.000717;0.000712;0.000940,0.003308,0.003615,-0.000307,hier_top_mod_5/hier_top_mod_4/hier_top_mod_3/hier_top_mod_2/hier_top_mod_0_0/hier_mod_0/mid1__98;hier_top_mod_5/hier_top_mod_4/hier_top_mod_3/hier_top_mod_2/hier_top_mod_0_0/hier_mod_0/mid1__274;hier_top_mod_5/hier_top_mod_4/hier_top_mod_3/hier_top_mod_2/hier_top_mod_0_0/hier_mod_0/bar1__3;hier_top_mod_5/hier_top_mod_4/hier_top_mod_3/hier_top_mod_2/hier_top_mod_0_0/hier_mod_0/mid1__71
hier_top_mod_5/hier_top_mod_4/hier_top_mod_3/hier_top_mod_2/hier_top_mod_0_0/hier_mod_3/merged_282,4,SNPSHOPT25_FSDN4_V2_0P5,SNPSSLOPT25_FSDN_V2_4,SNPSSLOPT25_FSDN_V2_4;SNPSHOPT25_FSDNQ_V3_2;SNPSHOPT25_FSDN_V2_1;SNPSSLOPT25_FSDNQ_V3_2,SNPSSLOPT25_FSDN_V2_4:1;SNPSHOPT25_FSDNQ_V3_2:1;SNPSHOPT25_FSDN_V2_1:1;SNPSSLOPT25_FSDNQ_V3_2:1,0.000714;0.000946;0.000942;0.000717,0.003319,0.003615,-0.000296,hier_top_mod_5/hier_top_mod_4/hier_top_mod_3/hier_top_mod_2/hier_top_mod_0_0/hier_mod_3/mid1__129;hier_top_mod_5/hier_top_mod_4/hier_top_mod_3/hier_top_mod_2/hier_top_mod_0_0/hier_mod_3/mid1__83;hier_top_mod_5/hier_top_mod_4/hier_top_mod_3/hier_top_mod_2/hier_top_mod_0_0/hier_mod_3/mid1__77;hier_top_mod_5/hier_top_mod_4/hier_top_mod_3/hier_top_mod_2/hier_top_mod_0_0/hier_mod_3/mid1__139
hier_top_mod_5/hier_top_mod_4/hier_top_mod_3/hier_top_mod_2/hier_top_mod_1/hier_mod_6/merged_283,4,SNPSHOPT25_FSDN4_V2_0P5,SNPSLOPT25_FSDN_V2_4,SNPSLOPT25_FSDN_V2_4;SNPSSLOPT25_FSDN_V2_4;SNPSHOPT25_FSDN_V2_1;SNPSHOPT25_FSDNQ_V3_2,SNPSLOPT25_FSDN_V2_4:1;SNPSSLOPT25_FSDN_V2_4:1;SNPSHOPT25_FSDN_V2_1:1;SNPSHOPT25_FSDNQ_V3_2:1,0.000743;0.000714;0.000717;0.000946,0.003120,0.003615,-0.000495,hier_top_mod_5/hier_top_mod_4/hier_top_mod_3/hier_top_mod_2/hier_top_mod_1/hier_mod_6/mid1__117;hier_top_mod_5/hier_top_mod_4/hier_top_mod_3/hier_top_mod_2/hier_top_mod_1/hier_mod_6/mid1__237;hier_top_mod_5/hier_top_mod_4/hier_top_mod_3/hier_top_mod_2/hier_top_mod_1/hier_mod_6/mid1__58;hier_top_mod_5/hier_top_mod_4/hier_top_mod_3/hier_top_mod_2/hier_top_mod_1/hier_mod_6/mid1__299
hier_top_mod_5/hier_top_mod_4/hier_top_mod_3/hier_top_mod_2/hier_top_mod_1/hier_top_mod_0_1/hier_mod_1/merged_284,4,SNPSHOPT25_FSDN4_V2_0P5,SNPSLOPT25_FSDN_V2_1,SNPSLOPT25_FSDN_V2_1;SNPSHOPT25_FSDN_V2_1;SNPSHOPT25_FSDNQ_V3_2,SNPSLOPT25_FSDN_V2_1:2;SNPSHOPT25_FSDN_V2_1:1;SNPSHOPT25_FSDNQ_V3_2:1,0.000748;0.000748;0.000717;0.000946,0.003158,0.003615,-0.000457,hier_top_mod_5/hier_top_mod_4/hier_top_mod_3/hier_top_mod_2/hier_top_mod_1/hier_top_mod_0_1/hier_mod_1/mid1__34;hier_top_mod_5/hier_top_mod_4/hier_top_mod_3/hier_top_mod_2/hier_top_mod_1/hier_top_mod_0_1/hier_mod_1/mid1__88;hier_top_mod_5/hier_top_mod_4/hier_top_mod_3/hier_top_mod_2/hier_top_mod_1/hier_top_mod_0_1/hier_mod_1/mid1__247;hier_top_mod_5/hier_top_mod_4/hier_top_mod_3/hier_top_mod_2/hier_top_mod_1/hier_top_mod_0_1/hier_mod_1/bar11__383
hier_top_mod_5/hier_top_mod_4/hier_top_mod_3/hier_top_mod_0_2/hier_mod_4/merged_285,2,SNPSHOPT25_FSDN2_V2_0P5,SNPSSLOPT25_FSDNQ_V3_1,SNPSSLOPT25_FSDNQ_V3_1;SNPSHOPT25_FSDN_V2_1,SNPSSLOPT25_FSDNQ_V3_1:1;SNPSHOPT25_FSDN_V2_1:1,0.001011;0.000717,0.001728,0.001667,0.000061,hier_top_mod_5/hier_top_mod_4/hier_top_mod_3/hier_top_mod_0_2/hier_mod_4/bar5__37;hier_top_mod_5/hier_top_mod_4/hier_top_mod_3/hier_top_mod_0_2/hier_mod_4/bar5__73
hier_top_mod_5/hier_top_mod_4/hier_top_mod_3/hier_top_mod_2/hier_top_mod_1/hier_top_mod_0_1/hier_mod_1/merged_286,4,SNPSHOPT25_FSDN4_V2_0P5,SNPSROPT25_FSDN_V2_2,SNPSROPT25_FSDN_V2_2;SNPSSLOPT25_FSDNQ_V3_2;SNPSHOPT25_FSDN_V2_1;SNPSLOPT25_FSDNQ_V3_4,SNPSROPT25_FSDN_V2_2:1;SNPSSLOPT25_FSDNQ_V3_2:1;SNPSHOPT25_FSDN_V2_1:1;SNPSLOPT25_FSDNQ_V3_4:1,0.000685;0.000717;0.000982;0.000942,0.003325,0.003615,-0.000290,hier_top_mod_5/hier_top_mod_4/hier_top_mod_3/hier_top_mod_2/hier_top_mod_1/hier_top_mod_0_1/hier_mod_1/mid6__23;hier_top_mod_5/hier_top_mod_4/hier_top_mod_3/hier_top_mod_2/hier_top_mod_1/hier_top_mod_0_1/hier_mod_1/bar5__46;hier_top_mod_5/hier_top_mod_4/hier_top_mod_3/hier_top_mod_2/hier_top_mod_1/hier_top_mod_0_1/hier_mod_1/mid5__273;hier_top_mod_5/hier_top_mod_4/hier_top_mod_3/hier_top_mod_2/hier_top_mod_1/hier_top_mod_0_1/hier_mod_1/bar5__281
hier_top_mod_5/hier_top_mod_4/hier_top_mod_3/hier_top_mod_2/hier_top_mod_0_0/hier_mod_3/merged_287,2,SNPSHOPT25_FSDN2_V2_0P5,SNPSHOPT25_FSDN_V2_1,SNPSHOPT25_FSDN_V2_1;SNPSSLOPT25_FSDN_V2_1,SNPSHOPT25_FSDN_V2_1:1;SNPSSLOPT25_FSDN_V2_1:1,0.000717;0.000718,0.001435,0.001667,-0.000232,hier_top_mod_5/hier_top_mod_4/hier_top_mod_3/hier_top_mod_2/hier_top_mod_0_0/hier_mod_3/foo2__160;hier_top_mod_5/hier_top_mod_4/hier_top_mod_3/hier_top_mod_2/hier_top_mod_0_0/hier_mod_3/foo2__40
hier_top_mod_5/hier_top_mod_4/hier_top_mod_3/hier_top_mod_0_2/hier_mod_2/merged_288,2,SNPSHOPT25_FSDN2_V2_0P5,SNPSROPT25_FSDN_V2_1,SNPSROPT25_FSDN_V2_1;SNPSHOPT25_FSDN_V2_1,SNPSROPT25_FSDN_V2_1:1;SNPSHOPT25_FSDN_V2_1:1,0.000711;0.000717,0.001428,0.001667,-0.000239,hier_top_mod_5/hier_top_mod_4/hier_top_mod_3/hier_top_mod_0_2/hier_mod_2/bar7__253;hier_top_mod_5/hier_top_mod_4/hier_top_mod_3/hier_top_mod_0_2/hier_mod_2/mid12__378
hier_top_mod_5/hier_top_mod_4/hier_top_mod_3/hier_top_mod_2/hier_top_mod_0_0/hier_mod_0/merged_289,2,SNPSHOPT25_FSDN2_V2_0P5,SNPSHOPT25_FSDN_V2_1,SNPSHOPT25_FSDN_V2_1;SNPSROPT25_FSDN_V2_1,SNPSHOPT25_FSDN_V2_1:1;SNPSROPT25_FSDN_V2_1:1,0.000717;0.000711,0.001428,0.001667,-0.000239,hier_top_mod_5/hier_top_mod_4/hier_top_mod_3/hier_top_mod_2/hier_top_mod_0_0/hier_mod_0/foo7__142;hier_top_mod_5/hier_top_mod_4/hier_top_mod_3/hier_top_mod_2/hier_top_mod_0_0/hier_mod_0/bar7__199
hier_top_mod_5/hier_top_mod_4/hier_top_mod_3/hier_top_mod_2/hier_top_mod_1/hier_mod_6/merged_290,2,SNPSHOPT25_FSDN2_V2_0P5,SNPSHOPT25_FSDNQ_V3_1,SNPSHOPT25_FSDN_V2_1;SNPSHOPT25_FSDNQ_V3_1,SNPSHOPT25_FSDN_V2_1:1;SNPSHOPT25_FSDNQ_V3_1:1,0.001014;0.000717,0.001731,0.001667,0.000064,hier_top_mod_5/hier_top_mod_4/hier_top_mod_3/hier_top_mod_2/hier_top_mod_1/hier_mod_6/foo2__157;hier_top_mod_5/hier_top_mod_4/hier_top_mod_3/hier_top_mod_2/hier_top_mod_1/hier_mod_6/foo2__187
hier_top_mod_5/hier_top_mod_4/hier_top_mod_3/hier_top_mod_2/hier_top_mod_1/hier_mod_6/merged_291,2,SNPSHOPT25_FSDN2_V2_0P5,SNPSROPT25_FSDNQ_V3_1,SNPSROPT25_FSDNQ_V3_1;SNPSHOPT25_FSDN_V2_1,SNPSROPT25_FSDNQ_V3_1:1;SNPSHOPT25_FSDN_V2_1:1,0.001007;0.000717,0.001724,0.001667,0.000057,hier_top_mod_5/hier_top_mod_4/hier_top_mod_3/hier_top_mod_2/hier_top_mod_1/hier_mod_6/foo13__578;hier_top_mod_5/hier_top_mod_4/hier_top_mod_3/hier_top_mod_2/hier_top_mod_1/hier_mod_6/foo13__512
hier_top_mod_5/hier_top_mod_4/hier_top_mod_3/hier_top_mod_2/hier_top_mod_1/hier_top_mod_0_1/hier_mod_1/merged_292,2,SNPSHOPT25_FSDN2_V2_0P5,SNPSHOPT25_FSDN_V2_1,SNPSSLOPT25_FSDNQ_V3_2;SNPSHOPT25_FSDN_V2_1,SNPSSLOPT25_FSDNQ_V3_2:1;SNPSHOPT25_FSDN_V2_1:1,0.000717;0.000942,0.001659,0.001667,-0.000008,hier_top_mod_5/hier_top_mod_4/hier_top_mod_3/hier_top_mod_2/hier_top_mod_1/hier_top_mod_0_1/hier_mod_1/mid15__274;hier_top_mod_5/hier_top_mod_4/hier_top_mod_3/hier_top_mod_2/hier_top_mod_1/hier_top_mod_0_1/hier_mod_1/mid15__590
hier_top_mod_5/hier_top_mod_4/hier_top_mod_3/hier_top_mod_0_2/merged_293,2,SNPSHOPT25_FSDN2_V2_0P5,SNPSHOPT25_FSDN_V2_1,SNPSHOPT25_FSDN_V2_1;SNPSLOPT25_FSDNQ_V3_4,SNPSHOPT25_FSDN_V2_1:1;SNPSLOPT25_FSDNQ_V3_4:1,0.000717;0.000982,0.001699,0.001667,0.000032,hier_top_mod_5/hier_top_mod_4/hier_top_mod_3/hier_top_mod_0_2/foo3__151;hier_top_mod_5/hier_top_mod_4/hier_top_mod_3/hier_top_mod_0_2/foo3__267
hier_top_mod_5/hier_top_mod_4/hier_top_mod_3/hier_top_mod_2/hier_top_mod_1/merged_294,2,SNPSHOPT25_FSDN2_V2_0P5,SNPSHOPT25_FSDN_V2_1,SNPSHOPT25_FSDN_V2_1;SNPSSLOPT25_FSDN_V2_2,SNPSHOPT25_FSDN_V2_1:1;SNPSSLOPT25_FSDN_V2_2:1,0.000717;0.000691,0.001408,0.001667,-0.000259,hier_top_mod_5/hier_top_mod_4/hier_top_mod_3/hier_top_mod_2/hier_top_mod_1/mid3__67;hier_top_mod_5/hier_top_mod_4/hier_top_mod_3/hier_top_mod_2/hier_top_mod_1/mid3__191
hier_top_mod_5/hier_top_mod_4/hier_top_mod_3/hier_top_mod_0_2/hier_mod_2/merged_295,2,SNPSHOPT25_FSDN2_V2_0P5,SNPSLOPT25_FSDNQ_V3_1,SNPSLOPT25_FSDNQ_V3_1;SNPSHOPT25_FSDN_V2_1,SNPSLOPT25_FSDNQ_V3_1:1;SNPSHOPT25_FSDN_V2_1:1,0.001048;0.000717,0.001765,0.001667,0.000098,hier_top_mod_5/hier_top_mod_4/hier_top_mod_3/hier_top_mod_0_2/hier_mod_2/bar3__259;hier_top_mod_5/hier_top_mod_4/hier_top_mod_3/hier_top_mod_0_2/hier_mod_2/bar3__280
hier_top_mod_5/hier_top_mod_4/hier_top_mod_3/hier_top_mod_2/hier_top_mod_0_0/hier_mod_0/merged_296,2,SNPSHOPT25_FSDN2_V2_0P5,SNPSROPT25_FSDNQ_V3_1,SNPSROPT25_FSDNQ_V3_1;SNPSHOPT25_FSDN_V2_1,SNPSROPT25_FSDNQ_V3_1:1;SNPSHOPT25_FSDN_V2_1:1,0.001007;0.000717,0.001724,0.001667,0.000057,hier_top_mod_5/hier_top_mod_4/hier_top_mod_3/hier_top_mod_2/hier_top_mod_0_0/hier_mod_0/bar3__238;hier_top_mod_5/hier_top_mod_4/hier_top_mod_3/hier_top_mod_2/hier_top_mod_0_0/hier_mod_0/bar3__91
hier_top_mod_5/hier_top_mod_4/hier_top_mod_3/hier_top_mod_2/hier_top_mod_0_0/hier_mod_3/merged_297,2,SNPSHOPT25_FSDN2_V2_0P5,SNPSHOPT25_FSDN_V2_1,SNPSHOPT25_FSDN_V2_1;SNPSHOPT25_FSDN_V2_4,SNPSHOPT25_FSDN_V2_1:1;SNPSHOPT25_FSDN_V2_4:1,0.000717;0.000712,0.001429,0.001667,-0.000238,hier_top_mod_5/hier_top_mod_4/hier_top_mod_3/hier_top_mod_2/hier_top_mod_0_0/hier_mod_3/foo5__25;hier_top_mod_5/hier_top_mod_4/hier_top_mod_3/hier_top_mod_2/hier_top_mod_0_0/hier_mod_3/foo5__216
hier_top_mod_5/hier_top_mod_4/hier_top_mod_3/hier_top_mod_2/hier_top_mod_1/hier_mod_6/merged_298,2,SNPSHOPT25_FSDN2_V2_0P5,SNPSHOPT25_FSDN_V2_1,SNPSHOPT25_FSDN_V2_1;SNPSLOPT25_FSDNQ_V3_4,SNPSHOPT25_FSDN_V2_1:1;SNPSLOPT25_FSDNQ_V3_4:1,0.000717;0.000982,0.001699,0.001667,0.000032,hier_top_mod_5/hier_top_mod_4/hier_top_mod_3/hier_top_mod_2/hier_top_mod_1/hier_mod_6/foo5__52;hier_top_mod_5/hier_top_mod_4/hier_top_mod_3/hier_top_mod_2/hier_top_mod_1/hier_mod_6/foo5__87
hier_top_mod_5/hier_top_mod_4/hier_top_mod_3/hier_top_mod_0_2/hier_mod_4/merged_299,2,SNPSHOPT25_FSDN2_V2_0P5,SNPSSLOPT25_FSDN_V2_1,SNPSSLOPT25_FSDN_V2_1;SNPSHOPT25_FSDN_V2_1,SNPSSLOPT25_FSDN_V2_1:1;SNPSHOPT25_FSDN_V2_1:1,0.000718;0.000717,0.001435,0.001667,-0.000232,hier_top_mod_5/hier_top_mod_4/hier_top_mod_3/hier_top_mod_0_2/hier_mod_4/foo5__175;hier_top_mod_5/hier_top_mod_4/hier_top_mod_3/hier_top_mod_0_2/hier_mod_4/mid4__4
hier_top_mod_5/hier_top_mod_4/hier_top_mod_3/hier_top_mod_2/hier_top_mod_0_0/hier_mod_0/merged_300,2,SNPSHOPT25_FSDN2_V2_0P5,SNPSHOPT25_FSDN_V2_1,SNPSHOPT25_FSDN_V2_1;SNPSROPT25_FSDN_V2_4,SNPSHOPT25_FSDN_V2_1:1;SNPSROPT25_FSDN_V2_4:1,0.000717;0.000706,0.001423,0.001667,-0.000244,hier_top_mod_5/hier_top_mod_4/hier_top_mod_3/hier_top_mod_2/hier_top_mod_0_0/hier_mod_0/foo5__106;hier_top_mod_5/hier_top_mod_4/hier_top_mod_3/hier_top_mod_2/hier_top_mod_0_0/hier_mod_0/mid4__258
hier_top_mod_5/hier_top_mod_4/hier_top_mod_3/hier_top_mod_0_2/hier_mod_2/merged_301,2,SNPSHOPT25_FSDN2_V2_0P5,SNPSHOPT25_FSDN_V2_1,SNPSHOPT25_FSDN_V2_1;SNPSHOPT25_FSDN_V2_4,SNPSHOPT25_FSDN_V2_1:1;SNPSHOPT25_FSDN_V2_4:1,0.000717;0.000712,0.001429,0.001667,-0.000238,hier_top_mod_5/hier_top_mod_4/hier_top_mod_3/hier_top_mod_0_2/hier_mod_2/foo6__151;hier_top_mod_5/hier_top_mod_4/hier_top_mod_3/hier_top_mod_0_2/hier_mod_2/foo6__72
hier_top_mod_5/hier_top_mod_4/hier_top_mod_3/hier_top_mod_2/hier_top_mod_0_0/hier_mod_3/merged_302,4,SNPSHOPT25_FSDN4_V2_0P5,SNPSHOPT25_FSDN_V2_1,SNPSHOPT25_FSDN_V2_1;SNPSSLOPT25_FSDN_V2_2;SNPSLOPT25_FSDNQ_V3_4;SNPSLOPT25_FSDNQ_V3_1,SNPSHOPT25_FSDN_V2_1:1;SNPSSLOPT25_FSDN_V2_2:1;SNPSLOPT25_FSDNQ_V3_4:1;SNPSLOPT25_FSDNQ_V3_1:1,0.000717;0.000691;0.000982;0.001048,0.003438,0.003615,-0.000177,hier_top_mod_5/hier_top_mod_4/hier_top_mod_3/hier_top_mod_2/hier_top_mod_0_0/hier_mod_3/foo6__205;hier_top_mod_5/hier_top_mod_4/hier_top_mod_3/hier_top_mod_2/hier_top_mod_0_0/hier_mod_3/foo6__221;hier_top_mod_5/hier_top_mod_4/hier_top_mod_3/hier_top_mod_2/hier_top_mod_0_0/hier_mod_3/foo6__267;hier_top_mod_5/hier_top_mod_4/hier_top_mod_3/hier_top_mod_2/hier_top_mod_0_0/hier_mod_3/foo6__49
hier_top_mod_5/hier_top_mod_4/hier_top_mod_3/hier_top_mod_2/hier_top_mod_0_0/hier_mod_3/merged_303,2,SNPSHOPT25_FSDN2_V2_0P5,SNPSHOPT25_FSDN_V2_1,SNPSHOPT25_FSDN_V2_1;SNPSHOPT25_FSDNQ_V3_4,SNPSHOPT25_FSDN_V2_1:1;SNPSHOPT25_FSDNQ_V3_4:1,0.000717;0.000945,0.001661,0.001667,-0.000006,hier_top_mod_5/hier_top_mod_4/hier_top_mod_3/hier_top_mod_2/hier_top_mod_0_0/hier_mod_3/foo13__134;hier_top_mod_5/hier_top_mod_4/hier_top_mod_3/hier_top_mod_2/hier_top_mod_0_0/hier_mod_3/foo13__295
hier_top_mod_5/hier_top_mod_4/hier_top_mod_3/hier_top_mod_2/hier_top_mod_0_0/hier_mod_3/merged_304,4,SNPSHOPT25_FSDN4_V2_0P5,SNPSLOPT25_FSDNQ_V3_2,SNPSLOPT25_FSDNQ_V3_2;SNPSLOPT25_FSDN_V2_1;SNPSHOPT25_FSDN_V2_1;SNPSSLOPT25_FSDNQ_V3_2,SNPSLOPT25_FSDNQ_V3_2:1;SNPSLOPT25_FSDN_V2_1:1;SNPSHOPT25_FSDN_V2_1:1;SNPSSLOPT25_FSDNQ_V3_2:1,0.000982;0.000748;0.000942;0.000717,0.003388,0.003615,-0.000227,hier_top_mod_5/hier_top_mod_4/hier_top_mod_3/hier_top_mod_2/hier_top_mod_0_0/hier_mod_3/mid12__88;hier_top_mod_5/hier_top_mod_4/hier_top_mod_3/hier_top_mod_2/hier_top_mod_0_0/hier_mod_3/mid12__462;hier_top_mod_5/hier_top_mod_4/hier_top_mod_3/hier_top_mod_2/hier_top_mod_0_0/hier_mod_3/mid7__266;hier_top_mod_5/hier_top_mod_4/hier_top_mod_3/hier_top_mod_2/hier_top_mod_0_0/hier_mod_3/mid12__270
hier_top_mod_5/hier_top_mod_4/hier_top_mod_3/hier_top_mod_2/hier_top_mod_1/hier_mod_6/merged_305,4,SNPSHOPT25_FSDN4_V2_0P5,SNPSHOPT25_FSDNQ_V3_4,SNPSHOPT25_FSDNQ_V3_4;SNPSSLOPT25_FSDNQ_V3_2;SNPSHOPT25_FSDN_V2_1;SNPSSLOPT25_FSDN_V2_4,SNPSHOPT25_FSDNQ_V3_4:1;SNPSSLOPT25_FSDNQ_V3_2:1;SNPSHOPT25_FSDN_V2_1:1;SNPSSLOPT25_FSDN_V2_4:1,0.000945;0.000717;0.000714;0.000942,0.003317,0.003615,-0.000298,hier_top_mod_5/hier_top_mod_4/hier_top_mod_3/hier_top_mod_2/hier_top_mod_1/hier_mod_6/mid12__161;hier_top_mod_5/hier_top_mod_4/hier_top_mod_3/hier_top_mod_2/hier_top_mod_1/hier_mod_6/mid14__93;hier_top_mod_5/hier_top_mod_4/hier_top_mod_3/hier_top_mod_2/hier_top_mod_1/hier_mod_6/mid_hier14__509;hier_top_mod_5/hier_top_mod_4/hier_top_mod_3/hier_top_mod_2/hier_top_mod_1/hier_mod_6/mid_hier14__592
hier_top_mod_5/hier_top_mod_4/hier_top_mod_3/hier_top_mod_2/hier_top_mod_1/hier_top_mod_0_1/hier_mod_5/merged_306,4,SNPSHOPT25_FSDN4_V2_0P5,SNPSSLOPT25_FSDNQ_V3_2,SNPSHOPT25_FSDN_V2_1;SNPSSLOPT25_FSDNQ_V3_2;SNPSLOPT25_FSDNQ_V3_4;SNPSLOPT25_FSDN_V2_2,SNPSHOPT25_FSDN_V2_1:1;SNPSSLOPT25_FSDNQ_V3_2:1;SNPSLOPT25_FSDNQ_V3_4:1;SNPSLOPT25_FSDN_V2_2:1,0.000942;0.000982;0.000717;0.000721,0.003362,0.003615,-0.000253,hier_top_mod_5/hier_top_mod_4/hier_top_mod_3/hier_top_mod_2/hier_top_mod_1/hier_top_mod_0_1/hier_mod_5/mid12__532;hier_top_mod_5/hier_top_mod_4/hier_top_mod_3/hier_top_mod_2/hier_top_mod_1/hier_top_mod_0_1/hier_mod_5/mid12__386;hier_top_mod_5/hier_top_mod_4/hier_top_mod_3/hier_top_mod_2/hier_top_mod_1/hier_top_mod_0_1/hier_mod_5/mid12__459;hier_top_mod_5/hier_top_mod_4/hier_top_mod_3/hier_top_mod_2/hier_top_mod_1/hier_top_mod_0_1/hier_mod_5/mid12__274
hier_top_mod_5/hier_top_mod_4/hier_top_mod_3/hier_top_mod_0_2/hier_mod_2/merged_307,2,SNPSHOPT25_FSDN2_V2_0P5,SNPSHOPT25_FSDN_V2_1,SNPSHOPT25_FSDN_V2_1;SNPSSLOPT25_FSDN_V2_1,SNPSHOPT25_FSDN_V2_1:1;SNPSSLOPT25_FSDN_V2_1:1,0.000717;0.000718,0.001435,0.001667,-0.000232,hier_top_mod_5/hier_top_mod_4/hier_top_mod_3/hier_top_mod_0_2/hier_mod_2/foo7__61;hier_top_mod_5/hier_top_mod_4/hier_top_mod_3/hier_top_mod_0_2/hier_mod_2/foo7__76
hier_top_mod_5/hier_top_mod_4/hier_top_mod_3/hier_top_mod_2/hier_top_mod_1/hier_top_mod_0_1/hier_mod_5/merged_308,2,SNPSHOPT25_FSDN2_V2_0P5,SNPSLOPT25_FSDN_V2_1,SNPSLOPT25_FSDN_V2_1;SNPSHOPT25_FSDN_V2_1,SNPSLOPT25_FSDN_V2_1:1;SNPSHOPT25_FSDN_V2_1:1,0.000748;0.000717,0.001464,0.001667,-0.000203,hier_top_mod_5/hier_top_mod_4/hier_top_mod_3/hier_top_mod_2/hier_top_mod_1/hier_top_mod_0_1/hier_mod_5/foo7__280;hier_top_mod_5/hier_top_mod_4/hier_top_mod_3/hier_top_mod_2/hier_top_mod_1/hier_top_mod_0_1/hier_mod_5/foo7__196
hier_top_mod_5/hier_top_mod_4/hier_top_mod_3/hier_top_mod_0_2/merged_309,4,SNPSHOPT25_FSDN4_V2_0P5,SNPSHOPT25_FSDN_V2_1,SNPSSLOPT25_FSDNQ_V3_2;SNPSHOPT25_FSDN_V2_1;SNPSROPT25_FSDNQ_V3_1;SNPSSLOPT25_FSDNQ_V3_1,SNPSSLOPT25_FSDNQ_V3_2:1;SNPSHOPT25_FSDN_V2_1:1;SNPSROPT25_FSDNQ_V3_1:1;SNPSSLOPT25_FSDNQ_V3_1:1,0.000717;0.001007;0.000942;0.001011,0.003677,0.003615,0.000062,hier_top_mod_5/hier_top_mod_4/hier_top_mod_3/hier_top_mod_0_2/foo9__97;hier_top_mod_5/hier_top_mod_4/hier_top_mod_3/hier_top_mod_0_2/foo9__244;hier_top_mod_5/hier_top_mod_4/hier_top_mod_3/hier_top_mod_0_2/mid9__5;hier_top_mod_5/hier_top_mod_4/hier_top_mod_3/hier_top_mod_0_2/foo9__142
hier_top_mod_5/hier_top_mod_4/hier_top_mod_3/hier_top_mod_0_2/hier_mod_4/merged_310,4,SNPSHOPT25_FSDN4_V2_0P5,SNPSROPT25_FSDNQ_V3_2,SNPSROPT25_FSDNQ_V3_2;SNPSROPT25_FSDN_V2_1;SNPSROPT25_FSDN_V2_2;SNPSHOPT25_FSDN_V2_1,SNPSROPT25_FSDNQ_V3_2:1;SNPSROPT25_FSDN_V2_1:1;SNPSROPT25_FSDN_V2_2:1;SNPSHOPT25_FSDN_V2_1:1,0.000940;0.000711;0.000685;0.000717,0.003053,0.003615,-0.000562,hier_top_mod_5/hier_top_mod_4/hier_top_mod_3/hier_top_mod_0_2/hier_mod_4/foo9__2;hier_top_mod_5/hier_top_mod_4/hier_top_mod_3/hier_top_mod_0_2/hier_mod_4/foo9__214;hier_top_mod_5/hier_top_mod_4/hier_top_mod_3/hier_top_mod_0_2/hier_mod_4/foo9__215;hier_top_mod_5/hier_top_mod_4/hier_top_mod_3/hier_top_mod_0_2/hier_mod_4/foo9__178
hier_top_mod_5/hier_top_mod_4/hier_top_mod_3/hier_top_mod_2/hier_top_mod_0_0/hier_mod_0/merged_311,4,SNPSHOPT25_FSDN4_V2_0P5,SNPSLOPT25_FSDN_V2_2,SNPSLOPT25_FSDNQ_V3_2;SNPSLOPT25_FSDN_V2_2;SNPSHOPT25_FSDN_V2_2;SNPSHOPT25_FSDN_V2_1,SNPSLOPT25_FSDNQ_V3_2:1;SNPSLOPT25_FSDN_V2_2:1;SNPSHOPT25_FSDN_V2_2:1;SNPSHOPT25_FSDN_V2_1:1,0.000721;0.000690;0.000717;0.000982,0.003109,0.003615,-0.000506,hier_top_mod_5/hier_top_mod_4/hier_top_mod_3/hier_top_mod_2/hier_top_mod_0_0/hier_mod_0/foo9__236;hier_top_mod_5/hier_top_mod_4/hier_top_mod_3/hier_top_mod_2/hier_top_mod_0_0/hier_mod_0/foo9__206;hier_top_mod_5/hier_top_mod_4/hier_top_mod_3/hier_top_mod_2/hier_top_mod_0_0/hier_mod_0/foo9__151;hier_top_mod_5/hier_top_mod_4/hier_top_mod_3/hier_top_mod_2/hier_top_mod_0_0/hier_mod_0/foo9__185
hier_top_mod_5/hier_top_mod_4/hier_top_mod_3/hier_top_mod_2/hier_top_mod_0_0/hier_mod_3/merged_312,4,SNPSHOPT25_FSDN4_V2_0P5,SNPSROPT25_FSDN_V2_1,SNPSROPT25_FSDN_V2_1;SNPSSLOPT25_FSDN_V2_2;SNPSHOPT25_FSDN_V2_1;SNPSLOPT25_FSDNQ_V3_1,SNPSROPT25_FSDN_V2_1:1;SNPSSLOPT25_FSDN_V2_2:1;SNPSHOPT25_FSDN_V2_1:1;SNPSLOPT25_FSDNQ_V3_1:1,0.000711;0.000691;0.000717;0.001048,0.003168,0.003615,-0.000447,hier_top_mod_5/hier_top_mod_4/hier_top_mod_3/hier_top_mod_2/hier_top_mod_0_0/hier_mod_3/foo9__241;hier_top_mod_5/hier_top_mod_4/hier_top_mod_3/hier_top_mod_2/hier_top_mod_0_0/hier_mod_3/foo9__86;hier_top_mod_5/hier_top_mod_4/hier_top_mod_3/hier_top_mod_2/hier_top_mod_0_0/hier_mod_3/foo9__286;hier_top_mod_5/hier_top_mod_4/hier_top_mod_3/hier_top_mod_2/hier_top_mod_0_0/hier_mod_3/foo9__49
hier_top_mod_5/hier_top_mod_4/hier_top_mod_3/hier_top_mod_0_2/hier_mod_2/merged_313,2,SNPSHOPT25_FSDN2_V2_0P5,SNPSHOPT25_FSDN_V2_2,SNPSHOPT25_FSDN_V2_2;SNPSHOPT25_FSDN_V2_1,SNPSHOPT25_FSDN_V2_2:1;SNPSHOPT25_FSDN_V2_1:1,0.000690;0.000717,0.001406,0.001667,-0.000261,hier_top_mod_5/hier_top_mod_4/hier_top_mod_3/hier_top_mod_0_2/hier_mod_2/mid_hier13__393;hier_top_mod_5/hier_top_mod_4/hier_top_mod_3/hier_top_mod_0_2/hier_mod_2/mid13__20
hier_top_mod_5/hier_top_mod_4/hier_top_mod_3/hier_top_mod_0_2/hier_mod_2/merged_314,4,SNPSHOPT25_FSDN4_V2_0P5,SNPSROPT25_FSDN_V2_2,SNPSHOPT25_FSDN_V2_4;SNPSROPT25_FSDN_V2_2;SNPSROPT25_FSDNQ_V3_2;SNPSHOPT25_FSDN_V2_1,SNPSHOPT25_FSDN_V2_4:1;SNPSROPT25_FSDN_V2_2:1;SNPSROPT25_FSDNQ_V3_2:1;SNPSHOPT25_FSDN_V2_1:1,0.000685;0.000712;0.000940;0.000717,0.003053,0.003615,-0.000562,hier_top_mod_5/hier_top_mod_4/hier_top_mod_3/hier_top_mod_0_2/hier_mod_2/bar9__128;hier_top_mod_5/hier_top_mod_4/hier_top_mod_3/hier_top_mod_0_2/hier_mod_2/bar9__120;hier_top_mod_5/hier_top_mod_4/hier_top_mod_3/hier_top_mod_0_2/hier_mod_2/foo9__56;hier_top_mod_5/hier_top_mod_4/hier_top_mod_3/hier_top_mod_0_2/hier_mod_2/foo9__259
hier_top_mod_5/hier_top_mod_4/hier_top_mod_3/hier_top_mod_2/hier_top_mod_0_0/hier_mod_3/merged_315,2,SNPSHOPT25_FSDN2_V2_0P5,SNPSHOPT25_FSDN_V2_1,SNPSHOPT25_FSDN_V2_1;SNPSHOPT25_FSDNQ_V3_4,SNPSHOPT25_FSDN_V2_1:1;SNPSHOPT25_FSDNQ_V3_4:1,0.000717;0.000945,0.001661,0.001667,-0.000006,hier_top_mod_5/hier_top_mod_4/hier_top_mod_3/hier_top_mod_2/hier_top_mod_0_0/hier_mod_3/bar10__322;hier_top_mod_5/hier_top_mod_4/hier_top_mod_3/hier_top_mod_2/hier_top_mod_0_0/hier_mod_3/foo10__60
hier_top_mod_5/hier_top_mod_4/hier_top_mod_3/hier_top_mod_0_2/hier_mod_2/merged_316,2,SNPSHOPT25_FSDN2_V2_0P5,SNPSHOPT25_FSDN_V2_1,SNPSHOPT25_FSDN_V2_1;SNPSHOPT25_FSDN_V2_2,SNPSHOPT25_FSDN_V2_1:1;SNPSHOPT25_FSDN_V2_2:1,0.000717;0.000690,0.001406,0.001667,-0.000261,hier_top_mod_5/hier_top_mod_4/hier_top_mod_3/hier_top_mod_0_2/hier_mod_2/mid13__209;hier_top_mod_5/hier_top_mod_4/hier_top_mod_3/hier_top_mod_0_2/hier_mod_2/mid_hier13__123
hier_top_mod_5/hier_top_mod_4/hier_top_mod_3/hier_top_mod_2/hier_top_mod_1/hier_mod_6/merged_317,2,SNPSHOPT25_FSDN2_V2_0P5,SNPSROPT25_FSDN_V2_2,SNPSROPT25_FSDN_V2_2;SNPSHOPT25_FSDN_V2_1,SNPSROPT25_FSDN_V2_2:1;SNPSHOPT25_FSDN_V2_1:1,0.000685;0.000717,0.001401,0.001667,-0.000266,hier_top_mod_5/hier_top_mod_4/hier_top_mod_3/hier_top_mod_2/hier_top_mod_1/hier_mod_6/mid9__23;hier_top_mod_5/hier_top_mod_4/hier_top_mod_3/hier_top_mod_2/hier_top_mod_1/hier_mod_6/mid9__283
hier_top_mod_5/hier_top_mod_4/hier_top_mod_3/hier_top_mod_2/hier_top_mod_0_0/hier_mod_0/merged_318,2,SNPSHOPT25_FSDN2_V2_0P5,SNPSHOPT25_FSDN_V2_1,SNPSHOPT25_FSDN_V2_1;SNPSLOPT25_FSDNQ_V3_2,SNPSHOPT25_FSDN_V2_1:1;SNPSLOPT25_FSDNQ_V3_2:1,0.000717;0.000982,0.001698,0.001667,0.000031,hier_top_mod_5/hier_top_mod_4/hier_top_mod_3/hier_top_mod_2/hier_top_mod_0_0/hier_mod_0/foo13__242;hier_top_mod_5/hier_top_mod_4/hier_top_mod_3/hier_top_mod_2/hier_top_mod_0_0/hier_mod_0/foo13__168
hier_top_mod_5/hier_top_mod_4/hier_top_mod_3/hier_top_mod_2/hier_top_mod_0_0/hier_mod_3/merged_319,2,SNPSHOPT25_FSDN2_V2_0P5,SNPSSLOPT25_FSDNQ_V3_2,SNPSHOPT25_FSDN_V2_1;SNPSSLOPT25_FSDNQ_V3_2,SNPSHOPT25_FSDN_V2_1:1;SNPSSLOPT25_FSDNQ_V3_2:1,0.000942;0.000717,0.001659,0.001667,-0.000008,hier_top_mod_5/hier_top_mod_4/hier_top_mod_3/hier_top_mod_2/hier_top_mod_0_0/hier_mod_3/foo13__477;hier_top_mod_5/hier_top_mod_4/hier_top_mod_3/hier_top_mod_2/hier_top_mod_0_0/hier_mod_3/foo13__296
hier_top_mod_5/hier_top_mod_4/hier_top_mod_3/hier_top_mod_2/hier_top_mod_1/hier_top_mod_0_1/hier_mod_5/merged_320,4,SNPSHOPT25_FSDN4_V2_0P5,SNPSHOPT25_FSDNQ_V3_1,SNPSHOPT25_FSDN_V2_1;SNPSHOPT25_FSDNQ_V3_1;SNPSLOPT25_FSDNQ_V3_2,SNPSHOPT25_FSDN_V2_1:1;SNPSHOPT25_FSDNQ_V3_1:1;SNPSLOPT25_FSDNQ_V3_2:2,0.001014;0.000717;0.000982;0.000982,0.003694,0.003615,0.000079,hier_top_mod_5/hier_top_mod_4/hier_top_mod_3/hier_top_mod_2/hier_top_mod_1/hier_top_mod_0_1/hier_mod_5/mid13__233;hier_top_mod_5/hier_top_mod_4/hier_top_mod_3/hier_top_mod_2/hier_top_mod_1/hier_top_mod_0_1/hier_mod_5/mid_hier13__392;hier_top_mod_5/hier_top_mod_4/hier_top_mod_3/hier_top_mod_2/hier_top_mod_1/hier_top_mod_0_1/hier_mod_5/mid13__324;hier_top_mod_5/hier_top_mod_4/hier_top_mod_3/hier_top_mod_2/hier_top_mod_1/hier_top_mod_0_1/hier_mod_5/mid7__173
hier_top_mod_5/hier_top_mod_4/hier_top_mod_3/hier_top_mod_2/hier_top_mod_1/hier_mod_6/merged_321,2,SNPSHOPT25_FSDN2_V2_0P5,SNPSHOPT25_FSDN_V2_1,SNPSHOPT25_FSDN_V2_1;SNPSSLOPT25_FSDN_V2_4,SNPSHOPT25_FSDN_V2_1:1;SNPSSLOPT25_FSDN_V2_4:1,0.000717;0.000714,0.001430,0.001667,-0.000237,hier_top_mod_5/hier_top_mod_4/hier_top_mod_3/hier_top_mod_2/hier_top_mod_1/hier_mod_6/bar16__169;hier_top_mod_5/hier_top_mod_4/hier_top_mod_3/hier_top_mod_2/hier_top_mod_1/hier_mod_6/mid16__381
hier_top_mod_5/hier_top_mod_4/hier_top_mod_3/hier_top_mod_2/hier_top_mod_1/hier_top_mod_0_1/hier_mod_5/merged_322,2,SNPSHOPT25_FSDN2_V2_0P5,SNPSROPT25_FSDNQ_V3_2,SNPSROPT25_FSDNQ_V3_2;SNPSHOPT25_FSDN_V2_1,SNPSROPT25_FSDNQ_V3_2:1;SNPSHOPT25_FSDN_V2_1:1,0.000940;0.000717,0.001657,0.001667,-0.000010,hier_top_mod_5/hier_top_mod_4/hier_top_mod_3/hier_top_mod_2/hier_top_mod_1/hier_top_mod_0_1/hier_mod_5/bar16__317;hier_top_mod_5/hier_top_mod_4/hier_top_mod_3/hier_top_mod_2/hier_top_mod_1/hier_top_mod_0_1/hier_mod_5/bar16__88
hier_top_mod_5/hier_top_mod_4/hier_top_mod_3/hier_top_mod_2/hier_top_mod_1/hier_mod_6/merged_323,4,SNPSHOPT25_FSDN4_V2_0P5,SNPSLOPT25_FSDN_V2_4,SNPSLOPT25_FSDN_V2_4;SNPSROPT25_FSDN_V2_2;SNPSROPT25_FSDN_V2_1;SNPSHOPT25_FSDN_V2_1,SNPSLOPT25_FSDN_V2_4:1;SNPSROPT25_FSDN_V2_2:1;SNPSROPT25_FSDN_V2_1:1;SNPSHOPT25_FSDN_V2_1:1,0.000743;0.000685;0.000711;0.000717,0.002856,0.003615,-0.000759,hier_top_mod_5/hier_top_mod_4/hier_top_mod_3/hier_top_mod_2/hier_top_mod_1/hier_mod_6/mid15__117;hier_top_mod_5/hier_top_mod_4/hier_top_mod_3/hier_top_mod_2/hier_top_mod_1/hier_mod_6/mid15__527;hier_top_mod_5/hier_top_mod_4/hier_top_mod_3/hier_top_mod_2/hier_top_mod_1/hier_mod_6/mid15__67;hier_top_mod_5/hier_top_mod_4/hier_top_mod_3/hier_top_mod_2/hier_top_mod_1/hier_mod_6/mid15__139
hier_top_mod_5/hier_top_mod_4/hier_top_mod_3/hier_top_mod_2/hier_top_mod_1/hier_top_mod_0_1/hier_mod_1/merged_324,4,SNPSHOPT25_FSDN4_V2_0P5,SNPSROPT25_FSDN_V2_2,SNPSROPT25_FSDN_V2_2;SNPSLOPT25_FSDNQ_V3_4;SNPSHOPT25_FSDN_V2_1;SNPSHOPT25_FSDNQ_V3_2,SNPSROPT25_FSDN_V2_2:1;SNPSLOPT25_FSDNQ_V3_4:1;SNPSHOPT25_FSDN_V2_1:1;SNPSHOPT25_FSDNQ_V3_2:1,0.000685;0.000982;0.000717;0.000946,0.003330,0.003615,-0.000285,hier_top_mod_5/hier_top_mod_4/hier_top_mod_3/hier_top_mod_2/hier_top_mod_1/hier_top_mod_0_1/hier_mod_1/foo16__353;hier_top_mod_5/hier_top_mod_4/hier_top_mod_3/hier_top_mod_2/hier_top_mod_1/hier_top_mod_0_1/hier_mod_1/bar15__438;hier_top_mod_5/hier_top_mod_4/hier_top_mod_3/hier_top_mod_2/hier_top_mod_1/hier_top_mod_0_1/hier_mod_1/bar15__322;hier_top_mod_5/hier_top_mod_4/hier_top_mod_3/hier_top_mod_2/hier_top_mod_1/hier_top_mod_0_1/hier_mod_1/mid15__353
hier_top_mod_5/hier_top_mod_4/hier_top_mod_3/hier_top_mod_2/hier_top_mod_1/hier_top_mod_0_1/hier_mod_5/merged_325,2,SNPSHOPT25_FSDN2_V2_0P5,SNPSHOPT25_FSDN_V2_1,SNPSHOPT25_FSDN_V2_1;SNPSROPT25_FSDN_V2_1,SNPSHOPT25_FSDN_V2_1:1;SNPSROPT25_FSDN_V2_1:1,0.000717;0.000711,0.001428,0.001667,-0.000239,hier_top_mod_5/hier_top_mod_4/hier_top_mod_3/hier_top_mod_2/hier_top_mod_1/hier_top_mod_0_1/hier_mod_5/bar13__629;hier_top_mod_5/hier_top_mod_4/hier_top_mod_3/hier_top_mod_2/hier_top_mod_1/hier_top_mod_0_1/hier_mod_5/bar13__395
hier_top_mod_5/hier_top_mod_4/hier_top_mod_3/hier_top_mod_0_2/merged_326,2,SNPSHOPT25_FSDN2_V2_0P5,SNPSHOPT25_FSDN_V2_1,SNPSHOPT25_FSDN_V2_1;SNPSHOPT25_FSDN_V2_4,SNPSHOPT25_FSDN_V2_1:1;SNPSHOPT25_FSDN_V2_4:1,0.000717;0.000712,0.001429,0.001667,-0.000238,hier_top_mod_5/hier_top_mod_4/hier_top_mod_3/hier_top_mod_0_2/mid_hier13__365;hier_top_mod_5/hier_top_mod_4/hier_top_mod_3/hier_top_mod_0_2/mid_hier13__556
hier_top_mod_5/hier_top_mod_4/hier_top_mod_3/hier_top_mod_2/hier_top_mod_1/hier_mod_6/merged_327,2,SNPSHOPT25_FSDN2_V2_0P5,SNPSHOPT25_FSDN_V2_1,SNPSHOPT25_FSDN_V2_1;SNPSROPT25_FSDN_V2_2,SNPSHOPT25_FSDN_V2_1:1;SNPSROPT25_FSDN_V2_2:1,0.000717;0.000685,0.001401,0.001667,-0.000266,hier_top_mod_5/hier_top_mod_4/hier_top_mod_3/hier_top_mod_2/hier_top_mod_1/hier_mod_6/bar16__466;hier_top_mod_5/hier_top_mod_4/hier_top_mod_3/hier_top_mod_2/hier_top_mod_1/hier_mod_6/bar16__557
hier_top_mod_5/hier_top_mod_4/hier_top_mod_3/hier_top_mod_2/hier_top_mod_1/hier_top_mod_0_1/hier_mod_5/merged_328,2,SNPSHOPT25_FSDN2_V2_0P5,SNPSHOPT25_FSDN_V2_1,SNPSHOPT25_FSDN_V2_1;SNPSSLOPT25_FSDN_V2_2,SNPSHOPT25_FSDN_V2_1:1;SNPSSLOPT25_FSDN_V2_2:1,0.000717;0.000691,0.001408,0.001667,-0.000259,hier_top_mod_5/hier_top_mod_4/hier_top_mod_3/hier_top_mod_2/hier_top_mod_1/hier_top_mod_0_1/hier_mod_5/mid_hier13__68;hier_top_mod_5/hier_top_mod_4/hier_top_mod_3/hier_top_mod_2/hier_top_mod_1/hier_top_mod_0_1/hier_mod_5/bar13__240
hier_top_mod_5/hier_top_mod_4/hier_top_mod_3/hier_top_mod_2/hier_top_mod_1/hier_mod_6/merged_329,2,SNPSHOPT25_FSDN2_V2_0P5,SNPSHOPT25_FSDN_V2_1,SNPSHOPT25_FSDN_V2_1;SNPSSLOPT25_FSDN_V2_4,SNPSHOPT25_FSDN_V2_1:1;SNPSSLOPT25_FSDN_V2_4:1,0.000717;0.000714,0.001430,0.001667,-0.000237,hier_top_mod_5/hier_top_mod_4/hier_top_mod_3/hier_top_mod_2/hier_top_mod_1/hier_mod_6/bar13__440;hier_top_mod_5/hier_top_mod_4/hier_top_mod_3/hier_top_mod_2/hier_top_mod_1/hier_mod_6/bar13__268
hier_top_mod_5/hier_top_mod_4/hier_top_mod_3/hier_top_mod_0_2/hier_mod_4/merged_330,2,SNPSHOPT25_FSDN2_V2_0P5,SNPSHOPT25_FSDN_V2_1,SNPSHOPT25_FSDN_V2_1;SNPSROPT25_FSDN_V2_2,SNPSHOPT25_FSDN_V2_1:1;SNPSROPT25_FSDN_V2_2:1,0.000717;0.000685,0.001401,0.001667,-0.000266,hier_top_mod_5/hier_top_mod_4/hier_top_mod_3/hier_top_mod_0_2/hier_mod_4/foo2__295;hier_top_mod_5/hier_top_mod_4/hier_top_mod_3/hier_top_mod_0_2/hier_mod_4/foo2__89
hier_top_mod_5/hier_top_mod_4/hier_top_mod_3/hier_top_mod_2/hier_top_mod_1/hier_mod_6/merged_331,2,SNPSHOPT25_FSDN2_V2_0P5,SNPSHOPT25_FSDN_V2_1,SNPSHOPT25_FSDN_V2_1;SNPSSLOPT25_FSDNQ_V3_1,SNPSHOPT25_FSDN_V2_1:1;SNPSSLOPT25_FSDNQ_V3_1:1,0.000717;0.001011,0.001728,0.001667,0.000061,hier_top_mod_5/hier_top_mod_4/hier_top_mod_3/hier_top_mod_2/hier_top_mod_1/hier_mod_6/mid15__328;hier_top_mod_5/hier_top_mod_4/hier_top_mod_3/hier_top_mod_2/hier_top_mod_1/hier_mod_6/mid15__103
hier_top_mod_5/hier_top_mod_4/hier_top_mod_3/hier_top_mod_2/hier_top_mod_1/hier_top_mod_0_1/hier_mod_5/merged_332,4,SNPSHOPT25_FSDN4_V2_0P5,SNPSROPT25_FSDNQ_V3_4,SNPSROPT25_FSDNQ_V3_4;SNPSHOPT25_FSDN_V2_1;SNPSLOPT25_FSDNQ_V3_4;SNPSSLOPT25_FSDN_V2_2,SNPSROPT25_FSDNQ_V3_4:1;SNPSHOPT25_FSDN_V2_1:1;SNPSLOPT25_FSDNQ_V3_4:1;SNPSSLOPT25_FSDN_V2_2:1,0.000938;0.000717;0.000982;0.000691,0.003329,0.003615,-0.000286,hier_top_mod_5/hier_top_mod_4/hier_top_mod_3/hier_top_mod_2/hier_top_mod_1/hier_top_mod_0_1/hier_mod_5/mid15__207;hier_top_mod_5/hier_top_mod_4/hier_top_mod_3/hier_top_mod_2/hier_top_mod_1/hier_top_mod_0_1/hier_mod_5/mid15__166;hier_top_mod_5/hier_top_mod_4/hier_top_mod_3/hier_top_mod_2/hier_top_mod_1/hier_top_mod_0_1/hier_mod_5/mid15__282;hier_top_mod_5/hier_top_mod_4/hier_top_mod_3/hier_top_mod_2/hier_top_mod_1/hier_top_mod_0_1/hier_mod_5/mid15__20
hier_top_mod_5/hier_top_mod_4/hier_top_mod_3/hier_top_mod_2/hier_top_mod_1/hier_mod_6/merged_333,2,SNPSHOPT25_FSDN2_V2_0P5,SNPSHOPT25_FSDN_V2_1,SNPSSLOPT25_FSDNQ_V3_2;SNPSHOPT25_FSDN_V2_1,SNPSSLOPT25_FSDNQ_V3_2:1;SNPSHOPT25_FSDN_V2_1:1,0.000717;0.000942,0.001659,0.001667,-0.000008,hier_top_mod_5/hier_top_mod_4/hier_top_mod_3/hier_top_mod_2/hier_top_mod_1/hier_mod_6/bar16__115;hier_top_mod_5/hier_top_mod_4/hier_top_mod_3/hier_top_mod_2/hier_top_mod_1/hier_mod_6/bar16__404
hier_top_mod_5/hier_top_mod_4/hier_top_mod_3/hier_top_mod_0_2/hier_mod_2/merged_334,2,SNPSHOPT25_FSDN2_V2_0P5,SNPSHOPT25_FSDN_V2_1,SNPSHOPT25_FSDN_V2_1;SNPSROPT25_FSDN_V2_1,SNPSHOPT25_FSDN_V2_1:1;SNPSROPT25_FSDN_V2_1:1,0.000717;0.000711,0.001428,0.001667,-0.000239,hier_top_mod_5/hier_top_mod_4/hier_top_mod_3/hier_top_mod_0_2/hier_mod_2/bar4__298;hier_top_mod_5/hier_top_mod_4/hier_top_mod_3/hier_top_mod_0_2/hier_mod_2/bar4__172
hier_top_mod_5/hier_top_mod_4/hier_top_mod_3/hier_top_mod_2/hier_top_mod_0_0/hier_mod_3/merged_335,4,SNPSHOPT25_FSDN4_V2_0P5,SNPSHOPT25_FSDN_V2_1,SNPSHOPT25_FSDN_V2_1;SNPSSLOPT25_FSDNQ_V3_4;SNPSHOPT25_FSDNQ_V3_4,SNPSHOPT25_FSDN_V2_1:2;SNPSSLOPT25_FSDNQ_V3_4:1;SNPSHOPT25_FSDNQ_V3_4:1,0.000717;0.000717;0.000941;0.000945,0.003319,0.003615,-0.000296,hier_top_mod_5/hier_top_mod_4/hier_top_mod_3/hier_top_mod_2/hier_top_mod_0_0/hier_mod_3/bar4__217;hier_top_mod_5/hier_top_mod_4/hier_top_mod_3/hier_top_mod_2/hier_top_mod_0_0/hier_mod_3/bar4__28;hier_top_mod_5/hier_top_mod_4/hier_top_mod_3/hier_top_mod_2/hier_top_mod_0_0/hier_mod_3/bar4__237;hier_top_mod_5/hier_top_mod_4/hier_top_mod_3/hier_top_mod_2/hier_top_mod_0_0/hier_mod_3/bar4__81
hier_top_mod_5/hier_top_mod_4/hier_top_mod_3/hier_top_mod_0_2/hier_mod_2/merged_336,4,SNPSHOPT25_FSDN4_V2_0P5,SNPSLOPT25_FSDN_V2_2,SNPSLOPT25_FSDN_V2_2;SNPSHOPT25_FSDN_V2_1;SNPSROPT25_FSDN_V2_4;SNPSSLOPT25_FSDNQ_V3_1,SNPSLOPT25_FSDN_V2_2:1;SNPSHOPT25_FSDN_V2_1:1;SNPSROPT25_FSDN_V2_4:1;SNPSSLOPT25_FSDNQ_V3_1:1,0.000721;0.000717;0.001011;0.000706,0.003155,0.003615,-0.000460,hier_top_mod_5/hier_top_mod_4/hier_top_mod_3/hier_top_mod_0_2/hier_mod_2/foo16__563;hier_top_mod_5/hier_top_mod_4/hier_top_mod_3/hier_top_mod_0_2/hier_mod_2/foo16__46;hier_top_mod_5/hier_top_mod_4/hier_top_mod_3/hier_top_mod_0_2/hier_mod_2/foo16__118;hier_top_mod_5/hier_top_mod_4/hier_top_mod_3/hier_top_mod_0_2/hier_mod_2/foo16__516
hier_top_mod_5/hier_top_mod_4/hier_top_mod_3/hier_top_mod_2/hier_top_mod_1/hier_mod_6/merged_337,2,SNPSHOPT25_FSDN2_V2_0P5,SNPSHOPT25_FSDN_V2_1,SNPSHOPT25_FSDN_V2_1;SNPSROPT25_FSDNQ_V3_4,SNPSHOPT25_FSDN_V2_1:1;SNPSROPT25_FSDNQ_V3_4:1,0.000717;0.000938,0.001655,0.001667,-0.000012,hier_top_mod_5/hier_top_mod_4/hier_top_mod_3/hier_top_mod_2/hier_top_mod_1/hier_mod_6/mid_hier13__500;hier_top_mod_5/hier_top_mod_4/hier_top_mod_3/hier_top_mod_2/hier_top_mod_1/hier_mod_6/mid13__115
hier_top_mod_5/hier_top_mod_4/hier_top_mod_3/hier_top_mod_0_2/hier_mod_2/merged_338,4,SNPSHOPT25_FSDN4_V2_0P5,SNPSROPT25_FSDNQ_V3_4,SNPSROPT25_FSDNQ_V3_4;SNPSSLOPT25_FSDN_V2_1;SNPSHOPT25_FSDN_V2_1;SNPSROPT25_FSDN_V2_4,SNPSROPT25_FSDNQ_V3_4:1;SNPSSLOPT25_FSDN_V2_1:1;SNPSHOPT25_FSDN_V2_1:1;SNPSROPT25_FSDN_V2_4:1,0.000938;0.000718;0.000717;0.000706,0.003079,0.003615,-0.000536,hier_top_mod_5/hier_top_mod_4/hier_top_mod_3/hier_top_mod_0_2/hier_mod_2/foo4__183;hier_top_mod_5/hier_top_mod_4/hier_top_mod_3/hier_top_mod_0_2/hier_mod_2/mid3__271;hier_top_mod_5/hier_top_mod_4/hier_top_mod_3/hier_top_mod_0_2/hier_mod_2/foo4__223;hier_top_mod_5/hier_top_mod_4/hier_top_mod_3/hier_top_mod_0_2/hier_mod_2/bar3__237
hier_top_mod_5/hier_top_mod_4/hier_top_mod_3/hier_top_mod_2/hier_top_mod_1/hier_top_mod_0_1/hier_mod_5/merged_339,2,SNPSHOPT25_FSDN2_V2_0P5,SNPSHOPT25_FSDN_V2_1,SNPSHOPT25_FSDN_V2_1;SNPSROPT25_FSDNQ_V3_4,SNPSHOPT25_FSDN_V2_1:1;SNPSROPT25_FSDNQ_V3_4:1,0.000717;0.000938,0.001655,0.001667,-0.000012,hier_top_mod_5/hier_top_mod_4/hier_top_mod_3/hier_top_mod_2/hier_top_mod_1/hier_top_mod_0_1/hier_mod_5/bar1__82;hier_top_mod_5/hier_top_mod_4/hier_top_mod_3/hier_top_mod_2/hier_top_mod_1/hier_top_mod_0_1/hier_mod_5/bar1__258
hier_top_mod_5/hier_top_mod_4/hier_top_mod_3/hier_top_mod_2/hier_top_mod_0_0/hier_mod_3/merged_340,2,SNPSHOPT25_FSDN2_V2_0P5,SNPSHOPT25_FSDN_V2_1,SNPSHOPT25_FSDN_V2_1;SNPSLOPT25_FSDN_V2_1,SNPSHOPT25_FSDN_V2_1:1;SNPSLOPT25_FSDN_V2_1:1,0.000717;0.000748,0.001464,0.001667,-0.000203,hier_top_mod_5/hier_top_mod_4/hier_top_mod_3/hier_top_mod_2/hier_top_mod_0_0/hier_mod_3/mid_hier14__330;hier_top_mod_5/hier_top_mod_4/hier_top_mod_3/hier_top_mod_2/hier_top_mod_0_0/hier_mod_3/mid_hier14__63
hier_top_mod_5/hier_top_mod_4/hier_top_mod_3/hier_top_mod_0_2/hier_mod_2/merged_341,4,SNPSHOPT25_FSDN4_V2_0P5,SNPSLOPT25_FSDNQ_V3_1,SNPSLOPT25_FSDNQ_V3_1;SNPSHOPT25_FSDNQ_V3_2;SNPSSLOPT25_FSDNQ_V3_1;SNPSHOPT25_FSDN_V2_1,SNPSLOPT25_FSDNQ_V3_1:1;SNPSHOPT25_FSDNQ_V3_2:1;SNPSSLOPT25_FSDNQ_V3_1:1;SNPSHOPT25_FSDN_V2_1:1,0.001048;0.001011;0.000717;0.000946,0.003722,0.003615,0.000107,hier_top_mod_5/hier_top_mod_4/hier_top_mod_3/hier_top_mod_0_2/hier_mod_2/bar3__97;hier_top_mod_5/hier_top_mod_4/hier_top_mod_3/hier_top_mod_0_2/hier_mod_2/bar3__217;hier_top_mod_5/hier_top_mod_4/hier_top_mod_3/hier_top_mod_0_2/hier_mod_2/bar3__145;hier_top_mod_5/hier_top_mod_4/hier_top_mod_3/hier_top_mod_0_2/hier_mod_2/bar3__143
hier_top_mod_5/hier_top_mod_4/hier_top_mod_3/hier_top_mod_2/hier_top_mod_1/hier_mod_6/merged_342,4,SNPSHOPT25_FSDN4_V2_0P5,SNPSHOPT25_FSDN_V2_1,SNPSHOPT25_FSDN_V2_1;SNPSHOPT25_FSDNQ_V3_4;SNPSHOPT25_FSDN_V2_2;SNPSSLOPT25_FSDNQ_V3_4,SNPSHOPT25_FSDN_V2_1:1;SNPSHOPT25_FSDNQ_V3_4:1;SNPSHOPT25_FSDN_V2_2:1;SNPSSLOPT25_FSDNQ_V3_4:1,0.000717;0.000945;0.000690;0.000941,0.003292,0.003615,-0.000323,hier_top_mod_5/hier_top_mod_4/hier_top_mod_3/hier_top_mod_2/hier_top_mod_1/hier_mod_6/bar3__118;hier_top_mod_5/hier_top_mod_4/hier_top_mod_3/hier_top_mod_2/hier_top_mod_1/hier_mod_6/bar3__252;hier_top_mod_5/hier_top_mod_4/hier_top_mod_3/hier_top_mod_2/hier_top_mod_1/hier_mod_6/bar3__65;hier_top_mod_5/hier_top_mod_4/hier_top_mod_3/hier_top_mod_2/hier_top_mod_1/hier_mod_6/bar3__165
hier_top_mod_5/hier_top_mod_4/hier_top_mod_3/hier_top_mod_2/hier_top_mod_1/hier_top_mod_0_1/hier_mod_5/merged_343,2,SNPSHOPT25_FSDN2_V2_0P5,SNPSHOPT25_FSDN_V2_1,SNPSHOPT25_FSDN_V2_1;SNPSLOPT25_FSDN_V2_4,SNPSHOPT25_FSDN_V2_1:1;SNPSLOPT25_FSDN_V2_4:1,0.000717;0.000743,0.001460,0.001667,-0.000207,hier_top_mod_5/hier_top_mod_4/hier_top_mod_3/hier_top_mod_2/hier_top_mod_1/hier_top_mod_0_1/hier_mod_5/foo4__277;hier_top_mod_5/hier_top_mod_4/hier_top_mod_3/hier_top_mod_2/hier_top_mod_1/hier_top_mod_0_1/hier_mod_5/bar3__285
hier_top_mod_5/hier_top_mod_4/hier_top_mod_3/hier_top_mod_0_2/hier_mod_4/merged_344,2,SNPSHOPT25_FSDN2_V2_0P5,SNPSHOPT25_FSDNQ_V3_1,SNPSHOPT25_FSDN_V2_1;SNPSHOPT25_FSDNQ_V3_1,SNPSHOPT25_FSDN_V2_1:1;SNPSHOPT25_FSDNQ_V3_1:1,0.001014;0.000717,0.001731,0.001667,0.000064,hier_top_mod_5/hier_top_mod_4/hier_top_mod_3/hier_top_mod_0_2/hier_mod_4/mid_hier13__389;hier_top_mod_5/hier_top_mod_4/hier_top_mod_3/hier_top_mod_0_2/hier_mod_4/mid_hier13__581
hier_top_mod_5/hier_top_mod_4/hier_top_mod_3/hier_top_mod_2/hier_top_mod_0_0/hier_mod_0/merged_345,4,SNPSHOPT25_FSDN4_V2_0P5,SNPSSLOPT25_FSDN_V2_4,SNPSSLOPT25_FSDN_V2_4;SNPSLOPT25_FSDN_V2_2;SNPSHOPT25_FSDN_V2_1;SNPSHOPT25_FSDNQ_V3_2,SNPSSLOPT25_FSDN_V2_4:1;SNPSLOPT25_FSDN_V2_2:1;SNPSHOPT25_FSDN_V2_1:1;SNPSHOPT25_FSDNQ_V3_2:1,0.000714;0.000721;0.000717;0.000946,0.003098,0.003615,-0.000517,hier_top_mod_5/hier_top_mod_4/hier_top_mod_3/hier_top_mod_2/hier_top_mod_0_0/hier_mod_0/mid_hier10__45;hier_top_mod_5/hier_top_mod_4/hier_top_mod_3/hier_top_mod_2/hier_top_mod_0_0/hier_mod_0/mid10__62;hier_top_mod_5/hier_top_mod_4/hier_top_mod_3/hier_top_mod_2/hier_top_mod_0_0/hier_mod_0/mid12__162;hier_top_mod_5/hier_top_mod_4/hier_top_mod_3/hier_top_mod_2/hier_top_mod_0_0/hier_mod_0/mid13__18
hier_top_mod_5/hier_top_mod_4/hier_top_mod_3/hier_top_mod_2/hier_top_mod_1/hier_mod_6/merged_346,4,SNPSHOPT25_FSDN4_V2_0P5,SNPSLOPT25_FSDNQ_V3_2,SNPSROPT25_FSDNQ_V3_4;SNPSLOPT25_FSDNQ_V3_2;SNPSHOPT25_FSDN_V2_1;SNPSHOPT25_FSDN_V2_2,SNPSROPT25_FSDNQ_V3_4:1;SNPSLOPT25_FSDNQ_V3_2:1;SNPSHOPT25_FSDN_V2_1:1;SNPSHOPT25_FSDN_V2_2:1,0.000982;0.000938;0.000717;0.000690,0.003326,0.003615,-0.000289,hier_top_mod_5/hier_top_mod_4/hier_top_mod_3/hier_top_mod_2/hier_top_mod_1/hier_mod_6/mid5__137;hier_top_mod_5/hier_top_mod_4/hier_top_mod_3/hier_top_mod_2/hier_top_mod_1/hier_mod_6/mid5__63;hier_top_mod_5/hier_top_mod_4/hier_top_mod_3/hier_top_mod_2/hier_top_mod_1/hier_mod_6/mid5__130;hier_top_mod_5/hier_top_mod_4/hier_top_mod_3/hier_top_mod_2/hier_top_mod_1/hier_mod_6/mid5__77
hier_top_mod_5/hier_top_mod_4/hier_top_mod_3/hier_top_mod_0_2/hier_mod_2/merged_347,2,SNPSHOPT25_FSDN2_V2_0P5,SNPSHOPT25_FSDN_V2_1,SNPSHOPT25_FSDN_V2_1;SNPSROPT25_FSDN_V2_2,SNPSHOPT25_FSDN_V2_1:1;SNPSROPT25_FSDN_V2_2:1,0.000717;0.000685,0.001401,0.001667,-0.000266,hier_top_mod_5/hier_top_mod_4/hier_top_mod_3/hier_top_mod_0_2/hier_mod_2/mid13__74;hier_top_mod_5/hier_top_mod_4/hier_top_mod_3/hier_top_mod_0_2/hier_mod_2/mid_hier13__267
hier_top_mod_5/hier_top_mod_4/hier_top_mod_3/hier_top_mod_2/hier_top_mod_0_0/hier_mod_0/merged_348,2,SNPSHOPT25_FSDN2_V2_0P5,SNPSHOPT25_FSDN_V2_2,SNPSHOPT25_FSDN_V2_2;SNPSHOPT25_FSDN_V2_1,SNPSHOPT25_FSDN_V2_2:1;SNPSHOPT25_FSDN_V2_1:1,0.000690;0.000717,0.001406,0.001667,-0.000261,hier_top_mod_5/hier_top_mod_4/hier_top_mod_3/hier_top_mod_2/hier_top_mod_0_0/hier_mod_0/foo14__586;hier_top_mod_5/hier_top_mod_4/hier_top_mod_3/hier_top_mod_2/hier_top_mod_0_0/hier_mod_0/foo14__558
hier_top_mod_5/hier_top_mod_4/hier_top_mod_3/hier_top_mod_0_2/hier_mod_2/merged_349,4,SNPSHOPT25_FSDN4_V2_0P5,SNPSLOPT25_FSDNQ_V3_4,SNPSSLOPT25_FSDN_V2_1;SNPSLOPT25_FSDNQ_V3_4;SNPSHOPT25_FSDN_V2_1,SNPSSLOPT25_FSDN_V2_1:2;SNPSLOPT25_FSDNQ_V3_4:1;SNPSHOPT25_FSDN_V2_1:1,0.000982;0.000718;0.000717;0.000718,0.003135,0.003615,-0.000480,hier_top_mod_5/hier_top_mod_4/hier_top_mod_3/hier_top_mod_0_2/hier_mod_2/mid14__209;hier_top_mod_5/hier_top_mod_4/hier_top_mod_3/hier_top_mod_0_2/hier_mod_2/mid14__567;hier_top_mod_5/hier_top_mod_4/hier_top_mod_3/hier_top_mod_0_2/hier_mod_2/mid_hier14__600;hier_top_mod_5/hier_top_mod_4/hier_top_mod_3/hier_top_mod_0_2/hier_mod_2/mid_hier14__210
hier_top_mod_5/hier_top_mod_4/hier_top_mod_3/hier_top_mod_2/hier_top_mod_0_0/hier_mod_0/merged_350,4,SNPSHOPT25_FSDN4_V2_0P5,SNPSLOPT25_FSDNQ_V3_1,SNPSLOPT25_FSDNQ_V3_1;SNPSHOPT25_FSDNQ_V3_2;SNPSHOPT25_FSDNQ_V3_4;SNPSHOPT25_FSDN_V2_1,SNPSLOPT25_FSDNQ_V3_1:1;SNPSHOPT25_FSDNQ_V3_2:1;SNPSHOPT25_FSDNQ_V3_4:1;SNPSHOPT25_FSDN_V2_1:1,0.001048;0.000946;0.000945;0.000717,0.003656,0.003615,0.000041,hier_top_mod_5/hier_top_mod_4/hier_top_mod_3/hier_top_mod_2/hier_top_mod_0_0/hier_mod_0/mid_hier14__552;hier_top_mod_5/hier_top_mod_4/hier_top_mod_3/hier_top_mod_2/hier_top_mod_0_0/hier_mod_0/mid_hier14__31;hier_top_mod_5/hier_top_mod_4/hier_top_mod_3/hier_top_mod_2/hier_top_mod_0_0/hier_mod_0/mid14__254;hier_top_mod_5/hier_top_mod_4/hier_top_mod_3/hier_top_mod_2/hier_top_mod_0_0/hier_mod_0/mid14__282
hier_top_mod_5/hier_top_mod_4/hier_top_mod_3/hier_top_mod_2/hier_top_mod_1/hier_top_mod_0_1/hier_mod_1/merged_351,4,SNPSHOPT25_FSDN4_V2_0P5,SNPSHOPT25_FSDN_V2_4,SNPSHOPT25_FSDN_V2_4;SNPSLOPT25_FSDNQ_V3_1;SNPSHOPT25_FSDN_V2_1;SNPSHOPT25_FSDNQ_V3_1,SNPSHOPT25_FSDN_V2_4:1;SNPSLOPT25_FSDNQ_V3_1:1;SNPSHOPT25_FSDN_V2_1:1;SNPSHOPT25_FSDNQ_V3_1:1,0.000712;0.001048;0.001014;0.000717,0.003491,0.003615,-0.000124,hier_top_mod_5/hier_top_mod_4/hier_top_mod_3/hier_top_mod_2/hier_top_mod_1/hier_top_mod_0_1/hier_mod_1/mid14__122;hier_top_mod_5/hier_top_mod_4/hier_top_mod_3/hier_top_mod_2/hier_top_mod_1/hier_top_mod_0_1/hier_mod_1/mid_hier14__363;hier_top_mod_5/hier_top_mod_4/hier_top_mod_3/hier_top_mod_2/hier_top_mod_1/hier_top_mod_0_1/hier_mod_1/mid14__36;hier_top_mod_5/hier_top_mod_4/hier_top_mod_3/hier_top_mod_2/hier_top_mod_1/hier_top_mod_0_1/hier_mod_1/mid_hier14__33
hier_top_mod_5/hier_top_mod_4/hier_top_mod_3/hier_top_mod_2/hier_top_mod_1/hier_top_mod_0_1/hier_mod_1/merged_352,2,SNPSHOPT25_FSDN2_V2_0P5,SNPSROPT25_FSDN_V2_2,SNPSROPT25_FSDN_V2_2;SNPSHOPT25_FSDN_V2_1,SNPSROPT25_FSDN_V2_2:1;SNPSHOPT25_FSDN_V2_1:1,0.000685;0.000717,0.001401,0.001667,-0.000266,hier_top_mod_5/hier_top_mod_4/hier_top_mod_3/hier_top_mod_2/hier_top_mod_1/hier_top_mod_0_1/hier_mod_1/mid14__454;hier_top_mod_5/hier_top_mod_4/hier_top_mod_3/hier_top_mod_2/hier_top_mod_1/hier_top_mod_0_1/hier_mod_1/mid14__498
hier_top_mod_5/hier_top_mod_4/hier_top_mod_3/hier_top_mod_2/hier_top_mod_1/hier_top_mod_0_1/hier_mod_1/merged_353,2,SNPSHOPT25_FSDN2_V2_0P5,SNPSHOPT25_FSDN_V2_1,SNPSHOPT25_FSDN_V2_1;SNPSLOPT25_FSDN_V2_4,SNPSHOPT25_FSDN_V2_1:1;SNPSLOPT25_FSDN_V2_4:1,0.000717;0.000743,0.001460,0.001667,-0.000207,hier_top_mod_5/hier_top_mod_4/hier_top_mod_3/hier_top_mod_2/hier_top_mod_1/hier_top_mod_0_1/hier_mod_1/mid10__247;hier_top_mod_5/hier_top_mod_4/hier_top_mod_3/hier_top_mod_2/hier_top_mod_1/hier_top_mod_0_1/hier_mod_1/mid10__63
hier_top_mod_5/hier_top_mod_4/hier_top_mod_3/hier_top_mod_2/hier_top_mod_1/hier_top_mod_0_1/hier_mod_5/merged_354,4,SNPSHOPT25_FSDN4_V2_0P5,SNPSROPT25_FSDNQ_V3_1,SNPSROPT25_FSDNQ_V3_1;SNPSLOPT25_FSDN_V2_1;SNPSHOPT25_FSDN_V2_1;SNPSLOPT25_FSDNQ_V3_2,SNPSROPT25_FSDNQ_V3_1:1;SNPSLOPT25_FSDN_V2_1:1;SNPSHOPT25_FSDN_V2_1:1;SNPSLOPT25_FSDNQ_V3_2:1,0.001007;0.000748;0.000717;0.000982,0.003453,0.003615,-0.000162,hier_top_mod_5/hier_top_mod_4/hier_top_mod_3/hier_top_mod_2/hier_top_mod_1/hier_top_mod_0_1/hier_mod_5/foo15__211;hier_top_mod_5/hier_top_mod_4/hier_top_mod_3/hier_top_mod_2/hier_top_mod_1/hier_top_mod_0_1/hier_mod_5/foo15__364;hier_top_mod_5/hier_top_mod_4/hier_top_mod_3/hier_top_mod_2/hier_top_mod_1/hier_top_mod_0_1/hier_mod_5/foo15__469;hier_top_mod_5/hier_top_mod_4/hier_top_mod_3/hier_top_mod_2/hier_top_mod_1/hier_top_mod_0_1/hier_mod_5/foo15__314
hier_top_mod_5/hier_top_mod_4/hier_top_mod_3/hier_top_mod_2/hier_top_mod_1/hier_top_mod_0_1/hier_mod_1/merged_355,4,SNPSHOPT25_FSDN4_V2_0P5,SNPSHOPT25_FSDN_V2_1,SNPSHOPT25_FSDNQ_V3_1;SNPSHOPT25_FSDN_V2_1;SNPSSLOPT25_FSDNQ_V3_4,SNPSHOPT25_FSDNQ_V3_1:1;SNPSHOPT25_FSDN_V2_1:1;SNPSSLOPT25_FSDNQ_V3_4:2,0.000717;0.000941;0.000941;0.001014,0.003613,0.003615,-0.000002,hier_top_mod_5/hier_top_mod_4/hier_top_mod_3/hier_top_mod_2/hier_top_mod_1/hier_top_mod_0_1/hier_mod_1/foo16__208;hier_top_mod_5/hier_top_mod_4/hier_top_mod_3/hier_top_mod_2/hier_top_mod_1/hier_top_mod_0_1/hier_mod_1/foo16__66;hier_top_mod_5/hier_top_mod_4/hier_top_mod_3/hier_top_mod_2/hier_top_mod_1/hier_top_mod_0_1/hier_mod_1/foo16__525;hier_top_mod_5/hier_top_mod_4/hier_top_mod_3/hier_top_mod_2/hier_top_mod_1/hier_top_mod_0_1/hier_mod_1/foo16__421
hier_top_mod_5/hier_top_mod_4/hier_top_mod_3/hier_top_mod_2/hier_top_mod_0_0/hier_mod_3/merged_356,4,SNPSHOPT25_FSDN4_V2_0P5,SNPSHOPT25_FSDN_V2_1,SNPSHOPT25_FSDNQ_V3_1;SNPSHOPT25_FSDN_V2_1;SNPSHOPT25_FSDNQ_V3_2;SNPSSLOPT25_FSDN_V2_2,SNPSHOPT25_FSDNQ_V3_1:1;SNPSHOPT25_FSDN_V2_1:1;SNPSHOPT25_FSDNQ_V3_2:1;SNPSSLOPT25_FSDN_V2_2:1,0.000717;0.000946;0.001014;0.000691,0.003368,0.003615,-0.000247,hier_top_mod_5/hier_top_mod_4/hier_top_mod_3/hier_top_mod_2/hier_top_mod_0_0/hier_mod_3/mid16__256;hier_top_mod_5/hier_top_mod_4/hier_top_mod_3/hier_top_mod_2/hier_top_mod_0_0/hier_mod_3/mid16__578;hier_top_mod_5/hier_top_mod_4/hier_top_mod_3/hier_top_mod_2/hier_top_mod_0_0/hier_mod_3/mid16__118;hier_top_mod_5/hier_top_mod_4/hier_top_mod_3/hier_top_mod_2/hier_top_mod_0_0/hier_mod_3/mid16__164
hier_top_mod_5/hier_top_mod_4/hier_top_mod_3/hier_top_mod_0_2/hier_mod_2/merged_357,2,SNPSHOPT25_FSDN2_V2_0P5,SNPSHOPT25_FSDN_V2_1,SNPSHOPT25_FSDNQ_V3_1;SNPSHOPT25_FSDN_V2_1,SNPSHOPT25_FSDNQ_V3_1:1;SNPSHOPT25_FSDN_V2_1:1,0.000717;0.001014,0.001731,0.001667,0.000064,hier_top_mod_5/hier_top_mod_4/hier_top_mod_3/hier_top_mod_0_2/hier_mod_2/foo16__559;hier_top_mod_5/hier_top_mod_4/hier_top_mod_3/hier_top_mod_0_2/hier_mod_2/mid16__523
hier_top_mod_5/hier_top_mod_4/hier_top_mod_3/hier_top_mod_2/hier_top_mod_0_0/hier_mod_0/merged_358,4,SNPSHOPT25_FSDN4_V2_0P5,SNPSHOPT25_FSDN_V2_1,SNPSHOPT25_FSDN_V2_1;SNPSLOPT25_FSDN_V2_4;SNPSSLOPT25_FSDN_V2_2;SNPSLOPT25_FSDNQ_V3_2,SNPSHOPT25_FSDN_V2_1:1;SNPSLOPT25_FSDN_V2_4:1;SNPSSLOPT25_FSDN_V2_2:1;SNPSLOPT25_FSDNQ_V3_2:1,0.000717;0.000743;0.000691;0.000982,0.003133,0.003615,-0.000482,hier_top_mod_5/hier_top_mod_4/hier_top_mod_3/hier_top_mod_2/hier_top_mod_0_0/hier_mod_0/mid16__553;hier_top_mod_5/hier_top_mod_4/hier_top_mod_3/hier_top_mod_2/hier_top_mod_0_0/hier_mod_0/mid16__288;hier_top_mod_5/hier_top_mod_4/hier_top_mod_3/hier_top_mod_2/hier_top_mod_0_0/hier_mod_0/mid16__515;hier_top_mod_5/hier_top_mod_4/hier_top_mod_3/hier_top_mod_2/hier_top_mod_0_0/hier_mod_0/mid16__74
hier_top_mod_5/hier_top_mod_4/hier_top_mod_3/hier_top_mod_2/hier_top_mod_1/hier_mod_6/merged_359,4,SNPSHOPT25_FSDN4_V2_0P5,SNPSROPT25_FSDNQ_V3_1,SNPSROPT25_FSDNQ_V3_1;SNPSLOPT25_FSDN_V2_4;SNPSSLOPT25_FSDNQ_V3_4;SNPSHOPT25_FSDN_V2_1,SNPSROPT25_FSDNQ_V3_1:1;SNPSLOPT25_FSDN_V2_4:1;SNPSSLOPT25_FSDNQ_V3_4:1;SNPSHOPT25_FSDN_V2_1:1,0.001007;0.000743;0.000941;0.000717,0.003408,0.003615,-0.000207,hier_top_mod_5/hier_top_mod_4/hier_top_mod_3/hier_top_mod_2/hier_top_mod_1/hier_mod_6/mid16__25;hier_top_mod_5/hier_top_mod_4/hier_top_mod_3/hier_top_mod_2/hier_top_mod_1/hier_mod_6/mid16__261;hier_top_mod_5/hier_top_mod_4/hier_top_mod_3/hier_top_mod_2/hier_top_mod_1/hier_mod_6/mid16__492;hier_top_mod_5/hier_top_mod_4/hier_top_mod_3/hier_top_mod_2/hier_top_mod_1/hier_mod_6/mid16__445
hier_top_mod_5/hier_top_mod_4/hier_top_mod_3/hier_top_mod_2/hier_top_mod_0_0/hier_mod_0/merged_360,2,SNPSHOPT25_FSDN2_V2_0P5,SNPSSLOPT25_FSDNQ_V3_2,SNPSHOPT25_FSDN_V2_1;SNPSSLOPT25_FSDNQ_V3_2,SNPSHOPT25_FSDN_V2_1:1;SNPSSLOPT25_FSDNQ_V3_2:1,0.000942;0.000717,0.001659,0.001667,-0.000008,hier_top_mod_5/hier_top_mod_4/hier_top_mod_3/hier_top_mod_2/hier_top_mod_0_0/hier_mod_0/mid9__140;hier_top_mod_5/hier_top_mod_4/hier_top_mod_3/hier_top_mod_2/hier_top_mod_0_0/hier_mod_0/mid9__67
hier_top_mod_5/hier_top_mod_4/hier_top_mod_3/hier_top_mod_2/hier_top_mod_1/hier_top_mod_0_1/hier_mod_5/merged_361,2,SNPSHOPT25_FSDN2_V2_0P5,SNPSHOPT25_FSDN_V2_1,SNPSHOPT25_FSDN_V2_1;SNPSSLOPT25_FSDN_V2_1,SNPSHOPT25_FSDN_V2_1:1;SNPSSLOPT25_FSDN_V2_1:1,0.000717;0.000718,0.001435,0.001667,-0.000232,hier_top_mod_5/hier_top_mod_4/hier_top_mod_3/hier_top_mod_2/hier_top_mod_1/hier_top_mod_0_1/hier_mod_5/mid2__238;hier_top_mod_5/hier_top_mod_4/hier_top_mod_3/hier_top_mod_2/hier_top_mod_1/hier_top_mod_0_1/hier_mod_5/bar2__142
hier_top_mod_5/hier_top_mod_4/hier_top_mod_3/hier_top_mod_2/hier_top_mod_1/merged_362,2,SNPSHOPT25_FSDN2_V2_0P5,SNPSHOPT25_FSDN_V2_1,SNPSHOPT25_FSDN_V2_1;SNPSROPT25_FSDNQ_V3_1,SNPSHOPT25_FSDN_V2_1:1;SNPSROPT25_FSDNQ_V3_1:1,0.000717;0.001007,0.001724,0.001667,0.000057,hier_top_mod_5/hier_top_mod_4/hier_top_mod_3/hier_top_mod_2/hier_top_mod_1/bar3__253;hier_top_mod_5/hier_top_mod_4/hier_top_mod_3/hier_top_mod_2/hier_top_mod_1/bar3__157
hier_top_mod_5/hier_top_mod_4/hier_top_mod_3/hier_top_mod_2/hier_top_mod_1/hier_top_mod_0_1/hier_mod_1/merged_363,2,SNPSHOPT25_FSDN2_V2_0P5,SNPSLOPT25_FSDNQ_V3_4,SNPSLOPT25_FSDNQ_V3_4;SNPSHOPT25_FSDN_V2_1,SNPSLOPT25_FSDNQ_V3_4:1;SNPSHOPT25_FSDN_V2_1:1,0.000982;0.000717,0.001699,0.001667,0.000032,hier_top_mod_5/hier_top_mod_4/hier_top_mod_3/hier_top_mod_2/hier_top_mod_1/hier_top_mod_0_1/hier_mod_1/bar3__72;hier_top_mod_5/hier_top_mod_4/hier_top_mod_3/hier_top_mod_2/hier_top_mod_1/hier_top_mod_0_1/hier_mod_1/mid3__283
hier_top_mod_5/hier_top_mod_4/hier_top_mod_3/hier_top_mod_2/hier_top_mod_0_0/hier_mod_3/merged_364,2,SNPSHOPT25_FSDN2_V2_0P5,SNPSHOPT25_FSDN_V2_2,SNPSHOPT25_FSDN_V2_2;SNPSHOPT25_FSDN_V2_1,SNPSHOPT25_FSDN_V2_2:1;SNPSHOPT25_FSDN_V2_1:1,0.000690;0.000717,0.001406,0.001667,-0.000261,hier_top_mod_5/hier_top_mod_4/hier_top_mod_3/hier_top_mod_2/hier_top_mod_0_0/hier_mod_3/foo3__152;hier_top_mod_5/hier_top_mod_4/hier_top_mod_3/hier_top_mod_2/hier_top_mod_0_0/hier_mod_3/foo3__178
hier_top_mod_5/hier_top_mod_4/hier_top_mod_3/hier_top_mod_2/hier_top_mod_1/hier_top_mod_0_1/hier_mod_1/merged_365,2,SNPSHOPT25_FSDN2_V2_0P5,SNPSHOPT25_FSDN_V2_1,SNPSHOPT25_FSDN_V2_1;SNPSSLOPT25_FSDNQ_V3_1,SNPSHOPT25_FSDN_V2_1:1;SNPSSLOPT25_FSDNQ_V3_1:1,0.000717;0.001011,0.001728,0.001667,0.000061,hier_top_mod_5/hier_top_mod_4/hier_top_mod_3/hier_top_mod_2/hier_top_mod_1/hier_top_mod_0_1/hier_mod_1/foo3__286;hier_top_mod_5/hier_top_mod_4/hier_top_mod_3/hier_top_mod_2/hier_top_mod_1/hier_top_mod_0_1/hier_mod_1/foo3__115
hier_top_mod_5/hier_top_mod_4/hier_top_mod_3/hier_top_mod_2/hier_top_mod_0_0/hier_mod_0/merged_366,2,SNPSHOPT25_FSDN2_V2_0P5,SNPSLOPT25_FSDNQ_V3_4,SNPSLOPT25_FSDNQ_V3_4;SNPSHOPT25_FSDN_V2_1,SNPSLOPT25_FSDNQ_V3_4:1;SNPSHOPT25_FSDN_V2_1:1,0.000982;0.000717,0.001699,0.001667,0.000032,hier_top_mod_5/hier_top_mod_4/hier_top_mod_3/hier_top_mod_2/hier_top_mod_0_0/hier_mod_0/bar4__225;hier_top_mod_5/hier_top_mod_4/hier_top_mod_3/hier_top_mod_2/hier_top_mod_0_0/hier_mod_0/bar4__82
hier_top_mod_5/hier_top_mod_4/hier_top_mod_3/hier_top_mod_2/hier_top_mod_0_0/hier_mod_3/merged_367,4,SNPSHOPT25_FSDN4_V2_0P5,SNPSLOPT25_FSDN_V2_4,SNPSLOPT25_FSDN_V2_4;SNPSROPT25_FSDN_V2_4;SNPSHOPT25_FSDN_V2_1;SNPSHOPT25_FSDN_V2_4,SNPSLOPT25_FSDN_V2_4:1;SNPSROPT25_FSDN_V2_4:1;SNPSHOPT25_FSDN_V2_1:1;SNPSHOPT25_FSDN_V2_4:1,0.000743;0.000706;0.000717;0.000712,0.002878,0.003615,-0.000737,hier_top_mod_5/hier_top_mod_4/hier_top_mod_3/hier_top_mod_2/hier_top_mod_0_0/hier_mod_3/foo6__129;hier_top_mod_5/hier_top_mod_4/hier_top_mod_3/hier_top_mod_2/hier_top_mod_0_0/hier_mod_3/foo6__297;hier_top_mod_5/hier_top_mod_4/hier_top_mod_3/hier_top_mod_2/hier_top_mod_0_0/hier_mod_3/foo6__16;hier_top_mod_5/hier_top_mod_4/hier_top_mod_3/hier_top_mod_2/hier_top_mod_0_0/hier_mod_3/foo6__180
hier_top_mod_5/hier_top_mod_4/hier_top_mod_3/hier_top_mod_2/hier_top_mod_0_0/hier_mod_0/merged_368,2,SNPSHOPT25_FSDN2_V2_0P5,SNPSHOPT25_FSDN_V2_1,SNPSHOPT25_FSDN_V2_1;SNPSLOPT25_FSDNQ_V3_4,SNPSHOPT25_FSDN_V2_1:1;SNPSLOPT25_FSDNQ_V3_4:1,0.000717;0.000982,0.001699,0.001667,0.000032,hier_top_mod_5/hier_top_mod_4/hier_top_mod_3/hier_top_mod_2/hier_top_mod_0_0/hier_mod_0/bar6__226;hier_top_mod_5/hier_top_mod_4/hier_top_mod_3/hier_top_mod_2/hier_top_mod_0_0/hier_mod_0/foo6__78
hier_top_mod_5/hier_top_mod_4/hier_top_mod_3/hier_top_mod_2/hier_top_mod_0_0/hier_mod_0/merged_369,2,SNPSHOPT25_FSDN2_V2_0P5,SNPSHOPT25_FSDN_V2_1,SNPSHOPT25_FSDN_V2_1;SNPSROPT25_FSDN_V2_4,SNPSHOPT25_FSDN_V2_1:1;SNPSROPT25_FSDN_V2_4:1,0.000717;0.000706,0.001423,0.001667,-0.000244,hier_top_mod_5/hier_top_mod_4/hier_top_mod_3/hier_top_mod_2/hier_top_mod_0_0/hier_mod_0/foo6__70;hier_top_mod_5/hier_top_mod_4/hier_top_mod_3/hier_top_mod_2/hier_top_mod_0_0/hier_mod_0/foo6__270
hier_top_mod_5/hier_top_mod_4/hier_top_mod_3/hier_top_mod_2/hier_top_mod_1/hier_top_mod_0_1/hier_mod_5/merged_370,2,SNPSHOPT25_FSDN2_V2_0P5,SNPSHOPT25_FSDN_V2_1,SNPSHOPT25_FSDN_V2_1;SNPSLOPT25_FSDNQ_V3_2,SNPSHOPT25_FSDN_V2_1:1;SNPSLOPT25_FSDNQ_V3_2:1,0.000717;0.000982,0.001698,0.001667,0.000031,hier_top_mod_5/hier_top_mod_4/hier_top_mod_3/hier_top_mod_2/hier_top_mod_1/hier_top_mod_0_1/hier_mod_5/foo6__178;hier_top_mod_5/hier_top_mod_4/hier_top_mod_3/hier_top_mod_2/hier_top_mod_1/hier_top_mod_0_1/hier_mod_5/foo6__185
hier_top_mod_5/hier_top_mod_4/hier_top_mod_3/hier_top_mod_2/hier_top_mod_1/hier_top_mod_0_1/hier_mod_5/merged_371,4,SNPSHOPT25_FSDN4_V2_0P5,SNPSHOPT25_FSDN_V2_1,SNPSHOPT25_FSDN_V2_1;SNPSSLOPT25_FSDNQ_V3_1;SNPSSLOPT25_FSDN_V2_1,SNPSHOPT25_FSDN_V2_1:1;SNPSSLOPT25_FSDNQ_V3_1:1;SNPSSLOPT25_FSDN_V2_1:2,0.000717;0.001011;0.000718;0.000718,0.003164,0.003615,-0.000451,hier_top_mod_5/hier_top_mod_4/hier_top_mod_3/hier_top_mod_2/hier_top_mod_1/hier_top_mod_0_1/hier_mod_5/foo7__115;hier_top_mod_5/hier_top_mod_4/hier_top_mod_3/hier_top_mod_2/hier_top_mod_1/hier_top_mod_0_1/hier_mod_5/foo7__187;hier_top_mod_5/hier_top_mod_4/hier_top_mod_3/hier_top_mod_2/hier_top_mod_1/hier_top_mod_0_1/hier_mod_5/foo7__157;hier_top_mod_5/hier_top_mod_4/hier_top_mod_3/hier_top_mod_2/hier_top_mod_1/hier_top_mod_0_1/hier_mod_5/foo7__238
hier_top_mod_5/hier_top_mod_4/hier_top_mod_3/hier_top_mod_2/hier_top_mod_0_0/hier_mod_0/merged_372,2,SNPSHOPT25_FSDN2_V2_0P5,SNPSHOPT25_FSDN_V2_1,SNPSSLOPT25_FSDNQ_V3_2;SNPSHOPT25_FSDN_V2_1,SNPSSLOPT25_FSDNQ_V3_2:1;SNPSHOPT25_FSDN_V2_1:1,0.000717;0.000942,0.001659,0.001667,-0.000008,hier_top_mod_5/hier_top_mod_4/hier_top_mod_3/hier_top_mod_2/hier_top_mod_0_0/hier_mod_0/foo2__268;hier_top_mod_5/hier_top_mod_4/hier_top_mod_3/hier_top_mod_2/hier_top_mod_0_0/hier_mod_0/foo2__206
hier_top_mod_5/hier_top_mod_4/hier_top_mod_3/hier_top_mod_0_2/hier_mod_4/merged_373,2,SNPSHOPT25_FSDN2_V2_0P5,SNPSHOPT25_FSDN_V2_1,SNPSHOPT25_FSDN_V2_1;SNPSLOPT25_FSDN_V2_1,SNPSHOPT25_FSDN_V2_1:1;SNPSLOPT25_FSDN_V2_1:1,0.000717;0.000748,0.001464,0.001667,-0.000203,hier_top_mod_5/hier_top_mod_4/hier_top_mod_3/hier_top_mod_0_2/hier_mod_4/foo14__99;hier_top_mod_5/hier_top_mod_4/hier_top_mod_3/hier_top_mod_0_2/hier_mod_4/foo14__399
hier_top_mod_5/hier_top_mod_4/hier_top_mod_3/hier_top_mod_2/hier_top_mod_1/hier_mod_6/merged_374,2,SNPSHOPT25_FSDN2_V2_0P5,SNPSHOPT25_FSDN_V2_1,SNPSSLOPT25_FSDNQ_V3_2;SNPSHOPT25_FSDN_V2_1,SNPSSLOPT25_FSDNQ_V3_2:1;SNPSHOPT25_FSDN_V2_1:1,0.000717;0.000942,0.001659,0.001667,-0.000008,hier_top_mod_5/hier_top_mod_4/hier_top_mod_3/hier_top_mod_2/hier_top_mod_1/hier_mod_6/mid9__202;hier_top_mod_5/hier_top_mod_4/hier_top_mod_3/hier_top_mod_2/hier_top_mod_1/hier_mod_6/foo9__8
hier_top_mod_5/hier_top_mod_4/hier_top_mod_3/hier_top_mod_2/hier_top_mod_0_0/hier_mod_0/merged_375,2,SNPSHOPT25_FSDN2_V2_0P5,SNPSLOPT25_FSDN_V2_1,SNPSLOPT25_FSDN_V2_1;SNPSHOPT25_FSDN_V2_1,SNPSLOPT25_FSDN_V2_1:1;SNPSHOPT25_FSDN_V2_1:1,0.000748;0.000717,0.001464,0.001667,-0.000203,hier_top_mod_5/hier_top_mod_4/hier_top_mod_3/hier_top_mod_2/hier_top_mod_0_0/hier_mod_0/mid_hier10__4;hier_top_mod_5/hier_top_mod_4/hier_top_mod_3/hier_top_mod_2/hier_top_mod_0_0/hier_mod_0/mid_hier10__190
hier_top_mod_5/hier_top_mod_4/hier_top_mod_3/hier_top_mod_2/hier_top_mod_1/hier_mod_6/merged_376,2,SNPSHOPT25_FSDN2_V2_0P5,SNPSSLOPT25_FSDNQ_V3_2,SNPSHOPT25_FSDN_V2_1;SNPSSLOPT25_FSDNQ_V3_2,SNPSHOPT25_FSDN_V2_1:1;SNPSSLOPT25_FSDNQ_V3_2:1,0.000942;0.000717,0.001659,0.001667,-0.000008,hier_top_mod_5/hier_top_mod_4/hier_top_mod_3/hier_top_mod_2/hier_top_mod_1/hier_mod_6/mid12__208;hier_top_mod_5/hier_top_mod_4/hier_top_mod_3/hier_top_mod_2/hier_top_mod_1/hier_mod_6/mid12__81
hier_top_mod_5/hier_top_mod_4/hier_top_mod_3/hier_top_mod_0_2/hier_mod_2/merged_377,2,SNPSHOPT25_FSDN2_V2_0P5,SNPSSLOPT25_FSDN_V2_2,SNPSSLOPT25_FSDN_V2_2;SNPSHOPT25_FSDN_V2_1,SNPSSLOPT25_FSDN_V2_2:1;SNPSHOPT25_FSDN_V2_1:1,0.000691;0.000717,0.001408,0.001667,-0.000259,hier_top_mod_5/hier_top_mod_4/hier_top_mod_3/hier_top_mod_0_2/hier_mod_2/mid12__421;hier_top_mod_5/hier_top_mod_4/hier_top_mod_3/hier_top_mod_0_2/hier_mod_2/mid12__405
hier_top_mod_5/hier_top_mod_4/hier_top_mod_3/hier_top_mod_0_2/hier_mod_4/merged_378,2,SNPSHOPT25_FSDN2_V2_0P5,SNPSHOPT25_FSDN_V2_2,SNPSHOPT25_FSDN_V2_2;SNPSHOPT25_FSDN_V2_1,SNPSHOPT25_FSDN_V2_2:1;SNPSHOPT25_FSDN_V2_1:1,0.000690;0.000717,0.001406,0.001667,-0.000261,hier_top_mod_5/hier_top_mod_4/hier_top_mod_3/hier_top_mod_0_2/hier_mod_4/mid_hier13__501;hier_top_mod_5/hier_top_mod_4/hier_top_mod_3/hier_top_mod_0_2/hier_mod_4/foo12
hier_top_mod_5/hier_top_mod_4/hier_top_mod_3/hier_top_mod_0_2/hier_mod_4/merged_379,2,SNPSHOPT25_FSDN2_V2_0P5,SNPSHOPT25_FSDNQ_V3_4,SNPSHOPT25_FSDNQ_V3_4;SNPSHOPT25_FSDN_V2_1,SNPSHOPT25_FSDNQ_V3_4:1;SNPSHOPT25_FSDN_V2_1:1,0.000945;0.000717,0.001661,0.001667,-0.000006,hier_top_mod_5/hier_top_mod_4/hier_top_mod_3/hier_top_mod_0_2/hier_mod_4/mid10__246;hier_top_mod_5/hier_top_mod_4/hier_top_mod_3/hier_top_mod_0_2/hier_mod_4/mid13__236
hier_top_mod_5/hier_top_mod_4/hier_top_mod_3/hier_top_mod_2/hier_top_mod_0_0/hier_mod_0/merged_380,4,SNPSHOPT25_FSDN4_V2_0P5,SNPSHOPT25_FSDNQ_V3_2,SNPSSLOPT25_FSDNQ_V3_1;SNPSHOPT25_FSDNQ_V3_2;SNPSROPT25_FSDNQ_V3_4;SNPSHOPT25_FSDN_V2_1,SNPSSLOPT25_FSDNQ_V3_1:1;SNPSHOPT25_FSDNQ_V3_2:1;SNPSROPT25_FSDNQ_V3_4:1;SNPSHOPT25_FSDN_V2_1:1,0.000946;0.000938;0.000717;0.001011,0.003612,0.003615,-0.000003,hier_top_mod_5/hier_top_mod_4/hier_top_mod_3/hier_top_mod_2/hier_top_mod_0_0/hier_mod_0/mid10__29;hier_top_mod_5/hier_top_mod_4/hier_top_mod_3/hier_top_mod_2/hier_top_mod_0_0/hier_mod_0/mid13__223;hier_top_mod_5/hier_top_mod_4/hier_top_mod_3/hier_top_mod_2/hier_top_mod_0_0/hier_mod_0/mid_hier13__419;hier_top_mod_5/hier_top_mod_4/hier_top_mod_3/hier_top_mod_2/hier_top_mod_0_0/hier_mod_0/mid10__76
hier_top_mod_5/hier_top_mod_4/hier_top_mod_3/hier_top_mod_2/hier_top_mod_1/hier_mod_6/merged_381,4,SNPSHOPT25_FSDN4_V2_0P5,SNPSHOPT25_FSDN_V2_1,SNPSSLOPT25_FSDNQ_V3_2;SNPSHOPT25_FSDN_V2_1;SNPSHOPT25_FSDN_V2_4;SNPSHOPT25_FSDNQ_V3_2,SNPSSLOPT25_FSDNQ_V3_2:1;SNPSHOPT25_FSDN_V2_1:1;SNPSHOPT25_FSDN_V2_4:1;SNPSHOPT25_FSDNQ_V3_2:1,0.000717;0.000712;0.000946;0.000942,0.003317,0.003615,-0.000298,hier_top_mod_5/hier_top_mod_4/hier_top_mod_3/hier_top_mod_2/hier_top_mod_1/hier_mod_6/mid_hier10__1;hier_top_mod_5/hier_top_mod_4/hier_top_mod_3/hier_top_mod_2/hier_top_mod_1/hier_mod_6/mid10__222;hier_top_mod_5/hier_top_mod_4/hier_top_mod_3/hier_top_mod_2/hier_top_mod_1/hier_mod_6/foo13__456;hier_top_mod_5/hier_top_mod_4/hier_top_mod_3/hier_top_mod_2/hier_top_mod_1/hier_mod_6/mid_hier10__128
hier_top_mod_5/hier_top_mod_4/hier_top_mod_3/hier_top_mod_2/hier_top_mod_1/hier_mod_6/merged_382,2,SNPSHOPT25_FSDN2_V2_0P5,SNPSHOPT25_FSDN_V2_1,SNPSHOPT25_FSDN_V2_1;SNPSHOPT25_FSDN_V2_4,SNPSHOPT25_FSDN_V2_1:1;SNPSHOPT25_FSDN_V2_4:1,0.000717;0.000712,0.001429,0.001667,-0.000238,hier_top_mod_5/hier_top_mod_4/hier_top_mod_3/hier_top_mod_2/hier_top_mod_1/hier_mod_6/mid13__425;hier_top_mod_5/hier_top_mod_4/hier_top_mod_3/hier_top_mod_2/hier_top_mod_1/hier_mod_6/bar13__280
hier_top_mod_5/hier_top_mod_4/hier_top_mod_3/hier_top_mod_2/hier_top_mod_0_0/hier_mod_3/merged_383,2,SNPSHOPT25_FSDN2_V2_0P5,SNPSSLOPT25_FSDNQ_V3_4,SNPSSLOPT25_FSDNQ_V3_4;SNPSHOPT25_FSDN_V2_1,SNPSSLOPT25_FSDNQ_V3_4:1;SNPSHOPT25_FSDN_V2_1:1,0.000941;0.000717,0.001658,0.001667,-0.000009,hier_top_mod_5/hier_top_mod_4/hier_top_mod_3/hier_top_mod_2/hier_top_mod_0_0/hier_mod_3/mid_hier13__493;hier_top_mod_5/hier_top_mod_4/hier_top_mod_3/hier_top_mod_2/hier_top_mod_0_0/hier_mod_3/mid13__452
hier_top_mod_5/hier_top_mod_4/hier_top_mod_3/hier_top_mod_0_2/hier_mod_4/merged_384,2,SNPSHOPT25_FSDN2_V2_0P5,SNPSLOPT25_FSDN_V2_2,SNPSLOPT25_FSDN_V2_2;SNPSHOPT25_FSDN_V2_1,SNPSLOPT25_FSDN_V2_2:1;SNPSHOPT25_FSDN_V2_1:1,0.000721;0.000717,0.001438,0.001667,-0.000229,hier_top_mod_5/hier_top_mod_4/hier_top_mod_3/hier_top_mod_0_2/hier_mod_4/mid12__328;hier_top_mod_5/hier_top_mod_4/hier_top_mod_3/hier_top_mod_0_2/hier_mod_4/foo13__188
hier_top_mod_5/hier_top_mod_4/hier_top_mod_3/hier_top_mod_2/hier_top_mod_0_0/hier_mod_3/merged_385,2,SNPSHOPT25_FSDN2_V2_0P5,SNPSLOPT25_FSDN_V2_2,SNPSLOPT25_FSDN_V2_2;SNPSHOPT25_FSDN_V2_1,SNPSLOPT25_FSDN_V2_2:1;SNPSHOPT25_FSDN_V2_1:1,0.000721;0.000717,0.001438,0.001667,-0.000229,hier_top_mod_5/hier_top_mod_4/hier_top_mod_3/hier_top_mod_2/hier_top_mod_0_0/hier_mod_3/mid14__394;hier_top_mod_5/hier_top_mod_4/hier_top_mod_3/hier_top_mod_2/hier_top_mod_0_0/hier_mod_3/foo14__153
hier_top_mod_5/hier_top_mod_4/hier_top_mod_3/hier_top_mod_2/hier_top_mod_1/hier_top_mod_0_1/hier_mod_5/merged_386,4,SNPSHOPT25_FSDN4_V2_0P5,SNPSLOPT25_FSDN_V2_2,SNPSLOPT25_FSDN_V2_2;SNPSSLOPT25_FSDN_V2_4;SNPSROPT25_FSDNQ_V3_1;SNPSHOPT25_FSDN_V2_1,SNPSLOPT25_FSDN_V2_2:1;SNPSSLOPT25_FSDN_V2_4:1;SNPSROPT25_FSDNQ_V3_1:1;SNPSHOPT25_FSDN_V2_1:1,0.000721;0.000714;0.001007;0.000717,0.003158,0.003615,-0.000457,hier_top_mod_5/hier_top_mod_4/hier_top_mod_3/hier_top_mod_2/hier_top_mod_1/hier_top_mod_0_1/hier_mod_5/mid14__286;hier_top_mod_5/hier_top_mod_4/hier_top_mod_3/hier_top_mod_2/hier_top_mod_1/hier_top_mod_0_1/hier_mod_5/mid14__191;hier_top_mod_5/hier_top_mod_4/hier_top_mod_3/hier_top_mod_2/hier_top_mod_1/hier_top_mod_0_1/hier_mod_5/mid14__78;hier_top_mod_5/hier_top_mod_4/hier_top_mod_3/hier_top_mod_2/hier_top_mod_1/hier_top_mod_0_1/hier_mod_5/mid14__201
hier_top_mod_5/hier_top_mod_4/hier_top_mod_3/hier_top_mod_2/hier_top_mod_1/hier_top_mod_0_1/hier_mod_1/merged_387,2,SNPSHOPT25_FSDN2_V2_0P5,SNPSHOPT25_FSDN_V2_1,SNPSHOPT25_FSDN_V2_1;SNPSHOPT25_FSDN_V2_4,SNPSHOPT25_FSDN_V2_1:1;SNPSHOPT25_FSDN_V2_4:1,0.000717;0.000712,0.001429,0.001667,-0.000238,hier_top_mod_5/hier_top_mod_4/hier_top_mod_3/hier_top_mod_2/hier_top_mod_1/hier_top_mod_0_1/hier_mod_1/mid7__31;hier_top_mod_5/hier_top_mod_4/hier_top_mod_3/hier_top_mod_2/hier_top_mod_1/hier_top_mod_0_1/hier_mod_1/mid7__276
hier_top_mod_5/hier_top_mod_4/hier_top_mod_3/hier_top_mod_2/hier_top_mod_1/hier_mod_6/merged_388,2,SNPSHOPT25_FSDN2_V2_0P5,SNPSHOPT25_FSDNQ_V3_4,SNPSHOPT25_FSDNQ_V3_4;SNPSHOPT25_FSDN_V2_1,SNPSHOPT25_FSDNQ_V3_4:1;SNPSHOPT25_FSDN_V2_1:1,0.000945;0.000717,0.001661,0.001667,-0.000006,hier_top_mod_5/hier_top_mod_4/hier_top_mod_3/hier_top_mod_2/hier_top_mod_1/hier_mod_6/bar7__297;hier_top_mod_5/hier_top_mod_4/hier_top_mod_3/hier_top_mod_2/hier_top_mod_1/hier_mod_6/bar7__55
hier_top_mod_5/hier_top_mod_4/hier_top_mod_3/hier_top_mod_2/hier_top_mod_1/hier_mod_6/merged_389,2,SNPSHOPT25_FSDN2_V2_0P5,SNPSHOPT25_FSDN_V2_1,SNPSHOPT25_FSDN_V2_1;SNPSSLOPT25_FSDN_V2_1,SNPSHOPT25_FSDN_V2_1:1;SNPSSLOPT25_FSDN_V2_1:1,0.000717;0.000718,0.001435,0.001667,-0.000232,hier_top_mod_5/hier_top_mod_4/hier_top_mod_3/hier_top_mod_2/hier_top_mod_1/hier_mod_6/mid4__193;hier_top_mod_5/hier_top_mod_4/hier_top_mod_3/hier_top_mod_2/hier_top_mod_1/hier_mod_6/bar4__259
hier_top_mod_5/hier_top_mod_4/hier_top_mod_3/hier_top_mod_2/hier_top_mod_1/hier_mod_6/merged_390,2,SNPSHOPT25_FSDN2_V2_0P5,SNPSHOPT25_FSDN_V2_1,SNPSHOPT25_FSDN_V2_1;SNPSLOPT25_FSDN_V2_4,SNPSHOPT25_FSDN_V2_1:1;SNPSLOPT25_FSDN_V2_4:1,0.000717;0.000743,0.001460,0.001667,-0.000207,hier_top_mod_5/hier_top_mod_4/hier_top_mod_3/hier_top_mod_2/hier_top_mod_1/hier_mod_6/bar1__298;hier_top_mod_5/hier_top_mod_4/hier_top_mod_3/hier_top_mod_2/hier_top_mod_1/hier_mod_6/bar1__249
hier_top_mod_5/hier_top_mod_4/hier_top_mod_3/hier_top_mod_0_2/hier_mod_4/merged_391,2,SNPSHOPT25_FSDN2_V2_0P5,SNPSHOPT25_FSDN_V2_1,SNPSHOPT25_FSDN_V2_1;SNPSROPT25_FSDN_V2_2,SNPSHOPT25_FSDN_V2_1:1;SNPSROPT25_FSDN_V2_2:1,0.000717;0.000685,0.001401,0.001667,-0.000266,hier_top_mod_5/hier_top_mod_4/hier_top_mod_3/hier_top_mod_0_2/hier_mod_4/bar6__280;hier_top_mod_5/hier_top_mod_4/hier_top_mod_3/hier_top_mod_0_2/hier_mod_4/bar6__101
hier_top_mod_5/hier_top_mod_4/hier_top_mod_3/hier_top_mod_2/hier_top_mod_1/hier_mod_6/merged_392,2,SNPSHOPT25_FSDN2_V2_0P5,SNPSHOPT25_FSDN_V2_4,SNPSHOPT25_FSDN_V2_4;SNPSHOPT25_FSDN_V2_1,SNPSHOPT25_FSDN_V2_4:1;SNPSHOPT25_FSDN_V2_1:1,0.000712;0.000717,0.001429,0.001667,-0.000238,hier_top_mod_5/hier_top_mod_4/hier_top_mod_3/hier_top_mod_2/hier_top_mod_1/hier_mod_6/mid1__60;hier_top_mod_5/hier_top_mod_4/hier_top_mod_3/hier_top_mod_2/hier_top_mod_1/hier_mod_6/mid1__193
hier_top_mod_5/hier_top_mod_4/hier_top_mod_3/hier_top_mod_2/hier_top_mod_0_0/hier_mod_3/merged_393,2,SNPSHOPT25_FSDN2_V2_0P5,SNPSSLOPT25_FSDNQ_V3_4,SNPSSLOPT25_FSDNQ_V3_4;SNPSHOPT25_FSDN_V2_1,SNPSSLOPT25_FSDNQ_V3_4:1;SNPSHOPT25_FSDN_V2_1:1,0.000941;0.000717,0.001658,0.001667,-0.000009,hier_top_mod_5/hier_top_mod_4/hier_top_mod_3/hier_top_mod_2/hier_top_mod_0_0/hier_mod_3/mid5__150;hier_top_mod_5/hier_top_mod_4/hier_top_mod_3/hier_top_mod_2/hier_top_mod_0_0/hier_mod_3/mid5__76
hier_top_mod_5/hier_top_mod_4/hier_top_mod_3/hier_top_mod_2/hier_top_mod_1/hier_mod_6/merged_394,2,SNPSHOPT25_FSDN2_V2_0P5,SNPSLOPT25_FSDN_V2_2,SNPSLOPT25_FSDN_V2_2;SNPSHOPT25_FSDN_V2_1,SNPSLOPT25_FSDN_V2_2:1;SNPSHOPT25_FSDN_V2_1:1,0.000721;0.000717,0.001438,0.001667,-0.000229,hier_top_mod_5/hier_top_mod_4/hier_top_mod_3/hier_top_mod_2/hier_top_mod_1/hier_mod_6/foo3__290;hier_top_mod_5/hier_top_mod_4/hier_top_mod_3/hier_top_mod_2/hier_top_mod_1/hier_mod_6/foo3__43
hier_top_mod_5/hier_top_mod_4/hier_top_mod_3/hier_top_mod_0_2/hier_mod_4/merged_395,2,SNPSHOPT25_FSDN2_V2_0P5,SNPSHOPT25_FSDN_V2_1,SNPSHOPT25_FSDN_V2_1;SNPSLOPT25_FSDNQ_V3_1,SNPSHOPT25_FSDN_V2_1:1;SNPSLOPT25_FSDNQ_V3_1:1,0.000717;0.001048,0.001765,0.001667,0.000098,hier_top_mod_5/hier_top_mod_4/hier_top_mod_3/hier_top_mod_0_2/hier_mod_4/foo4__7;hier_top_mod_5/hier_top_mod_4/hier_top_mod_3/hier_top_mod_0_2/hier_mod_4/foo4__229
hier_top_mod_5/hier_top_mod_4/hier_top_mod_3/hier_top_mod_0_2/hier_mod_4/merged_396,2,SNPSHOPT25_FSDN2_V2_0P5,SNPSHOPT25_FSDN_V2_1,SNPSHOPT25_FSDN_V2_1;SNPSROPT25_FSDNQ_V3_4,SNPSHOPT25_FSDN_V2_1:1;SNPSROPT25_FSDNQ_V3_4:1,0.000717;0.000938,0.001655,0.001667,-0.000012,hier_top_mod_5/hier_top_mod_4/hier_top_mod_3/hier_top_mod_0_2/hier_mod_4/mid5__49;hier_top_mod_5/hier_top_mod_4/hier_top_mod_3/hier_top_mod_0_2/hier_mod_4/foo5__201
hier_top_mod_5/hier_top_mod_4/hier_top_mod_3/hier_top_mod_2/hier_top_mod_1/hier_top_mod_0_1/hier_mod_1/merged_397,4,SNPSHOPT25_FSDN4_V2_0P5,SNPSLOPT25_FSDN_V2_1,SNPSLOPT25_FSDNQ_V3_1;SNPSLOPT25_FSDN_V2_1;SNPSSLOPT25_FSDNQ_V3_2;SNPSHOPT25_FSDN_V2_1,SNPSLOPT25_FSDNQ_V3_1:1;SNPSLOPT25_FSDN_V2_1:1;SNPSSLOPT25_FSDNQ_V3_2:1;SNPSHOPT25_FSDN_V2_1:1,0.000748;0.000717;0.000942;0.001048,0.003454,0.003615,-0.000161,hier_top_mod_5/hier_top_mod_4/hier_top_mod_3/hier_top_mod_2/hier_top_mod_1/hier_top_mod_0_1/hier_mod_1/bar9__175;hier_top_mod_5/hier_top_mod_4/hier_top_mod_3/hier_top_mod_2/hier_top_mod_1/hier_top_mod_0_1/hier_mod_1/foo9__124;hier_top_mod_5/hier_top_mod_4/hier_top_mod_3/hier_top_mod_2/hier_top_mod_1/hier_top_mod_0_1/hier_mod_1/foo9__224;hier_top_mod_5/hier_top_mod_4/hier_top_mod_3/hier_top_mod_2/hier_top_mod_1/hier_top_mod_0_1/hier_mod_1/foo9__211
hier_top_mod_5/hier_top_mod_4/hier_top_mod_3/hier_top_mod_0_2/hier_mod_4/merged_398,2,SNPSHOPT25_FSDN2_V2_0P5,SNPSHOPT25_FSDN_V2_1,SNPSHOPT25_FSDN_V2_1;SNPSROPT25_FSDNQ_V3_4,SNPSHOPT25_FSDN_V2_1:1;SNPSROPT25_FSDNQ_V3_4:1,0.000717;0.000938,0.001655,0.001667,-0.000012,hier_top_mod_5/hier_top_mod_4/hier_top_mod_3/hier_top_mod_0_2/hier_mod_4/mid1__220;hier_top_mod_5/hier_top_mod_4/hier_top_mod_3/hier_top_mod_0_2/hier_mod_4/mid1__180
hier_top_mod_5/hier_top_mod_4/hier_top_mod_3/hier_top_mod_2/hier_top_mod_0_0/hier_mod_3/merged_399,2,SNPSHOPT25_FSDN2_V2_0P5,SNPSROPT25_FSDNQ_V3_2,SNPSROPT25_FSDNQ_V3_2;SNPSHOPT25_FSDN_V2_1,SNPSROPT25_FSDNQ_V3_2:1;SNPSHOPT25_FSDN_V2_1:1,0.000940;0.000717,0.001657,0.001667,-0.000010,hier_top_mod_5/hier_top_mod_4/hier_top_mod_3/hier_top_mod_2/hier_top_mod_0_0/hier_mod_3/bar5__194;hier_top_mod_5/hier_top_mod_4/hier_top_mod_3/hier_top_mod_2/hier_top_mod_0_0/hier_mod_3/mid6__202
hier_top_mod_5/hier_top_mod_4/hier_top_mod_3/hier_top_mod_0_2/hier_mod_4/merged_400,2,SNPSHOPT25_FSDN2_V2_0P5,SNPSROPT25_FSDNQ_V3_4,SNPSROPT25_FSDNQ_V3_4;SNPSHOPT25_FSDN_V2_1,SNPSROPT25_FSDNQ_V3_4:1;SNPSHOPT25_FSDN_V2_1:1,0.000938;0.000717,0.001655,0.001667,-0.000012,hier_top_mod_5/hier_top_mod_4/hier_top_mod_3/hier_top_mod_0_2/hier_mod_4/mid_hier14__398;hier_top_mod_5/hier_top_mod_4/hier_top_mod_3/hier_top_mod_0_2/hier_mod_4/mid_hier14__87
hier_top_mod_5/hier_top_mod_4/hier_top_mod_3/hier_top_mod_0_2/merged_401,2,SNPSHOPT25_FSDN2_V2_0P5,SNPSHOPT25_FSDN_V2_1,SNPSHOPT25_FSDN_V2_1;SNPSSLOPT25_FSDN_V2_1,SNPSHOPT25_FSDN_V2_1:1;SNPSSLOPT25_FSDN_V2_1:1,0.000717;0.000718,0.001435,0.001667,-0.000232,hier_top_mod_5/hier_top_mod_4/hier_top_mod_3/hier_top_mod_0_2/mid13__344;hier_top_mod_5/hier_top_mod_4/hier_top_mod_3/hier_top_mod_0_2/mid13__8
hier_top_mod_5/hier_top_mod_4/hier_top_mod_3/hier_top_mod_2/hier_top_mod_1/hier_top_mod_0_1/hier_mod_5/merged_402,2,SNPSHOPT25_FSDN2_V2_0P5,SNPSHOPT25_FSDN_V2_2,SNPSHOPT25_FSDN_V2_2;SNPSHOPT25_FSDN_V2_1,SNPSHOPT25_FSDN_V2_2:1;SNPSHOPT25_FSDN_V2_1:1,0.000690;0.000717,0.001406,0.001667,-0.000261,hier_top_mod_5/hier_top_mod_4/hier_top_mod_3/hier_top_mod_2/hier_top_mod_1/hier_top_mod_0_1/hier_mod_5/foo14__397;hier_top_mod_5/hier_top_mod_4/hier_top_mod_3/hier_top_mod_2/hier_top_mod_1/hier_top_mod_0_1/hier_mod_5/mid14__444
hier_top_mod_5/hier_top_mod_4/hier_top_mod_3/hier_top_mod_2/hier_top_mod_1/hier_top_mod_0_1/hier_mod_1/merged_403,2,SNPSHOPT25_FSDN2_V2_0P5,SNPSHOPT25_FSDN_V2_2,SNPSHOPT25_FSDN_V2_2;SNPSHOPT25_FSDN_V2_1,SNPSHOPT25_FSDN_V2_2:1;SNPSHOPT25_FSDN_V2_1:1,0.000690;0.000717,0.001406,0.001667,-0.000261,hier_top_mod_5/hier_top_mod_4/hier_top_mod_3/hier_top_mod_2/hier_top_mod_1/hier_top_mod_0_1/hier_mod_1/bar7__299;hier_top_mod_5/hier_top_mod_4/hier_top_mod_3/hier_top_mod_2/hier_top_mod_1/hier_top_mod_0_1/hier_mod_1/bar7__1
hier_top_mod_5/hier_top_mod_4/hier_top_mod_3/hier_top_mod_2/hier_top_mod_1/hier_mod_6/merged_404,4,SNPSHOPT25_FSDN4_V2_0P5,SNPSLOPT25_FSDN_V2_1,SNPSLOPT25_FSDN_V2_1;SNPSLOPT25_FSDNQ_V3_2;SNPSROPT25_FSDN_V2_1;SNPSHOPT25_FSDN_V2_1,SNPSLOPT25_FSDN_V2_1:1;SNPSLOPT25_FSDNQ_V3_2:1;SNPSROPT25_FSDN_V2_1:1;SNPSHOPT25_FSDN_V2_1:1,0.000748;0.000982;0.000711;0.000717,0.003157,0.003615,-0.000458,hier_top_mod_5/hier_top_mod_4/hier_top_mod_3/hier_top_mod_2/hier_top_mod_1/hier_mod_6/mid_hier14__171;hier_top_mod_5/hier_top_mod_4/hier_top_mod_3/hier_top_mod_2/hier_top_mod_1/hier_mod_6/mid14__262;hier_top_mod_5/hier_top_mod_4/hier_top_mod_3/hier_top_mod_2/hier_top_mod_1/hier_mod_6/mid14__264;hier_top_mod_5/hier_top_mod_4/hier_top_mod_3/hier_top_mod_2/hier_top_mod_1/hier_mod_6/mid_hier14__114
hier_top_mod_5/hier_top_mod_4/hier_top_mod_3/hier_top_mod_2/hier_top_mod_1/hier_top_mod_0_1/hier_mod_5/merged_405,2,SNPSHOPT25_FSDN2_V2_0P5,SNPSHOPT25_FSDN_V2_1,SNPSHOPT25_FSDNQ_V3_1;SNPSHOPT25_FSDN_V2_1,SNPSHOPT25_FSDNQ_V3_1:1;SNPSHOPT25_FSDN_V2_1:1,0.000717;0.001014,0.001731,0.001667,0.000064,hier_top_mod_5/hier_top_mod_4/hier_top_mod_3/hier_top_mod_2/hier_top_mod_1/hier_top_mod_0_1/hier_mod_5/bar11__277;hier_top_mod_5/hier_top_mod_4/hier_top_mod_3/hier_top_mod_2/hier_top_mod_1/hier_top_mod_0_1/hier_mod_5/bar11__490
hier_top_mod_5/hier_top_mod_4/hier_top_mod_3/hier_top_mod_2/hier_top_mod_1/hier_mod_6/merged_406,2,SNPSHOPT25_FSDN2_V2_0P5,SNPSHOPT25_FSDN_V2_1,SNPSHOPT25_FSDN_V2_1;SNPSSLOPT25_FSDNQ_V3_1,SNPSHOPT25_FSDN_V2_1:1;SNPSSLOPT25_FSDNQ_V3_1:1,0.000717;0.001011,0.001728,0.001667,0.000061,hier_top_mod_5/hier_top_mod_4/hier_top_mod_3/hier_top_mod_2/hier_top_mod_1/hier_mod_6/mid12__216;hier_top_mod_5/hier_top_mod_4/hier_top_mod_3/hier_top_mod_2/hier_top_mod_1/hier_mod_6/mid12__423
hier_top_mod_5/hier_top_mod_4/hier_top_mod_3/hier_top_mod_2/hier_top_mod_1/hier_top_mod_0_1/hier_mod_1/merged_407,2,SNPSHOPT25_FSDN2_V2_0P5,SNPSLOPT25_FSDNQ_V3_2,SNPSLOPT25_FSDNQ_V3_2;SNPSHOPT25_FSDN_V2_1,SNPSLOPT25_FSDNQ_V3_2:1;SNPSHOPT25_FSDN_V2_1:1,0.000982;0.000717,0.001698,0.001667,0.000031,hier_top_mod_5/hier_top_mod_4/hier_top_mod_3/hier_top_mod_2/hier_top_mod_1/hier_top_mod_0_1/hier_mod_1/bar11__68;hier_top_mod_5/hier_top_mod_4/hier_top_mod_3/hier_top_mod_2/hier_top_mod_1/hier_top_mod_0_1/hier_mod_1/bar9__91
hier_top_mod_5/hier_top_mod_4/hier_top_mod_3/hier_top_mod_2/hier_top_mod_1/hier_top_mod_0_1/hier_mod_1/merged_408,2,SNPSHOPT25_FSDN2_V2_0P5,SNPSLOPT25_FSDN_V2_4,SNPSLOPT25_FSDN_V2_4;SNPSHOPT25_FSDN_V2_1,SNPSLOPT25_FSDN_V2_4:1;SNPSHOPT25_FSDN_V2_1:1,0.000743;0.000717,0.001460,0.001667,-0.000207,hier_top_mod_5/hier_top_mod_4/hier_top_mod_3/hier_top_mod_2/hier_top_mod_1/hier_top_mod_0_1/hier_mod_1/mid12__437;hier_top_mod_5/hier_top_mod_4/hier_top_mod_3/hier_top_mod_2/hier_top_mod_1/hier_top_mod_0_1/hier_mod_1/bar12__291
